time_s,head_pos_x,head_pos_y,head_pos_z,head_rot_x,head_rot_y,head_rot_z,head_vel_x,head_vel_y,head_vel_z,head_speed,head_spin_deg_s,left_pos_x,left_pos_y,left_pos_z,left_rot_x,left_rot_y,left_rot_z,left_vel_x,left_vel_y,left_vel_z,left_speed,left_spin_deg_s,right_pos_x,right_pos_y,right_pos_z,right_rot_x,right_rot_y,right_rot_z,right_vel_x,right_vel_y,right_vel_z,right_speed,right_spin_deg_s
0,0,1.1176,0,0,0,0,0,0,0,0,0,0,1.1176,0,0,0,0,0,0,0,0,0,0,1.1176,0,0,0,0,0,0,0,0,0
0.02,0,0.15001,0,0,0,0,0,-27.94001,0,27.94001,0,0,0.15001,0,0,0,0,0,-27.94001,0,27.94001,0,0,0.15001,0,0,0,0,0,-27.94001,0,27.94001,0
0.07299,-0.40057,1.6879,-0.33104,359.3781,164.3555,359.175,-3.77946,0.89835,-3.12345,4.98471,1550.687,0,0.11206,0,0,0,0,0,-13.97001,0,13.97001,0,0,0.11206,0,0,0,0,0,-13.97001,0,13.97001,0
0.11744,-0.40069,1.63633,-0.3334,359.7249,163.6071,359.3642,-1.8911,0.44502,-1.58821,2.50932,766.9647,0,0.06086,0,0,0,0,0,-6.985,0,6.985,0,0,0.06086,0,0,0,0,0,-6.985,0,6.985,0
0.15077,-0.40029,1.63679,-0.33529,359.5721,162.6747,359.722,-0.46377,0.12154,-0.43959,0.65046,170.964,-0.19069,0.80978,-0.40076,46.85718,139.9689,321.3559,-4.29016,15.10302,-9.01619,18.10521,3602.002,-0.46574,1.23587,-0.59541,15.89371,171.1442,325.8676,-10.47817,24.68904,-13.39558,29.9797,3965.451
0.20633,-0.39831,1.6379,-0.33781,358.891,160.104,0.74717,-0.21402,0.07074,-0.2425,0.33109,64.055,-0.19669,0.82384,-0.41299,48.33091,144.293,331.9984,-2.19907,7.67799,-4.61821,9.22579,1797.439,-0.46939,1.23708,-0.59511,12.88361,171.9894,327.6116,-5.2719,12.35543,-6.69504,15.00911,1980.069
0.22856,-0.39741,1.63855,-0.33894,358.5095,159.0065,1.06613,-0.08683,0.05019,-0.14668,0.17769,19.22292,-0.19848,0.83049,-0.41878,47.68617,146.1162,335.4873,-1.13982,3.98862,-2.43928,4.81232,897.0334,-0.47021,1.2369,-0.59477,12.05418,171.7482,327.2044,-2.65459,6.17357,-3.33993,7.50433,980.5248
0.26189,-0.39601,1.63967,-0.3414,357.6784,157.368,1.44179,0.00989,0.03775,-0.09202,0.09996,42.73219,-0.20623,0.84147,-0.42769,50.37169,151.2898,342.6913,-0.45935,1.24428,-0.81035,1.55432,304.1177,-0.46866,1.23164,-0.59399,11.98551,170.3721,326.2735,-0.62872,1.42507,-0.81734,1.75903,217.8132
0.28412,-0.39565,1.63993,-0.34319,357.4105,156.7085,1.59892,0.01291,0.02465,-0.08622,0.0906,37.49223,-0.21207,0.84837,-0.43238,52.82949,154.4558,348.2084,-0.36087,0.7772,-0.51055,0.99746,225.9388,-0.46865,1.22857,-0.59396,11.78519,170.1336,326.5063,-0.31401,0.64349,-0.4081,0.82415,101.7098
0.31746,-0.3962,1.64023,-0.34691,357.4791,156.4641,1.58775,-0.00918,0.01295,-0.10527,0.10646,14.03503,-0.21886,0.86428,-0.44408,52.16502,157.1761,353.7275,-0.24319,0.55244,-0.39097,0.71916,124.6109,-0.46624,1.22171,-0.59412,11.31465,165.5372,321.9151,-0.02427,0.00664,-0.10562,0.10858,115.4407
0.33968,-0.39666,1.64036,-0.34926,357.5876,156.3823,1.60352,-0.01495,0.00938,-0.10549,0.10695,8.8053,-0.22206,0.87565,-0.45249,50.70033,158.2522,356.1668,-0.19341,0.53184,-0.38464,0.68426,103.8984,-0.4657,1.21669,-0.59352,11.89606,164.5825,321.4158,-0.00014,-0.10961,-0.03916,0.11639,78.08932
0.373,-0.39769,1.63958,-0.35343,357.8874,156.6222,1.57415,-0.02686,-0.01533,-0.12013,0.12405,7.72614,-0.23209,0.90153,-0.46949,44.57663,166.9531,10.02115,-0.27417,0.71562,-0.4789,0.90368,278.3848,-0.46907,1.20839,-0.59512,12.23251,168.4948,325.6762,-0.07581,-0.21432,-0.04585,0.23191,97.05476
0.39522,-0.39808,1.63878,-0.35603,358.1167,156.6933,1.46823,-0.02211,-0.0256,-0.11864,0.12337,9.54279,-0.23955,0.91595,-0.47805,42.61922,171.1168,15.17692,-0.30508,0.6823,-0.43208,0.86331,231.5731,-0.46747,1.20082,-0.59519,13.27137,167.6819,326.751,-0.00182,-0.27741,-0.02452,0.2785,69.01025
0.42855,-0.39852,1.63643,-0.35991,358.8748,156.653,1.32768,-0.01553,-0.05932,-0.11698,0.13208,19.59025,-0.24862,0.93692,-0.4897,40.21703,175.0627,21.17263,-0.28024,0.64249,-0.37015,0.79268,171.9197,-0.46311,1.19011,-0.5945,14.02417,164.3237,326.5486,0.09747,-0.3104,0.00934,0.32548,78.1804
0.45078,-0.39849,1.63372,-0.36221,359.6096,156.4856,1.23072,-0.00697,-0.09048,-0.11023,0.14278,26.7448,-0.25452,0.95492,-0.49848,36.54843,176.5687,24.40976,-0.27292,0.72611,-0.38248,0.86488,183.5979,-0.46097,1.18268,-0.59353,13.93939,161.694,324.3938,0.097,-0.32231,0.02652,0.33763,94.72338
0.47299,-0.39812,1.62964,-0.36382,0.5344,156.3369,0.88589,0.01174,-0.16759,-0.07608,0.18442,41.70496,-0.25998,0.97596,-0.50592,31.64929,178.2819,29.30683,-0.24776,0.89815,-0.33745,0.99092,264.9052,-0.46363,1.16895,-0.59496,17.05908,162.6294,325.0083,-0.09317,-0.5854,-0.0575,0.59555,139.6573
0.49521,-0.39812,1.62758,-0.36576,1.00985,156.1887,0.73878,0.00607,-0.13011,-0.08187,0.15384,32.44546,-0.26515,0.99305,-0.51279,28.29652,179.5755,32.60565,-0.24022,0.83357,-0.32339,0.92581,231.7583,-0.46381,1.15944,-0.59525,18.88865,162.1962,325.1947,-0.05067,-0.50668,-0.03532,0.51043,110.1904
0.52855,-0.3977,1.62289,-0.36658,1.95042,155.9449,0.27507,0.01083,-0.13804,-0.03885,0.14381,32.22272,-0.27511,1.02191,-0.52029,21.81816,180.4664,29.6863,-0.2841,0.85787,-0.24952,0.9375,196.481,-0.46685,1.1353,-0.59721,26.66884,163.1584,324.1642,-0.081,-0.66967,-0.05289,0.67663,205.0766
0.55076,-0.39744,1.62062,-0.36627,2.65765,156.028,359.7781,0.01236,-0.10858,0.00557,0.10943,38.35824,-0.28117,1.03498,-0.52248,21.15611,180.4964,29.11625,-0.26477,0.61128,-0.12995,0.67872,39.18273,-0.46703,1.11842,-0.59795,31.10732,163.2937,324.8996,-0.03253,-0.74622,-0.04527,0.7483,204.361
0.57298,-0.39723,1.61881,-0.36616,3.41585,156.0608,359.5213,0.01084,-0.09505,0.00518,0.09581,36.93088,-0.28475,1.04606,-0.5257,21.43427,180.6506,31.80068,-0.21285,0.55482,-0.1374,0.60992,56.38697,-0.46793,1.10411,-0.59907,34.23499,164.6365,327.7227,-0.03657,-0.69508,-0.04775,0.69768,185.7395
0.60631,-0.3967,1.61791,-0.36475,4.40144,156.3882,359.3232,0.01461,-0.04412,0.03294,0.05697,32.69577,-0.28953,1.06019,-0.52894,21.08112,183.4387,39.86255,-0.16086,0.45671,-0.10732,0.49596,182.8787,-0.47427,1.0796,-0.59838,42.11097,167.5913,330.244,-0.15176,-0.72548,0.00346,0.74119,230.4536
0.62852,-0.39609,1.61929,-0.36397,4.15643,156.7403,359.6182,0.02748,0.05046,0.03835,0.06908,19.25744,-0.29476,1.06768,-0.52994,18.09271,188.2656,45.67231,-0.21489,0.35108,-0.05916,0.41586,282.7733,-0.47939,1.07088,-0.59668,47.36207,166.9821,325.8076,-0.18302,-0.43094,0.05607,0.47154,253.7179
0.65074,-0.39529,1.62008,-0.36345,3.74737,156.8985,359.8347,0.03166,0.0429,0.03073,0.06154,19.3993,-0.29868,1.0758,-0.53186,14.26843,191.9394,52.99319,-0.19572,0.35823,-0.07299,0.41468,324.1855,-0.47922,1.06961,-0.59514,49.10923,163.9079,322.2094,-0.08773,-0.24402,0.06257,0.26675,184.8514
0.67296,-0.39454,1.62073,-0.36292,3.43926,157.0281,0.06552,0.03265,0.03618,0.02725,0.05584,18.55978,-0.30096,1.08371,-0.53358,9.9638,194.0582,59.27035,-0.14911,0.35706,-0.07519,0.39418,330.4765,-0.47762,1.07306,-0.59554,48.45959,160.9659,319.9294,-0.00787,-0.04443,0.02219,0.05028,107.9103
0.70629,-0.39294,1.62221,-0.3621,2.70115,157.1506,0.4316,0.04412,0.04221,0.02531,0.0661,23.08559,-0.30261,1.08249,-0.53797,14.15955,192.5752,55.97282,-0.0745,0.06182,-0.11756,0.15229,50.14521,-0.47466,1.13023,-0.60833,29.60009,164.7015,332.7494,0.06466,1.27587,-0.28227,1.30832,467.1301
0.72851,-0.39179,1.62304,-0.36196,2.27189,157.1622,0.55785,0.04808,0.03987,0.01591,0.06446,21.41729,-0.30613,1.08172,-0.54045,15.98661,192.4331,51.02306,-0.11646,0.01351,-0.11457,0.16393,130.6456,-0.47309,1.16776,-0.61098,17.43605,166.5296,342.8722,0.06771,1.48239,-0.2008,1.49747,576.7811
0.75073,-0.39063,1.62384,-0.362,1.85633,157.1927,0.58781,0.0501,0.03798,0.00692,0.06325,19.84264,-0.30878,1.08207,-0.54298,17.15647,191.4008,45.99989,-0.11777,0.01459,-0.11416,0.16467,175.2073,-0.47151,1.19675,-0.61012,7.96691,166.6816,349.6998,0.0695,1.39364,-0.08101,1.39772,549.9352
0.78406,-0.38891,1.62432,-0.36218,1.94785,157.5333,0.39664,0.05125,0.02021,-0.0022,0.05513,9.24115,-0.31374,1.07734,-0.54681,18.55371,191.7855,39.63751,-0.14101,-0.10266,-0.11473,0.20878,192.0741,-0.4767,1.23733,-0.6075,353.2905,170.6308,2.12808,-0.09949,1.26166,0.03861,1.26617,570.5928
0.81738,-0.38733,1.62389,-0.36213,2.63711,157.9129,0.55902,0.04846,-0.00447,0.00055,0.04867,18.37413,-0.31207,1.07178,-0.55052,19.05896,191.2195,38.87149,0.00232,-0.15092,-0.11214,0.18804,65.19778,-0.48631,1.26672,-0.60503,340.823,176.2968,10.35571,-0.24112,0.97687,0.06524,1.0083,510.0352
0.8396,-0.38556,1.62414,-0.36234,3.09171,158.1804,0.72969,0.07716,0.01067,-0.00862,0.07837,23.09322,-0.30589,1.06948,-0.55298,19.46771,189.0983,39.56889,0.2189,-0.09427,-0.10749,0.26146,81.97271,-0.49594,1.26822,-0.61304,344.3154,179.0852,3.04429,-0.41115,0.20099,-0.30755,0.55139,247.955
0.86182,-0.38354,1.62474,-0.36271,3.14755,158.5498,0.67448,0.08393,0.01899,-0.01258,0.08696,18.04261,-0.30403,1.06995,-0.55491,19.4292,188.2489,39.3166,0.15123,-0.03647,-0.09725,0.18346,57.86028,-0.50185,1.27103,-0.61779,346.1999,180.2606,358.8823,-0.3387,0.16369,-0.26061,0.45763,223.0635
0.89515,-0.38016,1.6258,-0.36331,2.93504,159.0861,0.49589,0.09699,0.02855,-0.01662,0.10246,16.44551,-0.30516,1.07229,-0.5576,19.9786,189.295,39.01188,0.01238,0.04356,-0.08496,0.09627,19.0609,-0.51114,1.26498,-0.62611,352.2515,182.1687,353.2606,-0.29377,-0.09514,-0.25241,0.39882,237.2496
0.92849,-0.37669,1.62771,-0.3637,2.74874,159.4516,0.5079,0.10226,0.05006,-0.01281,0.11457,13.0864,-0.307,1.0758,-0.56016,19.99745,189.1594,34.12218,-0.03823,0.08972,-0.07872,0.12533,111.5932,-0.51782,1.25707,-0.63018,356.0253,184.0981,349.5014,-0.22356,-0.2017,-0.15445,0.33841,183.1562
0.96183,-0.37231,1.63097,-0.3637,2.35298,159.8087,0.05702,0.12424,0.0859,-0.00341,0.15108,18.45757,-0.30665,1.07615,-0.56218,20.30418,187.956,29.38452,-0.00181,0.03031,-0.06515,0.07188,127.9758,-0.51757,1.2435,-0.63235,358.304,185.425,349.5319,-0.05034,-0.35564,-0.08744,0.36968,97.58094
0.99516,-0.36815,1.63253,-0.36358,2.35223,160.0731,359.7488,0.12456,0.05648,0.00203,0.13678,13.42029,-0.30597,1.07227,-0.56472,23.15462,190.651,31.40775,0.01502,-0.07964,-0.0734,0.10934,82.87127,-0.51221,1.21976,-0.6346,5.40929,184.9008,350.1127,0.10795,-0.62311,-0.0726,0.63655,181.0731
1.02849,-0.36376,1.63311,-0.3636,2.46752,160.2892,359.0258,0.13003,0.02729,-0.00002,0.13287,20.30482,-0.30625,1.06418,-0.56625,27.24209,195.6556,34.69983,-0.00262,-0.20181,-0.05286,0.20864,159.4564,-0.50515,1.18743,-0.6318,15.72276,182.339,343.1675,0.186,-0.88318,0.04488,0.90367,318.2071
1.05072,-0.36045,1.63265,-0.36323,2.75313,160.3563,358.6301,0.13948,0.00321,0.00837,0.13977,20.51217,-0.30327,1.05611,-0.56723,30.49891,194.2294,30.1434,0.0657,-0.28262,-0.04849,0.29419,151.1776,-0.50088,1.17012,-0.62731,19.99616,181.4334,339.4234,0.18908,-0.83094,0.12342,0.86108,282.8161
1.07294,-0.35708,1.63184,-0.36296,3.1543,160.3655,358.6021,0.14543,-0.01652,0.01017,0.14672,16.34643,-0.30418,1.04861,-0.5654,31.06683,196.1179,26.1517,0.01248,-0.3099,0.01708,0.31062,176.1941,-0.49133,1.15164,-0.62016,25.18794,178.2115,335.8262,0.30939,-0.83129,0.22251,0.91448,283.5349
1.10627,-0.35224,1.63098,-0.36317,3.58836,160.5022,358.4565,0.14542,-0.02349,-0.00209,0.14732,14.72435,-0.30639,1.0357,-0.56216,32.94794,198.7836,19.87483,-0.04671,-0.36805,0.07709,0.37893,228.2239,-0.47909,1.12786,-0.61059,32.43078,174.6156,334.0526,0.35261,-0.74284,0.2709,0.86575,242.8079
1.1285,-0.34891,1.62951,-0.36358,4.20962,160.6232,358.2849,0.14751,-0.04477,-0.01023,0.15449,22.1038,-0.30622,1.01594,-0.55726,34.34264,196.6429,5.22793,-0.01958,-0.62851,0.14868,0.64615,413.8067,-0.47186,1.1186,-0.60436,33.62902,172.8628,333.3619,0.33894,-0.57992,0.27572,0.72609,160.435
1.16184,-0.34417,1.62649,-0.36323,5.78427,161.0319,357.7446,0.14357,-0.0792,0.00519,0.16405,44.33478,-0.29867,0.97661,-0.54796,36.96307,190.1912,339.5957,0.16506,-1.042,0.24638,1.08338,611.408,-0.47049,1.10847,-0.59686,35.05769,175.0011,334.1684,0.11573,-0.3729,0.23775,0.45713,69.17786
1.18406,-0.34076,1.62425,-0.36312,6.49407,161.2848,357.4184,0.15175,-0.09203,0.00243,0.17749,36.51773,-0.28534,0.94582,-0.53965,36.4554,182.8191,318.1736,0.45027,-1.22997,0.32943,1.35059,711.6902,-0.47203,1.11162,-0.59558,31.57858,179.5481,341.3557,0.00442,-0.02246,0.11106,0.11339,198.8968
1.20628,-0.33727,1.62269,-0.36348,6.73453,161.4885,357.1565,0.15457,-0.08126,-0.00693,0.17476,27.19131,-0.27036,0.91789,-0.52912,37.79649,179.1201,305.2066,0.56212,-1.24358,0.40169,1.42261,604.7143,-0.47086,1.11199,-0.59376,29.58309,181.4887,345.001,0.02854,-0.00284,0.09658,0.10075,182.9166
1.2285,-0.33367,1.62131,-0.36399,6.77579,161.5541,356.9448,0.15824,-0.07153,-0.015,0.1743,17.75195,-0.25415,0.89587,-0.51862,37.60806,176.1189,295.816,0.64576,-1.1171,0.43721,1.36238,480.4948,-0.46994,1.11478,-0.5925,27.14513,183.0523,347.5101,0.03498,0.06128,0.07662,0.10416,164.3265
1.26184,-0.32778,1.61979,-0.3648,6.71651,161.4494,356.9726,0.17197,-0.05223,-0.02192,0.18106,2.71035,-0.23328,0.86805,-0.49917,40.79764,175.3421,293.085,0.63104,-0.90532,0.54696,1.23166,183.068,-0.46934,1.11731,-0.58986,25.6665,184.8788,347.9305,0.02243,0.07225,0.07839,0.10894,82.38636
1.29517,-0.32212,1.61835,-0.36581,7.3288,161.5404,356.9738,0.17048,-0.04548,-0.02809,0.17866,14.30194,-0.21151,0.84244,-0.47691,44.52847,173.5651,293.5164,0.64763,-0.80245,0.63761,1.2124,108.7061,-0.46889,1.11943,-0.5857,25.2641,186.3996,345.7556,0.01556,0.06569,0.11319,0.13179,77.91615
1.31739,-0.31866,1.61734,-0.36669,8.15891,161.7559,357.0108,0.16309,-0.04539,-0.03397,0.17266,26.38865,-0.19368,0.82533,-0.46002,47.16945,169.8056,291.9711,0.72499,-0.78621,0.69876,1.2775,138.1409,-0.46588,1.12302,-0.58327,23.73907,187.1827,347.2166,0.07556,0.11363,0.11148,0.1762,60.14413
1.35072,-0.31349,1.61488,-0.36771,9.91987,161.9852,357.1331,0.15696,-0.0666,-0.03148,0.17339,46.56693,-0.16381,0.80131,-0.42925,51.4349,161.1971,286.1452,0.85351,-0.73719,0.86702,1.42255,193.2394,-0.46263,1.13092,-0.57914,20.47183,189.2669,350.3209,0.09204,0.20625,0.12061,0.25604,112.6319
1.38405,-0.30816,1.61144,-0.36857,12.144,161.7912,357.4288,0.15928,-0.09416,-0.02709,0.187,62.1217,-0.13517,0.78289,-0.39513,54.49406,152.0495,277.5239,0.85771,-0.59872,0.9846,1.43652,191.1715,-0.45924,1.14078,-0.57466,17.33744,190.5234,351.6458,0.09942,0.27344,0.13103,0.3191,105.7062
1.40628,-0.30521,1.6101,-0.36904,12.93203,161.8222,357.4747,0.14589,-0.07715,-0.0242,0.16679,48.75447,-0.11724,0.76844,-0.37577,55.69909,146.0105,271.4699,0.83213,-0.62439,0.92777,1.39394,180.8206,-0.45708,1.14497,-0.57171,15.64165,191.4162,352.5691,0.09811,0.23089,0.13194,0.28345,98.07147
1.4285,-0.30045,1.60455,-0.36897,15.82037,160.6902,357.4588,0.19445,-0.21839,0.00483,0.29245,121.5043,-0.10381,0.77195,-0.34858,57.55906,140.1562,267.1895,0.62719,-0.03057,1.12605,1.2893,168.0908,-0.44859,1.15158,-0.56994,14.56867,188.7233,352.318,0.28841,0.25928,0.09675,0.39971,92.04585
1.45072,-0.29643,1.60107,-0.36892,17.8061,159.9974,357.4371,0.18752,-0.18737,0.00356,0.26511,108.0098,-0.08976,0.76669,-0.3275,58.37416,134.5086,262.2135,0.62981,-0.13352,1.03747,1.221,153.0309,-0.44348,1.15587,-0.56759,13.1996,188.0633,353.0761,0.25926,0.22632,0.10142,0.35878,84.38919
1.47294,-0.29221,1.59587,-0.36816,20.71813,158.8143,357.2918,0.18953,-0.22761,0.02848,0.29755,133.722,-0.08548,0.7696,-0.31149,59.83656,133.7526,262.4915,0.29576,0.05734,0.78422,0.8401,79.38533,-0.43949,1.15869,-0.56606,12.5819,187.4588,352.4609,0.18194,0.15042,0.07911,0.24897,44.67126
1.49515,-0.28825,1.59084,-0.36754,23.2492,157.9424,357.1168,0.18394,-0.22698,0.02798,0.29349,126.7102,-0.07692,0.76779,-0.29427,60.84006,130.8528,260.0632,0.34041,-0.01193,0.77961,0.85077,77.37443,-0.43584,1.16204,-0.5642,11.59455,187.2975,352.9127,0.17321,0.15053,0.08146,0.24351,42.80495
1.52848,-0.28247,1.58115,-0.36583,27.46086,156.2302,356.8571,0.17603,-0.27478,0.04559,0.3295,133.2103,-0.0701,0.76916,-0.27458,62.49626,129.7368,258.9515,0.23865,0.02782,0.63798,0.68173,56.18529,-0.42847,1.16778,-0.56215,8.9657,186.3429,356.0157,0.20917,0.16696,0.06648,0.27577,104.7776
1.56181,-0.27675,1.57107,-0.36408,31.60092,154.1194,356.4896,0.17272,-0.29553,0.05088,0.34606,136.2306,-0.06326,0.77048,-0.25939,63.03244,129.8118,258.7174,0.21361,0.03661,0.50132,0.54616,25.9279,-0.41921,1.17354,-0.5601,5.93605,183.9681,358.5589,0.26074,0.17135,0.06275,0.31825,133.0695
1.58403,-0.27294,1.56346,-0.36206,34.39168,151.8645,355.8401,0.17264,-0.32568,0.08144,0.3775,148.1682,-0.05964,0.77296,-0.25587,62.82105,129.0329,259.2563,0.19171,0.08401,0.28066,0.35011,56.13376,-0.41023,1.17314,-0.55972,4.59589,180.5526,359.5839,0.36201,0.02149,0.02666,0.36362,155.5401
1.60625,-0.26885,1.55727,-0.35984,36.89499,149.4234,355.2255,0.17832,-0.30216,0.0907,0.36239,147.9611,-0.05495,0.77428,-0.24942,63.23704,126.8441,258.9036,0.20134,0.07172,0.2853,0.35648,71.31033,-0.40536,1.17144,-0.55941,4.24265,179.355,0.3533,0.2906,-0.0274,0.02016,0.29259,111.2779
1.63958,-0.26229,1.55027,-0.35562,39.78867,144.8241,353.2318,0.19213,-0.23298,0.11766,0.3241,142.002,-0.04835,0.77584,-0.2415,62.85784,124.122,257.3909,0.19879,0.05284,0.24964,0.32346,51.33371,-0.40165,1.16495,-0.56022,6.06989,179.2519,0.48103,0.15615,-0.15293,-0.01308,0.21896,43.50097
1.6618,-0.25825,1.55007,-0.35346,39.08887,141.749,352.1292,0.18241,-0.03759,0.09884,0.21084,115.4197,-0.0444,0.77849,-0.24179,61.92334,120.2001,258.295,0.17391,0.1111,0.01792,0.20715,189.207,-0.39997,1.15644,-0.56119,8.80146,179.4946,359.5338,0.09479,-0.34135,-0.03762,0.35626,111.3805
1.68402,-0.25465,1.54864,-0.35173,39.06488,139.0364,351.9639,0.1722,-0.05076,0.08818,0.20001,115.0191,-0.04199,0.7805,-0.23954,61.68332,117.2727,258.8501,0.14104,0.10081,0.05967,0.18335,171.4748,-0.39659,1.15224,-0.56111,9.62431,179.5062,0.34751,0.12352,-0.26531,-0.01718,0.29315,71.36364
1.71735,-0.24902,1.54557,-0.34857,39.55029,134.9101,351.3022,0.16982,-0.08197,0.09316,0.21033,113.0746,-0.04043,0.78356,-0.23808,61.11115,115.3019,262.2176,0.07049,0.09405,0.04784,0.1269,159.4214,-0.39055,1.15186,-0.55986,8.56711,179.4271,2.74715,0.16678,-0.0747,0.02397,0.18432,54.83642
1.73957,-0.2462,1.54652,-0.34432,39.40343,131.0289,350.7349,0.13689,0.01116,0.16726,0.21643,149.657,-0.04231,0.78556,-0.2396,60.43135,115.2718,265.0528,-0.04665,0.09212,-0.04386,0.11219,135.9822,-0.38302,1.16157,-0.55612,3.99917,177.9616,5.56467,0.31787,0.35705,0.14762,0.50032,224.2065
1.76179,-0.24275,1.54548,-0.34149,39.82419,127.6424,349.8203,0.14597,-0.01801,0.14735,0.20819,139.9908,-0.04161,0.78749,-0.2384,59.86742,114.2762,266.782,-0.00763,0.08949,0.00491,0.08995,128.4749,-0.37677,1.16463,-0.5538,1.92454,176.6945,7.52003,0.29963,0.24739,0.12592,0.40846,182.4801
1.78401,-0.23898,1.55245,-0.3384,37.75503,122.8856,347.9239,0.16356,0.20137,0.13782,0.29376,171.3603,-0.04601,0.79323,-0.24211,57.80373,114.423,270.9033,-0.13022,0.21063,-0.08523,0.26189,183.0545,-0.36073,1.17632,-0.5464,355.0812,171.8235,15.20419,0.58105,0.39221,0.26012,0.74774,393.2924
1.80624,-0.23495,1.55564,-0.33542,35.85869,118.6367,347.0918,0.1724,0.17259,0.13594,0.27926,180.9904,-0.05086,0.79802,-0.24128,57.8821,113.0347,273.6375,-0.17444,0.21309,-0.02381,0.27641,177.6755,-0.35015,1.18009,-0.5422,352.1024,168.9396,20.00763,0.52849,0.28101,0.2244,0.63923,333.4672
1.83957,-0.22773,1.56089,-0.32904,31.75595,111.0854,346.5936,0.2055,0.16116,0.17762,0.31584,233.01,-0.06315,0.80374,-0.24153,59.11002,113.3308,279.5305,-0.31988,0.18186,-0.01158,0.36815,171.6475,-0.33726,1.18633,-0.5368,349.2599,164.6217,21.12565,0.4221,0.21053,0.17759,0.50401,186.6284
1.8729,-0.22244,1.56503,-0.31876,28.40686,103.5272,343.9605,0.17054,0.1334,0.27555,0.35044,223.6201,-0.07931,0.80785,-0.24423,60.67618,116.1321,288.3351,-0.44376,0.13795,-0.06368,0.46905,193.1536,-0.3253,1.1899,-0.53286,349.4189,159.5502,16.73726,0.37458,0.13295,0.13318,0.41919,180.4684
1.89513,-0.22319,1.56679,-0.30989,27.25784,98.62328,342.3778,0.01933,0.09578,0.35862,0.37169,210.0499,-0.09134,0.81068,-0.2485,61.20802,121.46,294.7098,-0.50128,0.13539,-0.157,0.54246,141.5478,-0.31677,1.18985,-0.53198,349.5545,156.7802,15.61113,0.37889,0.04237,0.0751,0.38857,139.7808
1.91735,-0.2229,1.56936,-0.30318,25.6599,94.47191,341.5591,0.01623,0.10587,0.33027,0.3472,198.8677,-0.09957,0.81442,-0.25177,60.85801,126.0452,301.1593,-0.43585,0.15184,-0.15202,0.48593,144.7564,-0.30843,1.18982,-0.53023,348.5938,154.8001,17.90642,0.37704,0.02059,0.07682,0.38534,110.721
1.95069,-0.22598,1.57328,-0.29363,23.968,90.61497,339.8727,-0.06522,0.11458,0.2974,0.32532,136.1399,-0.10404,0.82111,-0.25578,60.02315,128.4703,312.8393,-0.20964,0.18831,-0.12827,0.30962,248.2292,-0.29511,1.18941,-0.52673,347.9937,150.8202,20.45445,0.394,-0.00404,0.09809,0.40605,123.5699
1.97291,-0.23004,1.57531,-0.28888,23.4854,89.60941,340.0887,-0.14508,0.09713,0.23081,0.2894,75.59781,-0.10082,0.8282,-0.25958,58.15911,129.3462,323.2938,0.04352,0.28367,-0.15329,0.32536,383.5222,-0.28678,1.19065,-0.5233,347.783,147.5483,19.9537,0.37693,0.04002,0.14068,0.40432,138.1843
1.99513,-0.23241,1.57711,-0.28443,22.77478,88.17822,340.085,-0.12585,0.08914,0.21547,0.26498,73.71497,-0.09983,0.83601,-0.26297,55.14212,130.4285,329.5177,0.04409,0.31753,-0.15298,0.35521,325.4413,-0.27959,1.19214,-0.52008,347.2575,145.1004,20.0068,0.35034,0.05353,0.14268,0.38205,124.8625
2.02846,-0.23699,1.57837,-0.27914,22.51929,87.01933,340.4092,-0.13438,0.05065,0.17292,0.22478,47.98018,-0.09765,0.84588,-0.26587,52.29475,130.1411,333.9511,0.06001,0.3015,-0.10361,0.32441,203.2027,-0.27105,1.1948,-0.51719,346.3609,143.362,20.25298,0.27971,0.07317,0.10069,0.30615,73.18835
2.06178,-0.24157,1.57824,-0.27448,22.47812,85.98888,341.2902,-0.13676,0.00974,0.14805,0.20178,46.86974,-0.09689,0.85396,-0.26713,51.04307,129.7335,337.5398,0.03218,0.25734,-0.05407,0.26492,142.9921,-0.26226,1.19679,-0.51391,345.707,141.6104,20.80114,0.26775,0.06302,0.09897,0.29233,59.10536
2.08401,-0.24525,1.57691,-0.27249,23.08994,86.00032,341.5323,-0.16738,-0.05646,0.09256,0.19943,29.46888,-0.09623,0.86164,-0.27089,49.30916,132.684,344.5521,0.03786,0.34508,-0.16591,0.38476,223.9617,-0.25751,1.1988,-0.5106,345.4899,140.4595,20.30159,0.22688,0.0814,0.13966,0.27858,62.50289
2.10623,-0.24863,1.57613,-0.26998,23.50588,85.59747,341.6888,-0.15964,-0.04569,0.10261,0.1952,27.44245,-0.09596,0.86748,-0.27234,48.20669,133.0935,348.5073,0.02514,0.30388,-0.1155,0.32606,196.3197,-0.25256,1.20078,-0.50701,345.0022,138.8958,20.15243,0.22473,0.08542,0.15065,0.28371,68.7644
2.13956,-0.25351,1.57555,-0.26672,23.90907,85.09115,342.2658,-0.14978,-0.02454,0.09905,0.18124,28.38983,-0.09357,0.87568,-0.27283,47.13714,132.6121,352.7294,0.05998,0.26059,-0.03989,0.27036,153.7838,-0.24661,1.20368,-0.50118,344.1178,136.8824,20.80194,0.19012,0.08661,0.16895,0.26869,63.76587
2.17289,-0.2578,1.57575,-0.26514,23.83614,85.54453,342.732,-0.13395,-0.00168,0.0603,0.1469,13.31348,-0.09323,0.88067,-0.27526,47.89542,135.9824,358.5202,0.02266,0.17726,-0.0647,0.19006,122.6629,-0.24208,1.20631,-0.49595,343.2646,135.3409,22.09115,0.14954,0.08072,0.15996,0.23338,57.18115
2.19512,-0.26018,1.5767,-0.26462,23.49206,85.99613,343.399,-0.11246,0.0343,0.03529,0.12276,26.05301,-0.09346,0.88453,-0.2777,47.21836,138.2665,1.75764,0.00482,0.18245,-0.09646,0.20643,105.6668,-0.2416,1.20828,-0.49319,342.7848,134.8889,22.27379,0.05405,0.08158,0.13048,0.1631,33.36574
2.21735,-0.26267,1.57746,-0.26336,23.29165,86.08057,343.7667,-0.1121,0.03432,0.04615,0.12599,21.63107,-0.09334,0.8876,-0.27894,46.5614,138.9726,4.83602,0.00527,0.16039,-0.07611,0.17761,111.2102,-0.24036,1.20936,-0.49059,342.7595,134.0619,22.09238,0.0548,0.06524,0.12372,0.15021,33.74651
2.23957,-0.26491,1.57825,-0.26325,23.21224,86.5928,344.3688,-0.10437,0.03303,0.01779,0.11091,26.41777,-0.09358,0.88851,-0.27993,46.27742,138.3992,6.20511,-0.005,0.06757,-0.05303,0.08603,86.21795,-0.24092,1.20983,-0.48915,342.7502,133.6903,21.77342,-0.01174,0.02777,0.0733,0.07925,22.92072
2.26179,-0.2671,1.57893,-0.26264,22.98371,86.79692,345.1941,-0.1015,0.03185,0.02261,0.10876,30.56875,-0.09345,0.89125,-0.28109,45.65434,138.4711,8.3639,0.0004,0.0955,-0.05266,0.10906,92.38916,-0.2405,1.21003,-0.48772,342.8012,133.2081,21.72127,0.0034,0.01856,0.06864,0.07119,22.37523
2.29512,-0.26905,1.58082,-0.26265,22.25384,86.83997,345.7062,-0.06916,0.05056,0.00536,0.08584,25.96085,-0.09595,0.8926,-0.28144,44.40165,138.2662,9.89017,-0.05609,0.05437,-0.021,0.08089,69.0148,-0.24142,1.20853,-0.48706,343.3942,132.9036,21.69222,-0.0197,-0.02917,0.03209,0.04763,18.36185
2.31733,-0.27054,1.58109,-0.26369,22.46846,86.96117,345.4549,-0.0682,0.01876,-0.03573,0.07924,8.80273,-0.09897,0.89373,-0.2833,43.82308,139.9536,11.21576,-0.11916,0.05627,-0.06953,0.14899,61.96243,-0.24278,1.20685,-0.48725,343.7827,132.7579,22.07673,-0.05275,-0.06091,0.00161,0.08059,19.48787
2.33955,-0.27236,1.581,-0.26415,22.61161,87.14805,345.5505,-0.07522,0.00724,-0.02834,0.08071,8.80028,-0.09995,0.89592,-0.28478,42.67088,140.4148,12.71023,-0.08148,0.0774,-0.06813,0.13142,65.43678,-0.24393,1.20626,-0.48693,343.7369,132.5841,22.6172,-0.05227,-0.0437,0.00803,0.0686,19.37555
2.37288,-0.27463,1.57991,-0.26651,23.11602,87.99551,345.6523,-0.06972,-0.02264,-0.06015,0.09482,23.71472,-0.10032,0.89616,-0.28492,42.24533,138.0267,11.84955,-0.02875,0.02466,-0.02023,0.04294,46.50467,-0.24708,1.20496,-0.48718,343.9393,132.2273,23.44444,-0.08403,-0.04011,-0.00354,0.09318,23.50189
2.39512,-0.27527,1.57833,-0.27153,23.96353,90.47402,345.5149,-0.03873,-0.0575,-0.1896,0.20188,99.58885,-0.10464,0.89582,-0.28787,42.54784,140.2139,12.7566,-0.17372,-0.00587,-0.12201,0.21236,66.17726,-0.25012,1.2039,-0.48827,344.1851,132.1226,23.71326,-0.13193,-0.04225,-0.04268,0.14496,14.55919
2.41735,-0.27656,1.57719,-0.27526,24.70577,92.39046,345.6409,-0.04826,-0.05438,-0.17869,0.19291,94.92858,-0.1085,0.89595,-0.29078,42.1283,141.929,13.17312,-0.17389,-0.00019,-0.12643,0.21499,66.28281,-0.25305,1.20277,-0.48965,344.545,132.219,23.58403,-0.13188,-0.04654,-0.0523,0.14931,12.43321
2.45067,-0.2793,1.57393,-0.28331,26.50011,96.58459,346.0068,-0.07378,-0.08708,-0.22581,0.25301,123.3654,-0.11377,0.89223,-0.2937,43.02454,142.3069,11.1992,-0.16198,-0.08368,-0.09732,0.20667,63.52795,-0.25924,1.19986,-0.49477,345.3316,133.5301,23.47866,-0.17228,-0.07708,-0.12839,0.22827,35.77291
2.48399,-0.28435,1.57013,-0.29618,29.56039,104.0094,346.1997,-0.13205,-0.10729,-0.34606,0.38562,209.6447,-0.11993,0.88134,-0.2931,48.82967,141.1107,6.70347,-0.17917,-0.2661,-0.0108,0.32098,166.6264,-0.26606,1.19617,-0.50091,346.4495,135.12,23.77623,-0.19662,-0.10241,-0.17031,0.27956,54.39594
2.50621,-0.28971,1.56664,-0.30882,31.63497,111.8179,347.7131,-0.22588,-0.15278,-0.53762,0.60282,314.8153,-0.12367,0.87391,-0.29229,51.79686,139.8071,2.46719,-0.16748,-0.30603,0.02232,0.34958,185.2148,-0.27289,1.19411,-0.50664,347.2956,136.9419,23.48672,-0.27653,-0.09392,-0.23289,0.37353,78.72272
2.52843,-0.29483,1.56387,-0.31918,32.9831,118.4083,349.5045,-0.22806,-0.13859,-0.50188,0.56841,291.9647,-0.12669,0.86839,-0.29174,53.56236,138.3987,359.2696,-0.15167,-0.27717,0.02366,0.31683,156.7248,-0.27985,1.19231,-0.5122,348.2251,138.9039,23.0793,-0.29486,-0.08747,-0.24169,0.39116,87.23698
2.56177,-0.30564,1.56125,-0.33657,34.3041,130.5072,352.7819,-0.30029,-0.09363,-0.51662,0.60485,313.9718,-0.13032,0.86112,-0.29197,54.26561,137.5372,357.8344,-0.11976,-0.233,0.00076,0.26198,64.57903,-0.29202,1.19094,-0.52029,349.1926,142.0652,22.53064,-0.34756,-0.05262,-0.24237,0.42697,94.64507
2.58399,-0.31723,1.56011,-0.3485,34.81703,140.2471,355.4249,-0.46469,-0.06385,-0.52362,0.70298,362.3646,-0.13381,0.85589,-0.29331,54.64327,138.1453,357.0326,-0.14661,-0.24817,-0.03095,0.28989,80.4743,-0.30306,1.19072,-0.52583,349.8625,144.7752,21.81639,-0.45389,-0.02447,-0.24171,0.51482,113.1267
2.60621,-0.32616,1.55853,-0.35836,35.10148,148.2537,357.855,-0.43327,-0.06727,-0.48359,0.65277,336.6772,-0.13751,0.84885,-0.29324,56.42791,137.1796,353.7967,-0.15665,-0.28252,-0.01405,0.32335,108.6889,-0.31241,1.18979,-0.53037,350.4979,146.8427,21.50761,-0.43712,-0.0331,-0.22307,0.49186,104.4868
2.63955,-0.34426,1.55777,-0.36971,35.04152,160.4686,1.28907,-0.51541,-0.03397,-0.37644,0.63914,323.0846,-0.14274,0.83818,-0.2936,59.01514,135.7713,349.1588,-0.15672,-0.31063,-0.01141,0.34811,125.4892,-0.32864,1.18852,-0.53657,351.6232,150.315,21.52803,-0.47454,-0.03685,-0.19539,0.51451,107.9918
2.66178,-0.35796,1.55829,-0.37406,34.91882,168.2555,3.08345,-0.58914,0.00811,-0.23896,0.63581,311.7702,-0.14678,0.831,-0.29497,60.70721,136.1902,346.4422,-0.17249,-0.30475,-0.06723,0.35658,160.2009,-0.34424,1.19051,-0.5402,351.2198,153.9627,20.90709,-0.65224,0.05715,-0.17091,0.67668,149.5234
2.684,-0.36986,1.55821,-0.37924,34.37287,175.5291,5.07403,-0.5622,0.00223,-0.23608,0.60976,299.3604,-0.15013,0.82576,-0.29694,61.30072,136.8318,344.405,-0.16154,-0.27025,-0.07796,0.32436,139.7694,-0.35715,1.19049,-0.54392,351.6604,156.8636,20.35206,-0.61657,0.02813,-0.16932,0.64001,139.5943
2.71733,-0.38779,1.55876,-0.3832,33.35944,186.0192,6.81064,-0.54419,0.01287,-0.14808,0.56412,292.5883,-0.15427,0.81811,-0.30273,60.995,139.1592,340.659,-0.13358,-0.23973,-0.14983,0.31267,165.4592,-0.37947,1.18992,-0.54773,352.7425,161.6294,19.33611,-0.65647,-0.00563,-0.12797,0.66885,143.9045
2.73955,-0.39993,1.55971,-0.38326,32.73949,192.6517,6.77412,-0.54218,0.03226,-0.04857,0.54531,296.0024,-0.15573,0.8105,-0.30468,62.41191,138.9908,337.9797,-0.08461,-0.31541,-0.10082,0.34177,137.2419,-0.39448,1.18929,-0.54877,353.5152,164.5184,18.34592,-0.66376,-0.02315,-0.0696,0.6678,137.218
2.76178,-0.4107,1.5597,-0.38744,31.92534,199.3135,7.75587,-0.51342,0.01596,-0.11822,0.5271,288.1133,-0.15839,0.80426,-0.30636,63.3025,139.0203,335.1667,-0.10216,-0.29812,-0.088,0.32719,135.5084,-0.40838,1.18883,-0.5509,354.191,167.3534,17.80014,-0.64452,-0.02206,-0.08271,0.65018,133.9173
2.7951,-0.4274,1.56131,-0.38067,31.11629,208.4142,7.35299,-0.50421,0.04018,0.12264,0.52046,282.1784,-0.15855,0.79037,-0.3085,64.92146,134.8976,321.8075,-0.02923,-0.38712,-0.07019,0.39452,257.0821,-0.4306,1.18629,-0.54765,354.8614,171.4962,18.57998,-0.66126,-0.06261,0.0525,0.66629,129.0797
2.81732,-0.43446,1.56246,-0.37425,30.7567,213.6233,7.71067,-0.35036,0.04861,0.25472,0.43588,236.9816,-0.15976,0.78386,-0.31116,64.85548,135.0041,315.1624,-0.05139,-0.30735,-0.11491,0.33213,289.8611,-0.44455,1.18484,-0.54466,355.2036,174.3286,19.98983,-0.63349,-0.06146,0.12247,0.64814,142.8605
2.83955,-0.44345,1.56305,-0.37234,30.14826,219.432,8.0466,-0.37726,0.0377,0.17019,0.41559,246.1706,-0.16126,0.77721,-0.3131,65.14158,134.8232,309.6939,-0.05948,-0.30323,-0.10104,0.3251,264.387,-0.45894,1.18402,-0.54309,355.6595,177.1745,20.34276,-0.64058,-0.04906,0.09643,0.64965,136.0666
2.87288,-0.452,1.56407,-0.36443,29.6259,226.4348,8.96823,-0.28681,0.03221,0.22057,0.36325,210.1554,-0.16404,0.76871,-0.31804,64.61047,137.4735,301.1719,-0.0774,-0.26712,-0.13649,0.3098,312.8529,-0.48116,1.18415,-0.53742,356.5024,181.7498,19.59026,-0.66011,-0.00944,0.15174,0.67739,136.493
2.8951,-0.45024,1.56557,-0.35669,29.41004,229.5571,9.09405,0.07962,0.07104,0.3865,0.40096,144.9592,-0.16519,0.76541,-0.32134,65.93896,140.2428,297.8169,-0.05434,-0.14003,-0.16479,0.22298,288.0613,-0.49529,1.18485,-0.52985,357.6877,185.1217,17.71237,-0.63654,0.03595,0.35072,0.72766,180.2401
2.91732,-0.4536,1.56705,-0.35245,28.69807,233.8686,9.3121,-0.03586,0.06889,0.28875,0.29901,168.3464,-0.16672,0.76201,-0.32502,67.11469,143.1385,295.0563,-0.06168,-0.14667,-0.16506,0.22926,271.4165,-0.50933,1.18464,-0.52427,358.2767,188.3779,17.38066,-0.63424,0.0132,0.30095,0.70214,160.9989
2.95066,-0.45506,1.56949,-0.34566,27.62004,238.8042,10.02275,-0.04165,0.07203,0.22476,0.23967,149.0014,-0.16732,0.75793,-0.33318,67.8335,147.1737,290.8861,-0.0289,-0.12843,-0.22498,0.26066,249.1815,-0.52932,1.18429,-0.51405,359.0242,193.4193,17.24537,-0.60823,-0.0046,0.30507,0.68046,153.4855
2.97288,-0.45389,1.57029,-0.34102,27.24512,241.4827,9.77937,0.03908,0.04318,0.21346,0.22126,131.4338,-0.1658,0.75767,-0.34488,67.34352,150.026,290.8351,0.04926,-0.02656,-0.48939,0.49257,150.1871,-0.54034,1.18444,-0.50502,359.1134,196.7329,17.6833,-0.51286,0.00989,0.39362,0.64657,151.3342
2.9951,-0.45229,1.57088,-0.33661,26.72252,244.2223,9.28012,0.05549,0.03479,0.20607,0.21623,134.0795,-0.16556,0.75642,-0.35488,67.20313,152.8771,290.2377,0.03008,-0.04144,-0.46969,0.47248,151.8326,-0.55193,1.18448,-0.49632,359.2913,200.0799,17.93966,-0.5173,0.00587,0.39268,0.64948,151.3724
3.01733,-0.44994,1.57074,-0.33217,26.20365,246.5762,8.95297,0.09417,0.00185,0.20137,0.22231,119.95,-0.16646,0.75609,-0.36851,66.53138,157.017,290.8973,-0.02788,-0.02162,-0.5862,0.58726,161.5027,-0.56151,1.1839,-0.48608,359.8042,203.3382,17.36154,-0.44589,-0.01974,0.44903,0.63311,149.8779
3.05066,-0.44673,1.57041,-0.32619,25.61146,250.5027,8.28359,0.09572,-0.00713,0.1849,0.20833,126.775,-0.16938,0.75543,-0.38859,65.22964,163.2174,290.7863,-0.07266,-0.02032,-0.59854,0.60328,185.1244,-0.5735,1.18179,-0.47056,0.81314,207.5269,15.8511,-0.38126,-0.05248,0.46155,0.60095,139.7122
3.08399,-0.44265,1.57077,-0.32111,25.62714,254.3506,8.06127,0.11587,0.00647,0.16054,0.19809,120.2019,-0.17292,0.75564,-0.40853,63.74889,168.8993,290.6701,-0.09797,-0.00019,-0.59829,0.60625,180.6164,-0.58418,1.1785,-0.45521,1.91245,211.7448,15.07335,-0.33571,-0.08714,0.46078,0.57672,134.8244
3.10621,-0.43807,1.5719,-0.31856,25.69431,256.6638,7.73668,0.1878,0.04361,0.12143,0.22786,112.6096,-0.17715,0.75912,-0.42238,62.56168,173.3439,291.1008,-0.17261,0.12698,-0.6136,0.64994,189.0725,-0.58514,1.17486,-0.44515,2.06235,214.0074,16.91656,-0.09984,-0.14382,0.45238,0.48508,123.7777
3.12844,-0.43394,1.57308,-0.31581,25.07814,258.8572,7.57098,0.18697,0.04842,0.12261,0.22877,108.2504,-0.18218,0.76209,-0.43429,62.2832,178.3841,292.2298,-0.19933,0.13038,-0.57467,0.62208,185.1568,-0.58509,1.17281,-0.43479,2.15491,216.2616,18.73643,-0.04879,-0.11788,0.45932,0.47671,125.6397
3.15066,-0.43045,1.5749,-0.31318,24.25898,260.7553,7.83145,0.17194,0.06516,0.12055,0.21987,97.06264,-0.18788,0.764,-0.44658,61.59016,183.2321,293.8076,-0.22784,0.10813,-0.56388,0.61771,173.1119,-0.58287,1.1727,-0.42424,2.83142,217.4289,17.26293,0.02574,-0.06147,0.46694,0.47167,80.3364
3.19508,-0.42471,1.57858,-0.30854,23.00123,264.3891,7.75322,0.14042,0.07962,0.10845,0.19447,89.31686,-0.19837,0.7682,-0.47167,59.26869,191.3786,295.2895,-0.23783,0.09844,-0.56759,0.62323,165.0515,-0.57753,1.1714,-0.40508,4.17918,219.1484,14.1513,0.10954,-0.03306,0.43909,0.45375,80.80499
3.22841,-0.4212,1.58082,-0.30727,22.27317,265.9644,7.38373,0.11414,0.07023,0.05577,0.14516,64.7613,-0.20486,0.77157,-0.4895,56.6357,194.8123,293.933,-0.2054,0.10055,-0.5432,0.58938,159.92,-0.56626,1.16838,-0.39549,4.91226,218.4172,14.60744,0.28102,-0.07606,0.32547,0.43668,24.64593
3.25062,-0.41834,1.58094,-0.30544,22.55266,266.4819,7.05359,0.12567,0.02225,0.07956,0.15039,41.64931,-0.20835,0.77404,-0.49961,55.85418,195.1753,292.7925,-0.17127,0.10473,-0.47034,0.5114,86.80366,-0.55678,1.16661,-0.39109,5.4953,217.0421,15.4039,0.37457,-0.06678,0.23952,0.44959,53.52784
3.27284,-0.41565,1.58133,-0.30312,22.70744,267.4628,6.70405,0.12347,0.01981,0.0919,0.15519,47.15518,-0.21192,0.77555,-0.50883,56.19786,195.6321,292.6565,-0.16588,0.08624,-0.44245,0.48033,53.17564,-0.55069,1.16636,-0.38514,5.6152,216.8027,15.53012,0.32447,-0.03906,0.25365,0.4137,33.63892
3.30618,-0.4125,1.58262,-0.29859,22.65066,269.0986,6.4747,0.10167,0.03405,0.12492,0.16463,50.66521,-0.21914,0.77666,-0.52075,57.33928,196.0254,295.3799,-0.20391,0.04652,-0.37876,0.43267,48.39314,-0.54429,1.16908,-0.37671,4.46093,217.5055,16.64695,0.2251,0.05147,0.25314,0.34264,36.75323
3.33951,-0.41024,1.58386,-0.29304,22.29249,270.6781,6.21167,0.0762,0.03637,0.15607,0.17745,51.47892,-0.22787,0.7769,-0.53257,58.92342,195.2445,299.848,-0.24745,0.01707,-0.36084,0.43787,132.6104,-0.54105,1.17129,-0.36694,3.82977,218.5593,17.45784,0.12899,0.06257,0.28308,0.31731,40.12638
3.36173,-0.40935,1.58434,-0.28918,22.01396,271.6695,5.34584,0.04401,0.02248,0.17398,0.18086,67.13902,-0.23437,0.77546,-0.53603,63.37806,192.5916,303.6252,-0.29025,-0.05505,-0.16567,0.33871,321.1662,-0.54387,1.1733,-0.35982,2.88256,220.4147,18.64923,-0.04942,0.07684,0.31316,0.32621,86.0118
3.38396,-0.40807,1.58472,-0.28505,21.65747,272.9023,4.62387,0.05091,0.01981,0.17984,0.18795,71.34275,-0.24404,0.77581,-0.53982,65.30782,194.721,309.3916,-0.36272,-0.01981,-0.16818,0.40031,255.6614,-0.54684,1.17476,-0.3517,1.87195,222.6669,19.79756,-0.09143,0.07124,0.33917,0.35843,103.1917
3.4173,-0.40709,1.5856,-0.2785,21.11046,274.9666,3.64804,0.03483,0.0246,0.19223,0.19691,77.19674,-0.26363,0.77691,-0.54473,65.66563,201.3543,318.3106,-0.53132,0.0199,-0.1524,0.5531,142.6507,-0.55623,1.17593,-0.33764,0.56944,228.0609,21.7617,-0.23405,0.04414,0.40116,0.46654,156.6346
3.45062,-0.40624,1.5862,-0.27058,20.87397,277.2492,3.32635,0.02768,0.01985,0.22641,0.22896,73.38887,-0.285,0.7768,-0.54661,64.18828,203.1581,315.7376,-0.61376,0.00256,-0.08048,0.61902,76.96954,-0.56909,1.17612,-0.3207,0.13406,234.0737,21.28657,-0.34801,0.01532,0.48148,0.59428,171.9411
3.47284,-0.40591,1.58683,-0.26474,20.7792,278.9965,3.30122,0.01434,0.02685,0.25755,0.25934,77.69833,-0.30207,0.77742,-0.54415,62.13681,204.7177,310.2177,-0.74605,0.0288,0.07798,0.75066,277.0399,-0.57778,1.1761,-0.30747,0.1955,238.4312,20.72191,-0.38938,0.0014,0.57697,0.69607,194.6691
3.49506,-0.4052,1.58727,-0.25947,20.72022,280.5615,3.02027,0.02328,0.02354,0.24733,0.24954,76.66313,-0.31803,0.77845,-0.54192,61.21548,207.4969,308.5408,-0.73203,0.0375,0.08926,0.73841,237.3024,-0.58473,1.17648,-0.2944,0.25416,242.4998,20.27581,-0.35106,0.00922,0.58261,0.68026,189.4751
3.5284,-0.40409,1.58771,-0.25064,20.65784,283.1423,1.8946,0.0307,0.01563,0.26043,0.2627,89.8195,-0.3474,0.78241,-0.53043,60.34164,214.8552,309.9852,-0.84366,0.09857,0.28077,0.8946,195.2608,-0.59361,1.17841,-0.27248,0.41502,248.5385,19.09533,-0.28746,0.04583,0.63873,0.70194,185.8758
3.55063,-0.4037,1.58845,-0.24449,20.47412,285.0387,1.40365,0.02196,0.02857,0.27315,0.27552,93.13185,-0.36803,0.7871,-0.52171,59.60678,221.3195,314.9718,-0.90453,0.1828,0.35852,0.99001,149.0108,-0.59653,1.18038,-0.25894,0.04697,251.3751,18.03709,-0.16572,0.07697,0.61373,0.64036,146.8419
3.57285,-0.40282,1.58893,-0.23873,20.36057,286.7536,0.96282,0.03076,0.02511,0.26614,0.26908,89.70534,-0.38594,0.79032,-0.51588,58.60875,225.5319,316.7588,-0.85546,0.16378,0.31044,0.92466,141.1834,-0.60002,1.18147,-0.24578,359.9066,254.5339,17.41526,-0.16128,0.06297,0.60306,0.62743,145.7059
3.60618,-0.40012,1.58896,-0.22783,20.01007,290.3915,0.86941,0.06844,0.00681,0.31175,0.31925,105.0452,-0.41542,0.79866,-0.50088,55.27917,233.0105,320.2244,-0.87706,0.22871,0.41523,0.99698,168.6898,-0.59931,1.18353,-0.22952,359.7074,256.9054,17.10512,-0.02439,0.0621,0.51661,0.5209,90.23009
3.6284,-0.39809,1.58814,-0.22107,19.74591,292.6508,0.91749,0.08791,-0.02957,0.30508,0.31887,102.2211,-0.43336,0.80271,-0.48857,54.23618,239.291,324.475,-0.826,0.19592,0.53041,1.001,172.2491,-0.59742,1.18753,-0.2185,358.8429,258.5105,16.40375,0.06952,0.1629,0.49826,0.5288,86.67226
3.65062,-0.39608,1.58721,-0.21484,19.62098,294.7161,0.81367,0.08902,-0.0357,0.29275,0.30806,98.44902,-0.45057,0.80683,-0.47782,52.87566,244.2803,327.7716,-0.80031,0.19077,0.50696,0.96638,161.1917,-0.59651,1.19055,-0.20714,358.1728,260.4564,15.51706,0.05525,0.1495,0.50476,0.52933,93.20731
3.68396,-0.3933,1.58675,-0.20542,19.55752,298.0717,0.61762,0.08496,-0.01921,0.2851,0.29811,101.67,-0.47398,0.81238,-0.46142,51.15625,250.7444,334.9309,-0.72663,0.1726,0.49569,0.89637,141.2571,-0.59313,1.19384,-0.19172,357.0844,262.749,15.57268,0.08979,0.11139,0.47294,0.4941,78.8727
3.7173,-0.38946,1.58693,-0.1964,19.60441,302.0927,1.03556,0.10757,-0.00073,0.27414,0.29449,112.9405,-0.49419,0.81768,-0.44684,49.98549,254.3973,338.3678,-0.63649,0.1624,0.45195,0.79734,95.35184,-0.59019,1.19632,-0.17517,356.11,266.0407,16.47694,0.08858,0.08365,0.49076,0.50566,99.4633
3.73952,-0.38605,1.58588,-0.19163,19.4692,304.7588,1.51985,0.13746,-0.03311,0.23051,0.27042,112.8055,-0.50366,0.81991,-0.43268,51.5215,260.0542,342.5761,-0.48425,0.11948,0.60124,0.78119,153.4471,-0.58687,1.19765,-0.16297,356.5944,268.3805,16.05831,0.14194,0.06763,0.53765,0.56017,99.94188
3.76174,-0.38323,1.58562,-0.18686,19.35024,307.2622,1.40495,0.13226,-0.02231,0.22243,0.25975,113.3005,-0.51605,0.82373,-0.41997,50.88097,264.9502,346.6437,-0.521,0.1458,0.58661,0.79801,144.8514,-0.58356,1.19987,-0.15138,356.5013,270.2717,14.96104,0.14535,0.08392,0.52959,0.55555,96.20087
3.79508,-0.37933,1.58625,-0.18028,18.85992,311.0264,0.82029,0.12074,0.0086,0.20376,0.237,118.4389,-0.5346,0.83012,-0.40323,49.11567,269.6295,351.2554,-0.54754,0.18028,0.52333,0.77857,114.9041,-0.57739,1.20215,-0.13533,356.0471,272.6415,13.7679,0.1751,0.07221,0.49342,0.52853,82.5134
3.82841,-0.37497,1.58739,-0.17479,18.68972,315.1278,0.21617,0.12826,0.02762,0.17448,0.2183,127.1433,-0.55192,0.83689,-0.39122,47.11998,270.5563,353.5949,-0.52642,0.19726,0.40104,0.69056,81.74583,-0.57226,1.20045,-0.12001,355.4712,275.6897,16.51176,0.15919,-0.02016,0.46819,0.49492,106.7043
3.85064,-0.37107,1.58883,-0.17193,18.93652,318.4515,0.18,0.16653,0.05625,0.13581,0.22213,144.242,-0.5592,0.84151,-0.37993,47.70579,275.7579,359.1749,-0.3693,0.19851,0.49318,0.64732,159.0762,-0.5686,1.19946,-0.10943,355.2819,278.2464,18.36988,0.16708,-0.02746,0.47565,0.50489,131.9117
3.87286,-0.36761,1.58968,-0.16877,19.01586,321.3813,0.21473,0.16108,0.04726,0.13896,0.21792,137.7698,-0.56696,0.84535,-0.36899,48.14278,280.1848,3.80339,-0.35921,0.18552,0.49276,0.63738,153.028,-0.56423,1.19998,-0.09812,355.3578,280.8078,18.68711,0.18182,-0.00191,0.49222,0.52473,121.7328
3.9062,-0.36233,1.59099,-0.16605,19.09181,325.7017,0.16938,0.15909,0.04134,0.09596,0.19034,131.985,-0.57847,0.8511,-0.35399,47.26651,283.7532,6.62496,-0.34866,0.17592,0.46049,0.60379,92.92209,-0.55523,1.20279,-0.08014,356.0635,285.0079,16.73391,0.24791,0.06256,0.52772,0.58639,125.357
3.93953,-0.35829,1.59181,-0.16411,19.04007,329.6853,359.5632,0.13059,0.02874,0.06777,0.14991,127.7544,-0.58912,0.85778,-0.33679,45.08374,288.0203,7.49296,-0.32683,0.19411,0.50222,0.62985,113.0575,-0.54423,1.20651,-0.06468,356.3395,288.8261,14.52725,0.30956,0.09949,0.47985,0.57964,126.957
3.96175,-0.3559,1.59173,-0.16303,19.10875,332.2779,359.1745,0.1196,0.01074,0.0664,0.13722,125.2703,-0.59489,0.86262,-0.32421,44.03706,292.5323,9.82194,-0.29361,0.21102,0.53474,0.64551,134.0565,-0.53678,1.20731,-0.05546,356.4821,291.2473,14.15943,0.31881,0.05764,0.4431,0.54891,113.567
3.98398,-0.35372,1.59032,-0.16329,19.43885,334.9581,358.6642,0.10881,-0.02645,0.02735,0.11527,127.8793,-0.59694,0.86907,-0.30891,42.92527,302.1476,18.0052,-0.1929,0.25061,0.6116,0.68853,221.9608,-0.52769,1.20697,-0.04992,355.7685,293.4572,15.68942,0.36392,0.0212,0.34632,0.50282,109.2849
4.01731,-0.35046,1.58748,-0.16409,20.21638,339.2859,358.2648,0.1005,-0.07043,-0.01124,0.12324,134.1002,-0.60446,0.87782,-0.29146,40.37258,307.2674,18.44943,-0.21736,0.2595,0.54536,0.64187,169.4107,-0.51422,1.20666,-0.04105,355.2539,296.9111,16.33826,0.3939,-0.00173,0.28603,0.4868,108.3189
4.03954,-0.34919,1.58446,-0.16627,20.90053,342.1803,358.2733,0.07279,-0.11478,-0.0702,0.15297,134.4251,-0.60893,0.87973,-0.28253,40.53477,308.9439,15.80286,-0.19588,0.1483,0.45246,0.51487,158.0861,-0.5034,1.20472,-0.03681,355.3283,299.9001,15.19522,0.45923,-0.06503,0.21877,0.51282,127.9513
4.06176,-0.34713,1.5827,-0.16699,21.38967,345.1505,358.1431,0.08276,-0.09693,-0.05132,0.1374,135.9959,-0.61238,0.88537,-0.27202,39.27457,312.9502,17.54159,-0.17565,0.20095,0.46276,0.53421,146.7826,-0.49352,1.20341,-0.03154,355.3418,302.7549,15.06147,0.45207,-0.06207,0.22804,0.51012,127.4643
4.0951,-0.34417,1.58022,-0.16858,22.41565,349.779,358.1309,0.0872,-0.08012,-0.04864,0.12801,140.7343,-0.61388,0.89351,-0.25741,37.81068,320.2306,22.87836,-0.07758,0.23342,0.44439,0.50793,162.6016,-0.47667,1.20207,-0.02693,354.3376,307.5147,15.73908,0.4921,-0.04565,0.16077,0.51971,142.1514
4.12843,-0.34136,1.57838,-0.17295,24.36012,354.5577,358.9408,0.08514,-0.06134,-0.11034,0.15227,145.0647,-0.61518,0.89833,-0.24457,37.58368,325.2922,23.71257,-0.04865,0.16672,0.4,0.43607,139.8361,-0.45936,1.2022,-0.02424,353.4135,311.7014,16.00002,0.51246,-0.00856,0.10066,0.52232,132.7552
4.15066,-0.3396,1.57841,-0.17524,24.63758,357.6666,358.7867,0.08103,-0.01461,-0.10221,0.13125,142.4303,-0.61263,0.90088,-0.23707,37.61732,327.9049,21.17902,0.07553,0.1569,0.35615,0.39644,184.6935,-0.4458,1.20331,-0.02308,353.4708,315.5583,16.22996,0.59304,0.03802,0.07055,0.59843,170.2211
4.17287,-0.33763,1.5779,-0.177,24.48353,0.70794,358.7497,0.08504,-0.0187,-0.09072,0.12575,139.6008,-0.61166,0.9062,-0.22859,35.7505,331.4933,21.90762,0.05975,0.19809,0.36887,0.42294,167.3114,-0.43184,1.2047,-0.02081,353.3703,319.6927,16.11353,0.61093,0.05009,0.08651,0.61905,177.8027
4.2062,-0.33413,1.57731,-0.17963,24.25027,4.94421,359.7014,0.10005,-0.01797,-0.08185,0.13051,122.9729,-0.61093,0.912,-0.21577,33.54105,335.0629,21.64754,0.03127,0.18013,0.38066,0.42229,138.4425,-0.40897,1.20863,-0.01979,352.8666,325.8007,14.71101,0.66733,0.10104,0.04446,0.6764,181.175
4.22842,-0.331,1.57736,-0.1814,24.41792,7.63589,0.85593,0.13031,-0.0031,-0.07992,0.1529,113.372,-0.60792,0.91152,-0.20799,33.46449,337.3675,21.03771,0.121,0.02291,0.35393,0.37474,129.0652,-0.39484,1.21037,-0.02172,352.4802,328.7953,14.4131,0.63585,0.07718,-0.06073,0.64339,143.888
4.25064,-0.32824,1.57709,-0.18306,24.58803,10.4323,1.50787,0.12718,-0.00761,-0.07746,0.14911,114.9753,-0.60513,0.91226,-0.20087,32.85387,340.0089,20.06506,0.12329,0.02802,0.33725,0.36017,139.4086,-0.38133,1.21179,-0.02322,351.9515,331.863,15.10361,0.62187,0.07055,-0.06396,0.62912,144.2141
4.28398,-0.32307,1.57703,-0.1857,24.95841,13.87264,2.5487,0.14799,-0.00312,-0.07863,0.16761,99.99477,-0.59976,0.90863,-0.19182,33.52025,344.1792,19.54869,0.1516,-0.07455,0.28779,0.33371,135.1928,-0.3631,1.2149,-0.0278,350.6144,335.3698,17.61477,0.56542,0.08761,-0.11901,0.58441,140.5466
4.30621,-0.31868,1.57712,-0.18811,25.40843,15.64109,2.86984,0.18795,0.00343,-0.10246,0.21409,82.01789,-0.59552,0.90268,-0.18607,35.4365,346.7091,20.55113,0.17523,-0.21502,0.26636,0.38456,118.4749,-0.35251,1.21826,-0.03169,350.0718,336.5031,18.23066,0.50441,0.13525,-0.15503,0.54475,84.40745
4.32843,-0.31465,1.5772,-0.19033,25.61564,17.79652,3.07564,0.18481,0.00343,-0.10122,0.21074,87.67674,-0.5921,0.89867,-0.18012,36.58508,348.321,19.59769,0.16455,-0.19773,0.26697,0.37074,114.1501,-0.34092,1.22142,-0.03453,349.5902,338.2299,18.37605,0.51306,0.13876,-0.14145,0.55,82.42966
4.36175,-0.30812,1.57759,-0.19358,25.50603,20.90231,2.77602,0.19304,0.00955,-0.09836,0.21687,94.33162,-0.58568,0.89072,-0.17182,39.03737,349.2466,16.07594,0.18563,-0.22854,0.25359,0.38858,133.6599,-0.32388,1.22667,-0.03826,348.656,340.8919,19.00877,0.51186,0.15287,-0.11925,0.54735,88.1146
4.38397,-0.30341,1.57931,-0.19474,24.35665,22.44905,2.05377,0.20621,0.06332,-0.0609,0.22414,95.91929,-0.57723,0.87965,-0.16749,43.49627,350.2881,14.6839,0.33773,-0.44679,0.20225,0.59548,200.1566,-0.31301,1.22997,-0.03896,348.2646,342.6885,19.23578,0.4977,0.14609,-0.04461,0.52061,85.27416
4.40619,-0.29946,1.57996,-0.19637,23.92948,24.37139,1.93614,0.19193,0.0462,-0.06718,0.20853,92.38094,-0.5721,0.87328,-0.16284,45.8002,351.3996,13.3089,0.28437,-0.36671,0.20582,0.50765,171.5645,-0.30131,1.23294,-0.04083,347.8239,344.7147,19.39568,0.5121,0.13991,-0.06438,0.53476,90.1497
4.43952,-0.2947,1.58125,-0.19862,22.94942,25.91234,1.69526,0.15507,0.04062,-0.06733,0.17387,65.95765,-0.55977,0.85991,-0.15747,49.63284,351.3268,9.2096,0.34859,-0.39235,0.17223,0.55237,167.1362,-0.2837,1.23412,-0.04059,348.1302,348.4878,18.88572,0.52444,0.06159,-0.01089,0.52816,104.9755
4.46174,-0.29214,1.58203,-0.2003,22.79751,26.52555,1.48624,0.12458,0.03636,-0.07389,0.14934,40.99892,-0.54712,0.85308,-0.15627,51.96727,354.6841,8.49755,0.51298,-0.32656,0.08688,0.61428,186.197,-0.27314,1.2334,-0.04069,348.6697,350.89,18.262,0.48669,-0.00928,-0.00776,0.48684,107.1506
4.48396,-0.28899,1.58275,-0.20193,22.57978,27.68191,1.21582,0.13319,0.03431,-0.07353,0.15596,49.73742,-0.53696,0.8467,-0.15367,53.48687,357.9252,8.92663,0.48501,-0.30688,0.10194,0.58292,165.9912,-0.26244,1.23368,-0.04165,348.9014,353.1599,17.67364,0.48412,0.00148,-0.0255,0.48479,103.9309
4.51729,-0.28426,1.5841,-0.20369,22.40486,28.59324,0.74509,0.13968,0.03902,-0.05795,0.15617,39.05555,-0.52275,0.83802,-0.1502,53.99907,359.5691,4.49819,0.44102,-0.27205,0.10373,0.52846,166.4496,-0.24994,1.23164,-0.04345,349.9816,355.7096,15.88206,0.40246,-0.04541,-0.04681,0.40771,92.24408
4.53951,-0.28076,1.58501,-0.20481,22.2634,29.24466,0.44761,0.15427,0.04022,-0.054,0.16832,40.12024,-0.51686,0.83316,-0.14775,54.73186,357.4699,359.107,0.31377,-0.22562,0.10899,0.40154,162.9321,-0.24311,1.23083,-0.04536,350.3556,356.9697,15.46146,0.33974,-0.03303,-0.07679,0.34987,68.00591
4.56174,-0.27668,1.58611,-0.20612,21.95551,30.32626,0.18292,0.16891,0.04482,-0.05654,0.18368,47.94742,-0.50909,0.82836,-0.14642,56.61147,358.408,357.8521,0.33171,-0.2208,0.08452,0.40734,137.1788,-0.23591,1.23189,-0.04803,349.8379,358.5586,15.66312,0.33204,0.00725,-0.09832,0.34637,67.71613
4.59507,-0.26989,1.58746,-0.20824,21.36527,32.18124,0.04353,0.19494,0.04161,-0.06186,0.20871,56.78005,-0.49644,0.82133,-0.14533,59.13229,359.5052,354.0072,0.36756,-0.21339,0.04566,0.42746,156.1321,-0.22549,1.23483,-0.05262,349.0884,0.62593,16.14741,0.31731,0.06806,-0.12799,0.34885,68.23235
4.61729,-0.26524,1.58796,-0.20973,21.20187,33.18251,0.03782,0.20675,0.02619,-0.06645,0.21874,49.09213,-0.48932,0.81914,-0.14264,59.36988,358.3418,349.9361,0.34046,-0.12291,0.10386,0.37657,131.5441,-0.21892,1.23733,-0.05585,348.622,1.54216,15.63522,0.30149,0.10137,-0.14038,0.34767,49.96087
4.63951,-0.26073,1.5884,-0.21144,20.98795,34.44226,359.7712,0.20502,0.02294,-0.07186,0.21846,55.82768,-0.48036,0.81778,-0.13951,59.25495,359.8366,348.8559,0.37173,-0.09214,0.12229,0.40203,118.4116,-0.21126,1.23916,-0.05863,348.2892,2.96631,15.30024,0.32308,0.09178,-0.1326,0.36109,56.86227
4.66173,-0.25494,1.58821,-0.21386,20.84348,36.16175,359.6239,0.24842,-0.00233,-0.10132,0.2683,73.90216,-0.46985,0.81869,-0.13536,58.47652,4.14973,352.4343,0.44153,-0.00576,0.16275,0.4706,82.59241,-0.2034,1.24055,-0.06101,348.0492,4.33032,15.35366,0.34589,0.06714,-0.11192,0.36969,60.48899
4.68396,-0.24971,1.58813,-0.21613,20.76951,37.70741,359.605,0.24183,-0.003,-0.10166,0.26234,71.86997,-0.46121,0.81636,-0.13296,59.23065,6.06767,352.8331,0.41508,-0.05516,0.13551,0.44011,74.79501,-0.19568,1.24199,-0.06357,347.7676,5.63018,15.48517,0.34673,0.06612,-0.11358,0.3708,60.84133
4.71729,-0.24102,1.58768,-0.21974,20.8162,40.47086,359.9397,0.25596,-0.01075,-0.10677,0.27755,77.67178,-0.4503,0.80939,-0.13227,62.33292,5.8043,347.4319,0.34944,-0.17067,0.04923,0.392,147.3583,-0.18318,1.24489,-0.06728,347.316,7.54495,15.46137,0.36794,0.0818,-0.11191,0.39319,59.3504
4.73949,-0.23484,1.58761,-0.22225,20.52955,42.4027,0.36194,0.27239,-0.00322,-0.11059,0.294,80.64552,-0.44288,0.80807,-0.12815,60.58527,6.25034,343.9098,0.34332,-0.06543,0.16384,0.386,167.8534,-0.17425,1.24753,-0.06984,347.1679,8.77418,14.73081,0.3916,0.10887,-0.11407,0.42216,56.11028
4.76171,-0.22909,1.58772,-0.22459,20.32445,44.09818,0.67682,0.26555,0.00093,-0.108,0.28667,76.90616,-0.43493,0.80731,-0.12478,59.69482,8.21355,343.6404,0.35056,-0.04982,0.15784,0.38767,135.5327,-0.16596,1.2502,-0.07268,346.7647,9.88871,14.4831,0.38248,0.11445,-0.12081,0.41711,53.60244
4.79504,-0.22068,1.58821,-0.22831,20.40658,46.59296,1.22258,0.25565,0.01128,-0.11074,0.27884,72.1794,-0.42589,0.80456,-0.12165,60.56609,11.06821,346.6327,0.29116,-0.07428,0.10993,0.31996,44.90229,-0.15462,1.25518,-0.07729,345.729,10.97532,14.90305,0.35082,0.14069,-0.13402,0.40104,47.43673
4.81726,-0.21584,1.58906,-0.23087,20.5821,48.17562,1.70656,0.2225,0.03616,-0.11522,0.25316,67.36091,-0.42452,0.80198,-0.11845,60.56368,7.23789,341.7161,0.08172,-0.09522,0.15018,0.1957,98.24271,-0.14749,1.25788,-0.07964,345.4565,11.46718,15.28228,0.32451,0.12438,-0.10849,0.36407,35.12717
4.85059,-0.20879,1.59027,-0.23439,20.35552,50.18994,2.05368,0.21434,0.03632,-0.10789,0.24269,59.96,-0.42032,0.80105,-0.11311,59.63415,4.55675,338.1942,0.11498,-0.04488,0.15766,0.20023,69.22934,-0.13626,1.26194,-0.08318,345.2017,12.54349,15.55057,0.33385,0.12246,-0.10683,0.3713,35.42619
4.88394,-0.19619,1.59131,-0.23639,19.33587,51.84394,1.54423,0.19951,0.03232,-0.08021,0.21745,61.12342,-0.40377,0.8001,-0.11009,60.02269,8.86481,341.661,0.26357,-0.03257,0.09931,0.28354,40.48532,-0.11915,1.26673,-0.08686,344.7475,13.56695,15.42061,0.33107,0.1383,-0.11766,0.37759,32.96363
4.91727,-0.15962,1.59183,-0.24239,18.74916,53.53747,0.98032,0.17622,0.01996,-0.05254,0.18497,60.9872,-0.36588,0.79807,-0.10912,59.52178,9.04132,342.5039,0.22184,-0.05371,0.149,0.27258,19.31879,-0.07859,1.27017,-0.0949,344.2766,14.14897,15.28207,0.29881,0.11201,-0.10789,0.33686,24.374
4.93949,-0.1352,1.59182,-0.24737,19.30033,54.94005,0.81747,0.13102,0.0059,-0.04336,0.13813,65.42592,-0.34182,0.79688,-0.10945,58.88674,7.21232,339.705,0.1399,-0.04765,0.1564,0.21518,51.20609,-0.05207,1.27049,-0.09986,343.6725,14.56864,17.07085,0.23505,0.04138,-0.05572,0.24508,75.601
4.96171,-0.11066,1.59207,-0.25343,19.7099,56.3669,0.83414,0.12981,0.00846,-0.04851,0.13883,65.85347,-0.31688,0.79633,-0.1122,58.94705,7.39327,339.2442,0.14316,-0.03608,0.12595,0.19407,36.62472,-0.02488,1.27186,-0.10611,343.0408,15.31852,18.42485,0.24156,0.05157,-0.05906,0.25397,78.98062
4.99504,-0.07557,1.59282,-0.26277,20.21551,58.37718,1.05237,0.09606,0.01903,-0.03534,0.1041,61.59631,-0.28091,0.79576,-0.11889,60.24354,8.28993,340.3593,0.11901,-0.022,0.06799,0.13881,27.91825,0.01634,1.27357,-0.11579,343.1912,17.16248,18.95254,0.2618,0.05133,-0.04551,0.27064,62.07866
5.01726,-0.0537,1.59369,-0.26925,20.00611,59.46525,1.21541,0.04275,0.03398,-0.00307,0.05469,49.27435,-0.25906,0.79508,-0.12325,60.60513,7.45653,337.7405,0.0541,-0.0353,0.09053,0.11122,77.38783,0.04438,1.27692,-0.12518,343.2486,19.53275,17.23488,0.29537,0.13926,-0.11715,0.34693,97.33388
5.03948,-0.03131,1.5941,-0.27711,19.90558,60.57422,1.17561,0.05544,0.0261,-0.00662,0.06164,49.87428,-0.23584,0.79405,-0.12828,60.67342,7.4941,335.7049,0.07986,-0.04081,0.10366,0.13707,84.38924,0.07115,1.28028,-0.13589,342.9628,21.21576,16.04782,0.28027,0.14513,-0.12793,0.34056,88.31383
5.07282,0.00171,1.59454,-0.2906,19.82054,62.22155,1.00514,0.06749,0.01658,-0.00931,0.07012,50.96289,-0.20143,0.79214,-0.13735,60.96287,8.03192,333.2694,0.10504,-0.05324,0.11777,0.16654,86.84706,0.10937,1.28485,-0.15366,342.6687,23.27955,14.24725,0.24083,0.13911,-0.13579,0.3095,73.9995
5.09504,0.02,1.59235,-0.29773,19.79585,62.62097,0.76694,-0.04258,-0.07294,0.06266,0.10517,28.21848,-0.17752,0.79121,-0.14262,61.24557,11.9763,333.7537,0.14497,-0.03949,0.16894,0.2261,131.4027,0.13135,1.28633,-0.16579,341.0278,25.25481,15.38826,0.12657,0.08127,-0.12694,0.19682,118.9902
5.11725,0.04017,1.59125,-0.30693,19.9916,63.44616,0.81452,-0.01723,-0.06105,0.04227,0.07623,32.4875,-0.15488,0.79045,-0.14869,61.2892,13.373,332.7725,0.13213,-0.03692,0.16599,0.21534,116.9307,0.15546,1.28834,-0.1782,340.2318,27.03792,15.51398,0.15578,0.08589,-0.12468,0.21724,103.6143
5.15059,0.06806,1.5891,-0.31975,21.14763,64.03109,1.08328,-0.04668,-0.0638,0.05987,0.09917,33.60404,-0.12312,0.79034,-0.15516,60.68546,13.90957,329.1815,0.07778,-0.0117,0.2336,0.24648,119.9419,0.19136,1.29015,-0.19695,339.8166,30.07663,13.43189,0.17719,0.06226,-0.11542,0.22044,87.59559
5.18391,0.09493,1.58832,-0.33222,21.98071,64.26294,0.99784,-0.07495,-0.03345,0.07465,0.11095,27.68143,-0.09083,0.79291,-0.16196,60.3358,16.2042,327.4131,0.07789,0.05486,0.24568,0.26351,118.6123,0.22577,1.29255,-0.21504,339.2742,33.15243,12.05432,0.15042,0.0695,-0.09568,0.19134,88.21938
5.20612,0.11332,1.58887,-0.34076,22.25122,64.4892,0.97609,-0.0695,-0.00428,0.07132,0.09967,21.65174,-0.06894,0.79599,-0.16571,59.88668,18.05718,327.1344,0.0859,0.09676,0.26468,0.29461,106.9102,0.2481,1.2937,-0.22671,339.2559,35.03512,11.40689,0.13207,0.06074,-0.08423,0.16801,83.30227
5.22835,0.13188,1.58972,-0.34925,22.19987,64.50386,1.02865,-0.0631,0.01702,0.07096,0.09647,9.80399,-0.04768,0.79897,-0.16858,59.17017,18.81451,326.0377,0.07535,0.11543,0.29401,0.32472,95.91741,0.27013,1.29507,-0.23857,339.1787,36.75158,10.55996,0.11576,0.06107,-0.08277,0.15485,78.09962
5.25057,0.15055,1.59056,-0.35746,22.00371,64.44097,0.95966,-0.05755,0.02726,0.07648,0.09952,2.06449,-0.02665,0.80244,-0.17049,58.28309,19.17866,324.9351,0.06469,0.13587,0.32987,0.36258,84.44849,0.29137,1.29633,-0.25001,339.218,38.12323,9.52238,0.08957,0.05903,-0.07289,0.12969,69.58913
5.2728,0.1692,1.59164,-0.36456,21.39841,63.81929,0.51758,-0.05858,0.03956,0.11486,0.13486,29.27254,-0.00672,0.80958,-0.1683,56.88877,18.21527,325.6851,0.01745,0.28611,0.49323,0.57047,71.79544,0.3102,1.29618,-0.2589,339.508,38.41117,8.29848,-0.02174,0.00275,0.0255,0.03363,47.42599
5.29501,0.18778,1.59161,-0.37203,21.45781,63.48214,0.35974,-0.06079,0.01924,0.10767,0.12514,19.69811,0.01445,0.81573,-0.16831,55.72969,18.56514,326.7993,0.03554,0.28139,0.46466,0.54438,67.3709,0.32956,1.29591,-0.26744,339.4632,38.90658,7.91124,-0.02485,-0.00485,0.03884,0.04637,33.45792
5.32834,0.21523,1.59041,-0.38304,22.20695,62.61478,0.31163,-0.07396,-0.02229,0.10329,0.12898,27.24928,0.04566,0.82554,-0.16825,53.49686,18.43801,328.2738,0.03478,0.29114,0.44147,0.52997,78.3628,0.35611,1.29497,-0.27724,339.075,38.69994,8.85075,-0.08514,-0.02226,0.11333,0.14348,15.41084
5.36168,0.24246,1.58862,-0.39454,23.10384,61.6017,0.53283,-0.0805,-0.04573,0.09488,0.13257,38.77166,0.0766,0.83428,-0.1716,51.73128,18.78526,330.0744,0.02991,0.26932,0.36268,0.45273,72.07452,0.38154,1.29432,-0.28552,339.0959,37.24162,9.04189,-0.12399,-0.02013,0.16973,0.21115,30.68317
5.3839,0.26117,1.58794,-0.40213,23.2773,60.97827,0.4816,-0.06112,-0.03072,0.0937,0.11601,28.14677,0.09652,0.83812,-0.17782,51.2095,19.47688,330.938,-0.00173,0.18459,0.18525,0.26152,37.28322,0.39757,1.29522,-0.29098,338.5656,36.05112,9.92701,-0.17058,0.03225,0.18579,0.25428,54.56876
5.40613,0.28029,1.58795,-0.40978,23.266,60.59954,0.25338,-0.05016,-0.01527,0.09315,0.10689,21.02244,0.11609,0.84138,-0.18378,50.63238,19.80744,331.1461,-0.01037,0.1657,0.17695,0.24264,30.72334,0.4147,1.29655,-0.29798,337.8796,35.50907,10.58752,-0.14975,0.04584,0.15398,0.21963,47.62269
5.42834,0.29984,1.58825,-0.4182,23.1795,60.34072,0.13631,-0.02588,0.00411,0.06831,0.07316,13.5821,0.1338,0.84141,-0.19422,50.48256,19.7714,330.2993,-0.08147,0.03177,0.00844,0.08785,26.37764,0.43292,1.2987,-0.30606,337.059,35.26205,10.87968,-0.08716,0.08085,0.09829,0.15426,35.18429
5.45056,0.31889,1.58802,-0.4265,23.31824,59.96632,0.08197,-0.03381,-0.00312,0.06579,0.07403,14.9496,0.15239,0.84305,-0.20216,50.29306,19.977,330.2218,-0.07202,0.05269,0.04388,0.09944,20.19086,0.45125,1.29954,-0.31327,336.9198,34.90015,10.76051,-0.08095,0.0593,0.10527,0.14543,23.89476
5.48389,0.34765,1.58732,-0.43893,23.71476,59.30537,359.916,-0.04147,-0.01645,0.05342,0.0696,19.92988,0.17732,0.84086,-0.21893,50.96742,19.43806,329.2299,-0.13706,-0.03599,-0.04994,0.15025,22.66729,0.4815,1.29899,-0.32335,337.6682,34.81113,9.46706,-0.01937,0.00249,0.11617,0.1178,33.11324
5.50611,0.36704,1.58701,-0.44714,23.89038,58.94115,359.7817,-0.03706,-0.01312,0.04664,0.061,17.29608,0.1926,0.83772,-0.23131,51.62991,18.48834,328.8089,-0.19727,-0.10872,-0.11392,0.25242,31.64896,0.5018,1.29812,-0.33017,337.7366,34.93868,9.39361,-0.00733,-0.02162,0.10421,0.10668,10.62434
5.52834,0.38641,1.5868,-0.45536,23.99847,58.59609,359.7275,-0.03755,-0.0113,0.046,0.06045,16.27749,0.20896,0.8361,-0.24239,51.87867,17.99889,328.4492,-0.1854,-0.09084,-0.09875,0.22886,24.5429,0.52144,1.298,-0.33733,337.6729,34.97281,9.34208,-0.01658,-0.01367,0.09867,0.10099,6.23894
5.56168,0.41588,1.58684,-0.46761,23.9687,58.12656,359.6612,-0.03296,-0.00192,0.03791,0.05027,13.79702,0.23237,0.83047,-0.26243,53.08392,17.2475,327.5499,-0.20624,-0.14923,-0.17332,0.30797,35.07351,0.55117,1.29777,-0.34843,337.4399,35.12771,9.46479,-0.02194,-0.00851,0.07698,0.0805,6.95755
5.59501,0.44642,1.58717,-0.4778,23.84945,57.66574,359.6632,-0.02686,0.00701,0.03345,0.04347,14.0079,0.25595,0.8246,-0.281,54.03098,16.01539,325.5153,-0.22668,-0.16935,-0.2079,0.35112,43.33777,0.58178,1.29705,-0.35722,337.8473,35.09518,8.73262,-0.02245,-0.01824,0.07468,0.08008,17.91286
5.61724,0.46708,1.58726,-0.48383,23.77365,57.41146,359.5741,-0.02356,0.00483,0.03393,0.04159,11.04087,0.27095,0.81973,-0.294,55.1846,14.83116,324.3786,-0.26355,-0.20704,-0.2624,0.42565,55.69297,0.60265,1.29625,-0.36283,338.31,35.13554,7.94039,-0.01582,-0.03063,0.05799,0.06746,35.10303
5.63946,0.48797,1.5872,-0.48894,23.78474,57.19617,359.5356,-0.02519,0.00102,0.02929,0.03865,9.974,0.28666,0.81537,-0.30549,56.08809,13.7414,322.9646,-0.26173,-0.20167,-0.26227,0.42185,54.7492,0.62387,1.29557,-0.36743,338.6363,35.16228,7.05912,-0.0139,-0.03073,0.05295,0.06278,38.40071
5.67279,0.51958,1.58702,-0.49616,23.77029,56.9697,359.4933,-0.0237,-0.00396,0.02304,0.03328,7.29315,0.31005,0.80874,-0.32226,57.33484,11.56926,320.0948,-0.26763,-0.19956,-0.26474,0.42607,58.84916,0.65575,1.29359,-0.37315,339.4045,34.79608,6.02492,-0.01464,-0.05216,0.06275,0.0829,41.58831
5.70612,0.55159,1.58696,-0.50292,23.77081,56.73951,359.5553,-0.01698,-0.00231,0.01935,0.02585,7.58146,0.33483,0.80318,-0.33839,58.45118,10.19304,318.4797,-0.24071,-0.17509,-0.26371,0.39766,46.10018,0.68801,1.2909,-0.37814,340.0607,34.47197,5.92083,-0.00922,-0.07361,0.0689,0.10125,25.77125
5.72834,0.57298,1.58705,-0.50759,23.77765,56.64048,359.6807,-0.01432,0.00192,0.01157,0.01851,8.32323,0.35171,0.80043,-0.34872,59.00172,9.09657,317.1977,-0.22165,-0.13296,-0.24292,0.35471,40.85289,0.71001,1.28984,-0.38198,340.4095,34.26321,5.61165,0.0112,-0.05226,0.05277,0.07511,26.45438
5.75056,0.59423,1.587,-0.51199,23.78108,56.47597,359.7189,-0.01782,-0.00012,0.01178,0.02137,8.18922,0.36875,0.79775,-0.35826,59.3179,7.71783,315.2783,-0.21599,-0.12663,-0.2312,0.34079,43.77779,0.73215,1.28914,-0.38562,340.8102,34.12797,5.22393,0.0151,-0.04172,0.04927,0.0663,26.75509
5.78389,0.62616,1.58704,-0.51883,23.7417,56.20901,359.7399,-0.01916,0.00088,0.0065,0.02025,8.24467,0.3955,0.79458,-0.3722,60.04353,5.85502,313.0839,-0.18534,-0.10302,-0.21408,0.30132,40.5689,0.76658,1.28869,-0.39167,341.6835,34.00628,3.44351,0.04523,-0.02062,0.03372,0.06007,51.75478
5.80611,0.64779,1.58745,-0.5234,23.6238,56.02256,359.7008,-0.00722,0.01529,0.00458,0.01752,9.04756,0.41615,0.79409,-0.38046,60.39249,6.18321,313.8574,-0.07972,-0.04128,-0.17191,0.19394,21.22249,0.79248,1.28859,-0.39638,343.0943,34.3682,359.9717,0.15261,-0.01066,0.00675,0.15313,134.9948
5.82833,0.66939,1.58782,-0.52792,23.52577,55.80079,359.7168,-0.00653,0.01607,0.00541,0.01817,10.08308,0.43627,0.7931,-0.3888,60.75241,6.12456,314.0685,-0.07604,-0.04275,-0.16906,0.19024,20.62312,0.81725,1.28836,-0.40078,343.9003,34.76901,358.1356,0.1447,-0.01041,0.00909,0.14535,110.8886
5.86167,0.70168,1.58818,-0.5347,23.4499,55.5067,359.7165,-0.00908,0.01218,0.00278,0.01545,9.3164,0.46752,0.79249,-0.39973,60.73791,5.67447,313.5804,-0.04998,-0.02442,-0.13394,0.14503,6.51084,0.854,1.28894,-0.40728,344.2217,35.44628,357.1615,0.12887,0.01031,0.0101,0.12968,49.90839
5.895,0.73386,1.58829,-0.54217,23.4543,55.21451,359.7998,-0.0098,0.0054,-0.00178,0.01133,9.71518,0.50048,0.79273,-0.4103,60.69872,5.81137,313.6812,-0.00235,-0.00068,-0.10602,0.10605,0.24131,0.89062,1.29002,-0.41484,344.072,36.45651,356.9394,0.12463,0.02705,-0.00215,0.12755,27.90821
5.91726,0.75533,1.58835,-0.54748,23.53624,54.97537,359.9183,-0.00932,0.00369,-0.00846,0.01312,13.30955,0.52395,0.79326,-0.41698,60.92795,6.45109,314.6297,0.05257,0.01397,-0.08239,0.09872,17.77246,0.91497,1.29103,-0.42073,344.08,36.91908,355.4865,0.12033,0.04178,-0.02844,0.13051,53.80885
5.93945,0.77667,1.58843,-0.55289,23.53555,54.74064,359.9518,-0.00969,0.0036,-0.00846,0.01336,12.16755,0.54626,0.79331,-0.42388,60.97458,6.54326,314.782,0.04302,0.00812,-0.07918,0.09048,11.05795,0.93903,1.29186,-0.42659,344.0797,37.45131,354.3221,0.11653,0.03958,-0.02864,0.12636,52.57221
5.97278,0.80871,1.58849,-0.56143,23.53958,54.28528,359.968,-0.00969,0.00225,-0.01442,0.01751,13.37884,0.58138,0.79424,-0.43215,60.39882,6.63685,314.61,0.07284,0.02311,-0.02585,0.08068,12.48279,0.97462,1.29279,-0.43582,343.65,38.55304,353.9655,0.10182,0.0309,-0.03498,0.11201,33.52334
6.00612,0.84092,1.58858,-0.56983,23.53881,53.81808,359.937,-0.00738,0.00246,-0.01857,0.02013,13.57028,0.61703,0.79557,-0.43951,59.76709,6.83669,315.0318,0.09074,0.0356,0.00188,0.09749,17.98322,1.00853,1.29418,-0.44502,342.5205,39.30845,354.6029,0.05879,0.03895,-0.04164,0.0819,39.80505
6.02833,0.86245,1.58865,-0.57581,23.53978,53.54627,359.874,-0.00545,0.00224,-0.03354,0.03405,11.2069,0.64269,0.79705,-0.44426,59.6291,8.08109,316.5393,0.15899,0.0574,0.01094,0.16939,26.10681,1.03139,1.29438,-0.45137,342.4218,39.67545,353.8392,0.05975,0.01444,-0.05222,0.08065,28.79079
6.05055,0.88396,1.5887,-0.58139,23.55247,53.29251,359.8901,-0.00652,0.00211,-0.03173,0.03246,11.36343,0.66757,0.79845,-0.44871,59.1692,8.77322,316.9424,0.15162,0.06004,0.01603,0.16386,23.89516,1.05491,1.29447,-0.45746,342.433,40.38741,353.0643,0.07136,0.00921,-0.05251,0.08908,33.74648
6.08388,0.91623,1.58876,-0.59048,23.5315,52.97236,359.9913,-0.00626,0.00182,-0.04402,0.0445,11.10839,0.70466,0.80057,-0.45488,58.41151,9.41971,317.3802,0.14165,0.06285,0.0336,0.15857,24.19997,1.09005,1.29447,-0.46695,342.4312,41.50994,351.9723,0.07789,0.00227,-0.05836,0.09736,37.80541
6.10611,0.93779,1.58892,-0.5966,23.41571,52.70418,0.02719,-0.00603,0.00657,-0.0535,0.05424,12.9769,0.73,0.80241,-0.45829,57.98854,10.03172,318.0753,0.15559,0.0762,0.05156,0.18075,24.61519,1.11154,1.29402,-0.47242,342.3349,41.20218,351.5785,0.01655,-0.01131,-0.03668,0.0418,28.0985
6.12834,0.9594,1.58903,-0.6022,23.36028,52.42041,0.03889,-0.00604,0.0058,-0.04957,0.05028,13.06375,0.75488,0.80401,-0.46208,57.54612,10.52181,318.4186,0.1482,0.07413,0.04391,0.17142,23.75377,1.13389,1.29374,-0.47784,342.3017,41.23006,350.7918,0.02202,-0.01189,-0.03709,0.04474,31.49909
6.16166,0.99185,1.58918,-0.61067,23.35529,51.98521,0.04479,-0.00592,0.00471,-0.05243,0.05298,13.03583,0.79279,0.80666,-0.4686,57.08943,12.19271,319.436,0.15561,0.07814,0.01476,0.17475,29.34383,1.16784,1.29267,-0.48605,342.4774,41.68259,349.9153,0.03468,-0.02702,-0.04347,0.06183,26.50676
6.18388,1.01353,1.58924,-0.61621,23.3475,51.65082,0.04454,-0.00545,0.00316,-0.05256,0.05294,14.37776,0.81765,0.80856,-0.47254,56.58055,12.93784,319.7799,0.14272,0.08202,0.01827,0.16562,29.76577,1.19055,1.29215,-0.4917,342.5142,42.19437,349.6355,0.03942,-0.02261,-0.05333,0.07007,21.69268
6.20611,1.03526,1.58928,-0.62159,23.32569,51.31184,0.06925,-0.00497,0.00254,-0.05354,0.05383,15.05972,0.84217,0.81034,-0.47624,56.12003,13.44774,319.9508,0.13189,0.08105,0.01958,0.15604,28.18068,1.21255,1.29223,-0.49722,342.1832,42.38997,349.5449,0.02343,-0.00945,-0.05695,0.06231,16.12289
6.23944,1.06799,1.58923,-0.62949,23.34499,50.7479,359.9734,-0.00234,-0.00055,-0.05616,0.05622,15.70326,0.87728,0.81265,-0.48166,55.42872,13.71788,320.1758,0.08516,0.07237,0.01788,0.11318,22.16443,1.24389,1.29259,-0.50488,341.336,42.22229,350.5138,-0.0267,0.0057,-0.05166,0.05843,28.00888
6.26167,1.08978,1.58918,-0.63449,23.35223,50.42149,359.9191,-0.00431,-0.00119,-0.05248,0.05267,14.41718,0.901,0.81419,-0.48507,55.13143,13.93694,320.6071,0.08926,0.07136,0.02002,0.11602,18.54348,1.26544,1.29268,-0.50993,340.9123,42.32621,350.8118,-0.01431,0.00296,-0.05223,0.05424,22.76608
6.28389,1.11167,1.58898,-0.63986,23.41441,50.13617,359.8439,-0.00148,-0.00508,-0.05781,0.05805,13.21333,0.92337,0.81511,-0.48912,54.94187,13.96771,321.1647,0.05591,0.05641,0.00803,0.07983,19.47631,1.28663,1.29263,-0.51492,340.9137,42.05355,350.5924,-0.02239,0.00029,-0.04916,0.05402,9.86631
6.30611,1.13358,1.58889,-0.64484,23.5116,49.8629,359.9068,-0.00128,-0.00362,-0.05895,0.05908,13.85708,0.94491,0.8152,-0.49368,54.73442,13.7572,320.781,0.0039,0.02132,-0.02827,0.03562,12.61086,1.30818,1.29284,-0.51997,340.9915,41.79921,349.484,-0.01901,0.01107,-0.06225,0.06602,34.40717
6.32833,1.15548,1.58877,-0.64965,23.58674,49.57741,359.9145,-0.00156,-0.0045,-0.05871,0.05891,13.63244,0.96737,0.81595,-0.49787,54.52612,13.8599,320.6457,0.01365,0.02743,-0.02973,0.04269,12.83697,1.32962,1.29308,-0.52466,340.7019,41.77162,349.5317,-0.02084,0.01087,-0.0579,0.06249,18.49723
6.36168,1.18842,1.58855,-0.65681,23.70428,49.20815,359.9159,-0.00069,-0.00609,-0.06118,0.06149,12.1289,0.99957,0.81607,-0.50549,54.39252,13.75729,319.7821,-0.0135,0.00967,-0.0641,0.06622,20.3347,1.36147,1.29319,-0.5307,340.5259,41.41141,349.9934,-0.03011,0.00529,-0.03568,0.04698,11.18776
6.3839,1.21039,1.58836,-0.66151,23.79031,48.95412,0.02285,-0.00075,-0.00775,-0.06208,0.06256,14.53298,1.02032,0.81568,-0.51084,54.44051,13.59397,319.5641,-0.04779,-0.01299,-0.08836,0.10129,6.80621,1.38314,1.29293,-0.53464,340.588,41.16884,349.9041,-0.0144,-0.00869,-0.03186,0.03603,10.11595
6.40612,1.2322,1.58819,-0.66599,23.85401,48.58173,0.08957,-0.00469,-0.00764,-0.0615,0.06215,16.42909,1.04124,0.81532,-0.51567,54.4482,13.27293,319.3272,-0.04814,-0.01457,-0.08256,0.09667,6.26891,1.4055,1.29263,-0.53884,340.6567,41.34614,349.625,0.00087,-0.01105,-0.04014,0.04164,8.13392
6.43946,1.26495,1.58799,-0.67259,23.88958,48.00608,0.03481,-0.0066,-0.00649,-0.05614,0.0569,16.48699,1.07154,0.8138,-0.52388,54.60247,12.54249,318.6117,-0.07255,-0.03781,-0.09752,0.12729,12.01967,1.44038,1.29156,-0.54569,340.9386,42.43271,349.4478,0.04277,-0.02682,-0.05656,0.07581,24.10346
6.46168,1.28698,1.58801,-0.67697,23.79537,47.70292,359.9775,0.00077,-0.00025,-0.05072,0.05072,13.53197,1.09145,0.81233,-0.53014,55.05219,12.04773,318.1392,-0.08552,-0.05675,-0.12287,0.1601,19.89526,1.46226,1.2909,-0.54954,341.0693,42.07437,349.5149,0.00458,-0.0288,-0.0299,0.04177,9.3489
6.4839,1.30908,1.58817,-0.68144,23.72582,47.44938,0.03001,0.00345,0.00348,-0.04888,0.04912,13.10331,1.1111,0.81075,-0.53674,55.4455,11.47859,317.4875,-0.09458,-0.06394,-0.13277,0.17511,22.00156,1.48268,1.29002,-0.55244,341.2385,40.86682,350.3631,-0.03229,-0.03418,-0.00302,0.04712,31.64746
6.51724,1.34188,1.58818,-0.68878,23.75265,47.00322,0.11561,0.00015,0.00094,-0.04784,0.04785,14.13374,1.14075,0.80867,-0.54713,55.78003,10.72344,316.4696,-0.09538,-0.06269,-0.1377,0.17885,20.21432,1.51508,1.29056,-0.56096,340.1148,41.60211,351.7177,-0.01801,0.00345,-0.06319,0.0658,45.81803
6.55057,1.37464,1.58801,-0.69575,23.8595,46.59678,0.09924,-0.00204,-0.00343,-0.04227,0.04245,12.72565,1.17056,0.80673,-0.55738,56.29507,10.03209,316.1858,-0.0923,-0.05933,-0.13837,0.1766,19.18796,1.54745,1.29072,-0.56928,339.3532,42.23043,352.7178,-0.01522,0.00451,-0.07619,0.07782,46.18067
6.5728,1.39678,1.58823,-0.69994,23.79674,46.39922,0.06814,0.00752,0.00695,-0.02542,0.0274,9.44927,1.19017,0.80511,-0.56432,56.78664,9.18035,315.5084,-0.09706,-0.06752,-0.1414,0.18432,25.89048,1.56767,1.28942,-0.57228,339.7825,40.92681,353.4055,-0.05235,-0.04689,0.00313,0.07035,38.52794
6.59502,1.41887,1.58832,-0.70418,23.79639,46.11559,0.06995,0.00761,0.00538,-0.02543,0.02708,11.06085,1.21039,0.80393,-0.57094,57.07653,8.71676,314.9924,-0.08673,-0.06019,-0.13688,0.17287,21.73452,1.58873,1.28835,-0.57609,339.9135,40.44122,354.1044,-0.04549,-0.04756,-0.00162,0.06583,34.99258
6.62836,1.45194,1.58825,-0.71017,23.90064,45.57722,359.9324,0.0057,-0.00014,-0.02006,0.02086,14.09571,1.24127,0.80255,-0.58057,57.51741,8.15326,314.5328,-0.06723,-0.04622,-0.12996,0.15345,17.41611,1.62111,1.28683,-0.58293,339.7824,40.76261,355.2151,-0.02289,-0.04597,-0.0333,0.0612,33.12842
6.65058,1.47405,1.58799,-0.71351,24.02012,45.32209,359.8283,0.00701,-0.00783,-0.00372,0.01115,11.5981,1.26295,0.80221,-0.58644,57.71386,8.14643,314.3803,-0.02412,-0.02095,-0.1145,0.11887,11.37628,1.64206,1.28414,-0.58442,340.6608,39.46158,355.9335,-0.05149,-0.10437,0.05657,0.1294,55.95324
6.6728,1.49614,1.58783,-0.71711,24.10186,45.06514,359.8405,0.00611,-0.00756,-0.00914,0.01334,11.83403,1.2843,0.80177,-0.59201,57.75987,7.9766,313.9713,-0.02615,-0.02039,-0.1091,0.11403,10.89509,1.66293,1.28209,-0.58675,341.2182,38.49651,356.4969,-0.05061,-0.09835,0.04963,0.12123,52.62782
6.70613,1.52924,1.58732,-0.72208,24.415,44.64072,359.9322,0.00411,-0.01324,-0.00552,0.01492,15.50584,1.31707,0.80146,-0.59939,57.5317,7.63771,312.8628,-0.01142,-0.01215,-0.08464,0.08626,21.51024,1.69584,1.27935,-0.5908,342.1815,38.1469,356.5425,-0.01439,-0.08627,0.02973,0.09237,33.75618
6.72835,1.55127,1.58683,-0.72486,24.67456,44.27007,359.9863,0.00126,-0.01823,0.00391,0.01868,19.19251,1.33986,0.80201,-0.60322,57.32977,7.79751,312.8403,0.02152,0.01552,-0.05102,0.05751,9.78221,1.71885,1.27824,-0.59353,342.3934,39.10999,357.3117,0.02141,-0.06207,0.0227,0.06947,44.78878
6.75057,1.57326,1.58654,-0.72757,24.83364,43.87344,359.9889,-0.0002,-0.01561,0.00667,0.01698,19.14832,1.3621,0.80226,-0.60759,57.33753,7.81329,312.8679,0.01553,0.01337,-0.05817,0.06168,4.89111,1.74055,1.27657,-0.59535,342.776,39.03774,358.3938,0.00339,-0.06858,0.03612,0.07759,46.13559
6.7839,1.6063,1.58623,-0.73116,24.95272,43.26885,0.03044,-0.00081,-0.01091,0.01318,0.01713,18.92922,1.39605,0.80308,-0.61276,57.20676,7.76696,312.8663,0.02351,0.02181,-0.03864,0.05021,3.76812,1.77217,1.27417,-0.59676,343.2833,38.03901,359.4873,-0.03199,-0.07121,0.06942,0.10446,37.8175
6.81723,1.63955,1.58618,-0.73425,25.03806,42.79743,0.15928,0.00233,-0.00378,0.01458,0.01524,16.94372,1.43021,0.80388,-0.6171,56.89658,7.74253,312.5773,0.0288,0.02344,-0.02654,0.04564,9.97313,1.80557,1.27336,-0.59974,343.8406,37.75095,357.6633,-0.00197,-0.036,0.03118,0.04767,40.86728
6.83944,1.66161,1.58595,-0.73606,25.18692,42.31551,0.25804,-0.00121,-0.0102,0.02114,0.0235,23.06182,1.45317,0.80454,-0.61977,56.67478,7.78818,312.2849,0.03586,0.02721,-0.01871,0.04875,16.15969,1.82827,1.27283,-0.60119,344.3638,38.09721,357.0959,0.02371,-0.03049,0.03896,0.05486,31.7654
6.86166,1.6835,1.58548,-0.73765,25.41815,41.74305,0.23667,-0.00569,-0.01558,0.02195,0.02751,25.09683,1.47606,0.80508,-0.62215,56.43304,7.75126,312.0429,0.03512,0.02575,-0.01561,0.04626,15.21843,1.85151,1.27166,-0.60248,345.041,38.75949,356.8269,0.03725,-0.04148,0.03766,0.06728,35.46749
6.895,1.71634,1.58463,-0.73931,25.84252,40.86116,0.16995,-0.01052,-0.02297,0.02446,0.03517,27.68412,1.51058,0.80587,-0.62501,56.11982,7.76392,311.8957,0.0377,0.02418,-0.01217,0.04641,11.52369,1.88728,1.27025,-0.60414,346.4373,39.20251,353.942,0.06597,-0.04208,0.0283,0.08321,77.01536
6.91721,1.7384,1.58432,-0.74021,25.95217,40.41991,0.19344,-0.00664,-0.01534,0.02158,0.0273,21.70645,1.53384,0.80669,-0.62621,55.85317,7.95305,312.3782,0.04854,0.03763,0.00813,0.06195,18.19575,1.90901,1.2702,-0.60448,346.8398,38.00058,352.7696,-0.01677,-0.00556,0.04842,0.05155,80.10751
6.93943,1.76049,1.58395,-0.74098,26.12837,39.96541,0.25821,-0.00556,-0.0161,0.01971,0.02606,22.46928,1.5568,0.80728,-0.62755,55.64209,7.95359,312.396,0.04167,0.03211,0.00021,0.05261,13.17951,1.93052,1.26949,-0.60389,347.284,37.15631,352.8617,-0.02351,-0.01882,0.06372,0.07048,57.12529
6.97276,1.79347,1.58325,-0.74206,26.44661,39.28159,0.43855,-0.00824,-0.01979,0.01631,0.02694,24.54495,1.59132,0.8082,-0.62951,55.27262,8.00375,312.3028,0.03795,0.02864,-0.00852,0.0483,11.33765,1.96412,1.26878,-0.60463,347.1524,37.59023,354.1636,0.00114,-0.02061,0.03499,0.04063,23.36829
7.00609,1.82662,1.5827,-0.74288,26.66865,38.62027,0.57717,-0.00565,-0.0172,0.01381,0.02277,23.37143,1.62575,0.80849,-0.63184,55.23433,8.18119,312.4051,0.03463,0.01383,-0.02631,0.04564,4.6673,1.99765,1.26719,-0.60439,347.5712,37.35652,353.9612,0.00509,-0.04087,0.04248,0.05917,11.21733
7.02832,1.84902,1.58258,-0.74337,26.64557,38.19059,0.6353,0.00452,-0.00791,0.00921,0.01295,20.96935,1.64844,0.80836,-0.63348,55.32429,8.21562,312.6053,0.02368,-0.00244,-0.03998,0.04653,6.46272,2.0193,1.2658,-0.60432,347.6236,36.81271,353.3887,-0.01016,-0.05417,0.0243,0.06023,32.45344
7.05054,1.87123,1.58239,-0.74365,26.70686,37.76646,0.68442,0.00213,-0.00835,0.00844,0.01206,20.64124,1.67088,0.80831,-0.63451,55.26956,8.01313,312.5616,0.01677,-0.00231,-0.03285,0.03695,6.08399,2.0428,1.26565,-0.60604,346.9357,37.67875,352.1037,0.02373,-0.0305,-0.01632,0.04194,43.60056
7.08387,1.90442,1.58199,-0.74367,26.88113,37.02985,0.67712,-0.0027,-0.01102,0.00646,0.01306,22.04996,1.70413,0.80809,-0.63546,55.17342,7.48026,312.4059,0.00233,-0.00543,-0.02501,0.0257,10.92556,2.07846,1.26438,-0.60702,347.041,38.94219,350.5582,0.05838,-0.03616,-0.02132,0.0719,49.08642
7.10609,1.92657,1.58185,-0.74364,26.96582,36.48577,0.56971,-0.00234,-0.00627,0.00732,0.00992,22.34341,1.72581,0.80742,-0.63652,55.26954,7.02637,312.1922,-0.01631,-0.0222,-0.039,0.04775,12.67048,2.09933,1.26187,-0.60528,348.0649,36.97208,351.3397,-0.03148,-0.0939,0.05641,0.11398,63.86278
7.12832,1.94877,1.58172,-0.74327,27.0203,35.98828,0.56047,-0.00172,-0.00613,0.00897,0.011,22.29833,1.74812,0.80736,-0.63703,55.23642,6.78112,312.0779,-0.00605,-0.0124,-0.03387,0.03657,9.89848,2.12166,1.26061,-0.60467,348.3251,36.71638,351.4378,-0.01328,-0.07513,0.03899,0.08569,39.84823
7.15054,1.97124,1.58183,-0.74287,26.92243,35.64799,0.45525,0.00782,0.00071,0.00653,0.01021,15.38711,1.77025,0.80676,-0.63822,55.34628,6.71108,311.7544,-0.00189,-0.02228,-0.05689,0.06112,9.18207,2.14832,1.26102,-0.60695,348.0412,38.33996,350.0514,0.1637,-0.03006,-0.06939,0.18032,67.33553
7.18388,2.00468,1.58159,-0.74197,27.0018,35.07337,0.45209,0.00553,-0.00331,0.00581,0.00868,16.1447,1.80362,0.80638,-0.6388,55.29817,6.4176,311.393,-0.00038,-0.01696,-0.04808,0.05099,7.06941,2.18405,1.25912,-0.60591,348.8993,38.5242,349.8495,0.11784,-0.04353,-0.03009,0.12918,41.46435
7.20609,2.02726,1.58153,-0.74148,27.0719,34.84478,0.53273,0.01373,-0.00187,0.0025,0.01408,13.95589,1.82572,0.80603,-0.63901,55.37845,6.14353,311.4964,-0.00265,-0.01476,-0.03552,0.03855,11.92346,2.20471,1.25864,-0.60432,348.003,37.3341,351.8221,-0.02561,-0.0199,0.01912,0.03765,65.74647
7.22832,2.04972,1.58142,-0.74088,27.11419,34.49044,0.55887,0.01233,-0.00355,0.00426,0.01352,15.25919,1.84773,0.8056,-0.63925,55.38465,5.82597,311.4795,-0.00596,-0.01702,-0.03371,0.03823,12.68981,2.22728,1.25863,-0.60407,347.1268,36.95642,352.1541,-0.00491,-0.0101,0.00467,0.01216,52.45514
7.26165,2.08339,1.5812,-0.73969,27.1789,33.97487,0.47275,0.01082,-0.00588,0.00997,0.01584,14.6636,1.88063,0.80479,-0.63965,55.44257,5.1838,311.142,-0.01101,-0.0224,-0.03524,0.04318,12.21345,2.26572,1.25647,-0.60435,347.7806,38.48661,349.9075,0.114,-0.05102,-0.02285,0.12697,45.55127
7.28387,2.10606,1.58124,-0.73872,27.13404,33.78866,0.34682,0.01903,0.00129,0.02221,0.02927,7.97315,1.90335,0.8045,-0.64036,55.54044,5.35619,311.0963,0.01916,-0.01424,-0.04734,0.05301,7.80372,2.28899,1.25511,-0.60308,348.3461,37.9632,349.313,0.05711,-0.05761,0.03171,0.0871,43.09396
7.30609,2.12869,1.58115,-0.738,27.17309,33.53086,0.3602,0.01881,-0.00143,0.01728,0.02559,9.48612,1.92569,0.80439,-0.6405,55.52627,5.11241,310.9686,0.01244,-0.00958,-0.03707,0.04026,2.44288,2.31243,1.255,-0.60316,348.0815,38.42077,349.2806,0.05628,-0.03129,0.00406,0.06452,15.97092
7.32832,2.15175,1.58126,-0.73731,27.13793,33.47516,0.42608,0.02834,0.00182,0.01346,0.03143,6.61855,1.94792,0.80444,-0.64029,55.59484,4.69387,311.0573,0.00652,-0.00366,-0.02442,0.02554,11.14259,2.33534,1.25482,-0.60238,348.4396,38.27613,349.167,0.04367,-0.01973,0.00887,0.04873,15.33643
7.35054,2.17462,1.58131,-0.73631,27.10859,33.47454,0.4985,0.02906,0.00204,0.01316,0.03196,4.47464,1.97006,0.80475,-0.63959,55.54235,4.15652,311.1287,0.00172,0.00505,-0.01257,0.01365,18.89351,2.35866,1.25401,-0.60109,349.2434,38.06351,348.3481,0.04683,-0.0282,0.01719,0.0573,34.56629
7.37276,2.19739,1.58125,-0.73531,27.12845,33.38093,0.56554,0.02713,-0.00027,0.01198,0.02966,5.28301,1.99218,0.80494,-0.6389,55.49981,3.62673,311.1174,-0.00125,0.0069,-0.00786,0.01053,21.16803,2.38203,1.25322,-0.59977,349.9,37.9889,347.6512,0.04944,-0.03182,0.02133,0.06254,39.05399
7.4061,2.23152,1.58099,-0.73429,27.23111,33.26261,0.65347,0.02498,-0.00588,0.00771,0.0268,5.7759,2.02529,0.80543,-0.6378,55.26962,2.71389,311.0894,-0.00508,0.01271,0.00473,0.01449,25.88176,2.4162,1.25247,-0.59748,350.5222,37.9979,347.344,0.03143,-0.02491,0.03886,0.05584,24.90837
7.42832,2.25411,1.58091,-0.73356,27.38798,33.02179,0.62531,0.01967,-0.00425,0.00625,0.02107,12.23764,2.04779,0.80573,-0.63726,55.0643,2.73457,311.6488,0.0107,0.01445,-0.00118,0.01802,25.78067,2.43765,1.25414,-0.59654,349.6932,38.02665,348.1977,-0.0182,0.05086,0.01917,0.05732,34.58778
7.45054,2.27647,1.58087,-0.73282,27.4059,32.96503,0.63247,0.01312,-0.00299,0.00475,0.01427,7.47484,2.07005,0.80592,-0.63673,54.97297,2.40401,311.7788,0.00635,0.01152,-0.00381,0.0137,22.63046,2.46037,1.25407,-0.59539,349.7826,38.02126,348.1232,0.00232,0.02379,0.02025,0.03133,14.69028
7.48388,2.30956,1.58124,-0.72612,27.20024,32.3083,0.35783,0.01159,0.00765,0.01727,0.02216,15.13117,2.09874,0.81021,-0.62237,48.94951,359.0014,307.2368,-0.08902,0.09929,0.18748,0.23007,150.0793,2.48987,1.25651,-0.58749,350.3008,36.79882,348.8978,-0.07185,0.0609,0.04834,0.10587,32.47553
7.50611,2.32848,1.58146,-0.72,27.14846,32.17054,0.28645,0.01145,0.00979,0.00946,0.01779,8.25091,2.11247,0.80894,-0.61477,48.64008,355.0021,303.9568,-0.18317,-0.01295,0.09192,0.20535,102.9981,2.50801,1.25629,-0.58005,351.2568,36.07794,348.4763,-0.03976,0.00483,0.06801,0.07893,52.58734
7.53945,2.33949,1.58159,-0.71339,27.09093,32.08309,0.25848,0.01216,0.00553,0.00604,0.01466,4.2091,2.12405,0.80713,-0.61284,52.39145,355.7206,307.8275,-0.02377,-0.04388,-0.0785,0.09302,105.445,2.5169,1.25856,-0.57318,349.9995,36.15179,349.6133,-0.04832,0.0523,0.02664,0.07603,30.50001
7.56168,2.33946,1.5814,-0.71357,27.15101,32.118,0.38756,0.00136,-0.00525,-0.00475,0.00721,5.05242,2.1233,0.80489,-0.614,52.69058,354.8588,304.9375,-0.03066,-0.05658,-0.03508,0.07329,58.75177,2.51373,1.2586,-0.57113,349.8845,34.77981,350.9488,-0.10636,0.01109,0.06829,0.12688,50.90099
7.58388,2.33949,1.58129,-0.71356,27.16694,32.04449,0.44232,0.00143,-0.00502,-0.00222,0.00567,4.77246,2.12273,0.80525,-0.6133,51.85958,354.7441,303.8191,-0.02803,-0.02005,-0.00181,0.03451,53.9923,2.51198,1.25854,-0.57003,349.9543,34.30099,351.3356,-0.09264,0.00438,0.05905,0.10994,37.89375
7.61723,2.33958,1.58153,-0.71338,27.03225,31.9072,0.56345,0.0022,0.0042,0.00346,0.00587,6.64857,2.1217,0.80676,-0.61173,51.56796,354.4886,305.7394,-0.03029,0.02878,0.03483,0.0544,36.80688,2.50575,1.25902,-0.56751,349.4108,32.58363,353.5179,-0.16309,0.01182,0.07135,0.17841,67.21523
7.65055,2.33927,1.58167,-0.71329,26.93662,31.70396,0.61268,-0.00639,0.00421,0.00289,0.00818,7.19432,2.12023,0.80735,-0.61106,51.46454,353.6226,306.3008,-0.04061,0.02054,0.02381,0.05136,39.38081,2.49894,1.26037,-0.56623,348.1044,30.91251,355.6331,-0.1942,0.03324,0.04657,0.20245,78.09741
7.67276,2.33864,1.58177,-0.71324,26.89253,31.43328,0.59071,-0.02622,0.00442,0.00288,0.02675,11.28878,2.12014,0.80731,-0.6113,51.38985,353.7335,306.0579,-0.0066,0.00063,-0.00856,0.01083,9.49489,2.49213,1.26029,-0.56439,347.7912,28.79064,358.4067,-0.30881,-0.00131,0.08302,0.31978,140.5499
7.69498,2.33828,1.58183,-0.71314,26.8379,31.20979,0.56649,-0.02127,0.00364,0.00386,0.02193,10.59879,2.11984,0.80716,-0.61155,51.42164,353.6393,305.8722,-0.01012,-0.00309,-0.00979,0.01442,6.96495,2.48589,1.26139,-0.56358,346.7769,26.96897,0.59897,-0.29466,0.02408,0.05957,0.30158,129.9214
7.72832,2.33753,1.58223,-0.71281,26.62304,30.84986,0.52195,-0.02215,0.0099,0.00838,0.02567,11.62364,2.11917,0.80651,-0.61189,51.36823,353.3178,305.4511,-0.01745,-0.01548,-0.01021,0.02546,7.31501,2.47394,1.26359,-0.56305,345.1093,22.66919,3.41354,-0.34267,0.05555,0.02691,0.34818,138.9491
7.75054,2.337,1.58272,-0.71258,26.38312,30.70179,0.59995,-0.0252,0.01931,0.00973,0.0332,13.18236,2.11877,0.80697,-0.61152,51.10005,353.0527,305.7023,-0.01478,0.01781,0.01301,0.02655,20.32459,2.46619,1.26277,-0.56158,345.6228,19.93666,5.01673,-0.35068,-0.01888,0.05566,0.35558,125.9386
7.77277,2.33642,1.58293,-0.71243,26.26003,30.53619,0.62256,-0.02557,0.01427,0.00809,0.03038,11.34369,2.11821,0.80689,-0.61143,51.0066,352.7056,305.7485,-0.02,0.00713,0.00862,0.02292,18.54086,2.45977,1.26264,-0.5609,345.4435,18.03483,6.6717,-0.31988,-0.01225,0.04318,0.32301,111.09
7.80611,2.33519,1.58311,-0.71225,26.16959,30.25103,0.71973,-0.03416,0.00757,0.00615,0.03552,10.49276,2.11809,0.8063,-0.61188,50.95778,352.484,305.488,-0.0076,-0.01148,-0.00809,0.01597,5.75208,2.45124,1.26371,-0.56052,344.8962,15.63912,9.12434,-0.27164,0.02098,0.01923,0.27313,94.3866
7.82833,2.33403,1.58321,-0.71212,26.18134,29.90279,0.75738,-0.04322,0.00597,0.00597,0.04404,13.1821,2.11824,0.80578,-0.61266,51.26079,352.3628,305.2343,-0.00052,-0.01757,-0.02148,0.02775,7.08414,2.44627,1.26499,-0.56088,344.3816,14.08537,9.58118,-0.24772,0.03921,0.00148,0.25081,79.28918
7.85054,2.33286,1.58354,-0.71177,26.02666,29.5534,0.68231,-0.04925,0.0132,0.01455,0.05303,14.79543,2.1183,0.80471,-0.61375,51.52329,352.0746,304.3716,0.00052,-0.04351,-0.04281,0.06104,26.90282,2.44234,1.26597,-0.56083,344.4497,12.6021,9.46735,-0.19026,0.0471,-0.00153,0.19601,65.61375
7.87277,2.33206,1.58369,-0.71154,25.9357,29.31315,0.69179,-0.04282,0.00992,0.01241,0.04567,13.23303,2.11867,0.8044,-0.61417,51.39663,352.2978,304.2481,0.00864,-0.02882,-0.03103,0.04322,18.68984,2.44029,1.26794,-0.56125,343.692,12.46303,9.98682,-0.14111,0.06792,-0.01004,0.15693,40.73804
7.9061,2.33001,1.58443,-0.71084,25.59693,29.06219,0.76364,-0.05669,0.01903,0.01896,0.06274,13.0138,2.11923,0.80471,-0.61398,51.21209,352.5045,305.1155,0.01477,-0.00022,-0.00349,0.01518,12.12073,2.44131,1.27029,-0.56059,343.102,14.03549,10.45961,-0.01247,0.06989,0.01224,0.07204,37.99058
7.92832,2.32859,1.58465,-0.71076,25.62228,28.91768,0.8312,-0.06277,0.01225,0.00678,0.06431,8.59239,2.11933,0.80479,-0.61382,51.23818,352.3472,305.6974,0.0085,0.00213,0.00298,0.00925,26.80949,2.44379,1.27249,-0.55997,342.6226,15.2879,9.87808,0.08352,0.09156,0.0233,0.1261,50.58681
7.95055,2.32738,1.58482,-0.7106,25.57588,28.83503,0.88178,-0.05875,0.01,0.00689,0.05999,6.9812,2.1196,0.80466,-0.61412,51.35207,352.3642,305.8759,0.01045,-0.00172,-0.00536,0.01187,17.38258,2.44544,1.27389,-0.55919,342.7068,16.05146,9.14642,0.07892,0.07725,0.02927,0.11425,42.84937
7.98388,2.32579,1.58519,-0.71036,25.36917,28.8498,1.0597,-0.05038,0.01071,0.00704,0.05198,7.18457,2.12042,0.80433,-0.615,51.52999,352.814,305.7305,0.02095,-0.00781,-0.02119,0.03081,10.41722,2.44885,1.27633,-0.55794,342.7296,17.21035,7.54754,0.09633,0.07403,0.03539,0.12654,47.20117
8.0061,2.32489,1.58553,-0.71039,25.26467,28.92193,1.15406,-0.04379,0.01297,0.00106,0.04568,3.73676,2.12114,0.80411,-0.61531,51.29442,353.4594,305.4525,0.02936,-0.00768,-0.01391,0.03338,31.57279,2.45197,1.27891,-0.55768,342.049,18.39316,6.93562,0.12375,0.10476,0.01703,0.16303,53.82992
8.02832,2.32386,1.58572,-0.71031,25.1955,28.84914,1.21591,-0.045,0.01061,0.00228,0.04629,4.40889,2.12117,0.80396,-0.61534,51.35003,353.5159,305.7638,0.01538,-0.00715,-0.00748,0.01853,11.38752,2.45441,1.28123,-0.55735,341.472,19.58548,6.66816,0.1169,0.10456,0.01589,0.15764,54.74714
8.06166,2.32243,1.58619,-0.71025,25.01086,28.63981,1.21305,-0.04348,0.01338,0.00176,0.04552,7.17903,2.12057,0.80363,-0.6152,51.75339,353.1729,306.9263,-0.00966,-0.00926,0.00122,0.01343,31.63313,2.45834,1.28356,-0.55628,341.5158,21.21637,6.0088,0.11768,0.0787,0.02809,0.14433,47.54471
8.08388,2.32171,1.58672,-0.7101,24.80419,28.52317,1.10851,-0.03371,0.02264,0.00658,0.04114,9.84707,2.11992,0.80359,-0.61507,51.82765,352.9456,307.1679,-0.02753,-0.00246,0.00448,0.028,20.06145,2.46125,1.28491,-0.55594,341.6708,22.35053,5.3333,0.13338,0.06016,0.01911,0.14756,51.61688
8.10611,2.32104,1.58699,-0.70993,24.70313,28.46916,1.04873,-0.03187,0.01734,0.00703,0.03696,7.56029,2.1197,0.80341,-0.61522,51.94959,352.962,307.2995,-0.01857,-0.00517,-0.00128,0.01932,13.21841,2.46394,1.28599,-0.5554,341.9218,23.5689,5.00333,0.1271,0.05442,0.02169,0.13995,51.89074
8.13945,2.32043,1.58727,-0.70989,24.62067,28.48108,1.0363,-0.02171,0.01065,0.00264,0.02433,3.63162,2.11961,0.80292,-0.6157,52.23354,353.3239,307.5489,-0.00672,-0.01238,-0.01093,0.01783,8.97442,2.4676,1.2875,-0.55527,341.7761,25.37343,4.5313,0.11412,0.04739,0.00829,0.12385,51.2194
8.17279,2.31977,1.58753,-0.70969,24.53751,28.47875,1.07891,-0.02025,0.00837,0.00515,0.02251,2.51089,2.11972,0.80274,-0.61642,52.94255,353.6278,308.1857,0.00076,-0.00706,-0.01903,0.02031,20.85033,2.47037,1.28858,-0.55507,341.8896,26.40049,3.89636,0.09083,0.03621,0.0067,0.09801,35.5201
8.19501,2.3196,1.5881,-0.70946,24.35835,28.4104,1.0536,-0.01211,0.02197,0.00906,0.02667,8.21353,2.11942,0.80252,-0.61685,53.31783,353.6426,307.8185,-0.01114,-0.00879,-0.01593,0.02133,17.64804,2.46972,1.28873,-0.55541,341.8975,25.83293,3.17852,0.00243,0.01861,-0.00934,0.02096,29.77078
8.21723,2.31913,1.58847,-0.70919,24.1978,28.34565,1.01695,-0.01665,0.01942,0.01058,0.02768,7.9608,2.11911,0.80225,-0.61705,53.52098,353.6617,307.7145,-0.01258,-0.01045,-0.01254,0.02061,14.11206,2.47048,1.2894,-0.55552,341.8895,26.11275,2.61343,0.0183,0.0243,-0.00729,0.03128,25.35788
8.25057,2.31857,1.58896,-0.70857,23.94823,28.19622,0.85026,-0.01662,0.0157,0.01659,0.02825,8.73301,2.11836,0.80273,-0.61657,53.65952,353.6223,308.0073,-0.02005,0.00821,0.0077,0.02299,8.08025,2.47022,1.28893,-0.55574,342.1184,26.12539,2.45222,-0.0011,-0.00457,-0.0068,0.00826,11.09591
8.2728,2.31854,1.58882,-0.70861,24.10383,28.06296,0.76453,-0.00713,-0.00107,0.00214,0.00752,5.51697,2.11803,0.80324,-0.61578,53.63739,353.6695,308.2878,-0.01371,0.01848,0.02721,0.03563,9.06942,2.4691,1.28701,-0.55562,342.441,25.90668,2.46711,-0.03094,-0.06636,0.00793,0.07365,19.84032
8.29503,2.31823,1.58877,-0.70862,24.1359,28.00221,0.72775,-0.0106,-0.0018,0.00075,0.01078,4.22112,2.11774,0.80354,-0.61523,53.53862,353.7042,308.1959,-0.01323,0.0159,0.0261,0.0333,2.87285,2.46881,1.28573,-0.55525,342.9168,25.77852,2.22742,-0.02209,-0.06181,0.01233,0.06678,22.48708
8.32836,2.3178,1.58885,-0.70891,24.11938,27.97784,0.68482,-0.01236,0.00148,-0.00641,0.014,1.69617,2.11706,0.80403,-0.61429,53.55703,353.7074,308.3307,-0.0188,0.01506,0.02764,0.03666,3.43558,2.46849,1.28452,-0.55528,343.1907,25.86537,1.80759,-0.01275,-0.04284,0.00249,0.04477,15.74194
8.36165,2.31742,1.58907,-0.70898,23.9662,27.90186,0.57495,-0.01161,0.0053,-0.00315,0.01314,4.47281,2.11667,0.80437,-0.61349,53.69931,353.9867,308.9501,-0.01336,0.01148,0.02477,0.03039,10.93816,2.46811,1.28389,-0.55535,343.0357,26.08829,2.13881,-0.01169,-0.02481,-0.00113,0.02745,7.85087
8.38386,2.31709,1.5892,-0.70906,23.86404,27.7576,0.54045,-0.01458,0.0057,-0.0041,0.01619,6.84675,2.11642,0.80462,-0.61268,53.67297,354.1867,309.3212,-0.01183,0.01047,0.03545,0.03881,10.78208,2.46817,1.28384,-0.5553,343.0586,26.23636,2.15261,0.00164,-0.00551,0.00287,0.00643,6.74246
8.40609,2.31673,1.58927,-0.7091,23.80528,27.60941,0.50421,-0.01544,0.00437,-0.00298,0.01632,6.74405,2.11605,0.80477,-0.61196,53.5902,354.2075,309.2491,-0.01442,0.00877,0.03394,0.0379,4.40234,2.46843,1.28395,-0.55535,343.0683,26.43311,1.92701,0.00645,-0.00032,0.00027,0.00646,7.57229
8.42831,2.31639,1.58936,-0.70913,23.74891,27.47515,0.49767,-0.01533,0.00417,-0.00196,0.01601,6.54828,2.11565,0.80502,-0.61111,53.39826,354.274,309.1458,-0.01614,0.00994,0.03607,0.04074,6.16288,2.46864,1.28409,-0.55535,343.0945,26.59166,1.74059,0.00815,0.00305,0.00011,0.0087,8.28338
8.45052,2.31608,1.58955,-0.70914,23.6214,27.28651,0.417,-0.01401,0.00814,-0.00201,0.01633,8.92733,2.11488,0.80513,-0.61027,53.34028,353.9343,308.8105,-0.02948,0.00637,0.03725,0.04793,6.67908,2.46867,1.28478,-0.5553,342.9803,26.52845,1.52524,0.00134,0.02204,0.00261,0.02223,8.39537
8.47275,2.31589,1.5899,-0.70922,23.45814,27.16905,0.39141,-0.01134,0.01173,-0.00283,0.01655,8.74248,2.11448,0.80525,-0.6096,53.48708,353.8274,308.9607,-0.02358,0.00588,0.0337,0.04155,6.94473,2.46877,1.28559,-0.55543,342.7501,26.66965,1.5032,0.00291,0.02935,-0.00162,0.02953,7.92832
8.49497,2.31557,1.58998,-0.70938,23.41106,27.15051,0.22149,-0.0137,0.00513,-0.00753,0.01645,5.73022,2.11464,0.80546,-0.60876,53.40595,354.1032,309.0794,-0.00067,0.00968,0.03948,0.04065,7.32497,2.46874,1.28637,-0.55545,342.4541,26.78549,1.6134,-0.00185,0.03142,0.00038,0.03147,11.80764
8.5172,2.31533,1.58997,-0.70962,23.40597,27.07865,0.22517,-0.01224,0.00227,-0.00916,0.01546,3.1568,2.11458,0.80578,-0.6078,53.29831,354.2189,309.1275,-0.00159,0.01201,0.04131,0.04306,6.63267,2.46869,1.2869,-0.55532,342.3417,26.76575,1.505,-0.00217,0.02768,0.00295,0.02792,8.07795
8.55052,2.31507,1.59004,-0.70999,23.38624,27.03096,0.18516,-0.00896,0.00221,-0.01049,0.01397,2.4555,2.11461,0.80635,-0.60618,53.10018,354.314,309.4189,0.00013,0.01588,0.0469,0.04951,7.29334,2.46848,1.28753,-0.55484,342.1903,26.60874,1.45301,-0.00516,0.02103,0.01155,0.02454,6.67988
8.57275,2.31487,1.59034,-0.70999,23.21663,26.96564,0.20095,-0.00871,0.01177,-0.00196,0.01477,7.23295,2.11482,0.80653,-0.60539,53.0756,354.4505,309.691,0.00707,0.01071,0.03821,0.04031,6.97824,2.46954,1.28848,-0.55495,341.9388,27.16397,1.10263,0.03096,0.03611,0.00004,0.04757,18.77401
8.59495,2.31466,1.59068,-0.71003,23.02011,26.86071,0.18459,-0.00904,0.01364,-0.0018,0.01646,8.56644,2.11503,0.80689,-0.6046,52.95436,354.5654,309.7999,0.00826,0.01347,0.03691,0.04015,6.03704,2.47005,1.28915,-0.55473,341.8669,27.29115,0.95631,0.02698,0.03329,0.00512,0.04315,13.1937
8.61718,2.31438,1.59108,-0.71,22.85763,26.73118,0.11444,-0.01228,0.016,0.00072,0.02018,8.72803,2.11518,0.80724,-0.60395,52.83739,354.5406,309.8242,0.0069,0.01537,0.03035,0.03472,5.96558,2.47013,1.28959,-0.55417,341.8908,27.20568,0.99247,0.00754,0.02317,0.02147,0.03248,1.03386
8.6394,2.31405,1.59131,-0.70998,22.77168,26.63861,0.10809,-0.01344,0.01317,0.00068,0.01883,7.09446,2.11539,0.80762,-0.60331,52.76055,354.5759,310.0264,0.00817,0.01625,0.02957,0.03472,6.83873,2.4704,1.29035,-0.5539,341.6873,27.34975,1.02317,0.00978,0.0287,0.01666,0.03459,5.9731
8.67273,2.31371,1.59175,-0.70993,22.68201,26.44969,0.12811,-0.01118,0.01307,0.00125,0.01725,6.47247,2.11585,0.80793,-0.60284,52.72929,354.6198,310.2262,0.01246,0.0112,0.01796,0.02456,5.37254,2.47142,1.29145,-0.55368,341.4523,27.77283,0.85461,0.02544,0.03193,0.00914,0.04183,11.72677
8.69495,2.31336,1.59204,-0.70967,22.5747,26.29442,0.09452,-0.01454,0.01403,0.01051,0.02278,7.27731,2.11649,0.80783,-0.60318,52.80194,354.8799,310.3286,0.02643,-0.00069,-0.00836,0.02773,7.055,2.47166,1.29173,-0.55323,341.5168,27.82707,0.73513,0.01289,0.01537,0.01878,0.02748,5.41196
8.71717,2.31302,1.59236,-0.70947,22.47955,26.1465,0.0798,-0.01496,0.01416,0.00963,0.02274,7.50041,2.11696,0.80801,-0.60315,52.75868,355.0219,310.4725,0.02364,0.00377,-0.00343,0.02418,5.19746,2.47187,1.29199,-0.55276,341.5244,27.88982,0.71117,0.01103,0.01357,0.0199,0.02649,3.83613
8.7505,2.31241,1.59308,-0.70901,22.34921,25.81783,0.01965,-0.01741,0.01971,0.01276,0.02923,9.43246,2.11756,0.8081,-0.60354,52.80159,355.2016,310.6838,0.01935,0.00301,-0.00971,0.02186,4.08041,2.47195,1.29227,-0.55212,341.5178,28.03531,0.69063,0.00457,0.00963,0.01932,0.02207,3.90774
8.77271,2.3121,1.59355,-0.7086,22.1679,25.59359,359.9663,-0.01401,0.02193,0.01763,0.03143,11.91853,2.11785,0.80798,-0.60422,52.87474,355.329,310.7729,0.01431,-0.00503,-0.02765,0.03154,4.97089,2.47164,1.29249,-0.55186,341.4924,28.08166,0.61487,-0.00876,0.01147,0.01152,0.01847,5.29294
8.79493,2.31185,1.594,-0.70827,22.00984,25.41102,359.9645,-0.01272,0.02102,0.01619,0.02943,11.35081,2.11811,0.80785,-0.60495,52.99874,355.4069,310.7888,0.01313,-0.00539,-0.03021,0.03338,5.50808,2.47148,1.29281,-0.55168,341.4097,28.16926,0.48335,-0.00808,0.01296,0.00996,0.01823,6.06954
8.82826,2.31133,1.59496,-0.70769,21.64259,24.99367,0.03012,-0.01486,0.02694,0.01708,0.03519,15.79617,2.1184,0.80758,-0.60623,53.16045,355.5741,310.7071,0.00974,-0.00747,-0.03631,0.03833,7.6254,2.47045,1.29272,-0.55107,341.4027,27.97145,0.46708,-0.02511,0.00129,0.01616,0.02989,4.2863
8.85049,2.31074,1.59563,-0.70741,21.44647,24.62741,359.9114,-0.02387,0.02904,0.01298,0.03977,16.91423,2.1182,0.80746,-0.60724,53.31145,355.5207,311.1115,-0.00508,-0.00446,-0.04217,0.04271,16.06319,2.469,1.29214,-0.55036,341.3458,27.62615,0.85631,-0.05636,-0.02025,0.02832,0.06625,15.61196
8.87272,2.3102,1.5962,-0.70718,21.25399,24.29106,359.8421,-0.02422,0.02739,0.0117,0.03839,16.81238,2.11806,0.80731,-0.60814,53.40846,355.4938,311.2634,-0.0058,-0.00557,-0.04127,0.04205,12.47624,2.46826,1.29193,-0.54996,341.2232,27.60337,1.09349,-0.04478,-0.01474,0.0232,0.05254,12.72906
8.90604,2.30928,1.59756,-0.70663,20.67409,23.60624,359.8715,-0.02669,0.03735,0.01543,0.04843,24.47421,2.11753,0.80688,-0.60966,53.53299,355.3088,311.1461,-0.01346,-0.011,-0.04456,0.04784,5.98569,2.46729,1.29176,-0.54957,340.9753,27.7066,1.39376,-0.03308,-0.00744,0.01451,0.03688,12.07964
8.92827,2.30854,1.59886,-0.70631,20.06924,22.99663,359.734,-0.03205,0.05164,0.01315,0.06219,33.37496,2.11685,0.80637,-0.61116,53.73844,355.0867,310.8955,-0.02646,-0.01985,-0.06192,0.0702,9.58009,2.46613,1.29141,-0.54904,340.9199,27.41086,1.63659,-0.0491,-0.01493,0.02339,0.0564,13.4044
8.95049,2.30781,1.59975,-0.7062,19.6911,22.52526,359.6136,-0.0324,0.04591,0.00902,0.05691,29.79332,2.11645,0.80595,-0.61256,53.93207,355.0815,310.7736,-0.02227,-0.01942,-0.06261,0.06923,9.34134,2.46507,1.29104,-0.54841,340.9133,27.14584,1.93435,-0.04851,-0.01569,0.02589,0.05718,13.99575
8.9727,2.30692,1.60088,-0.70639,19.2284,22.00185,359.532,-0.03815,0.05079,-0.00445,0.06367,31.13433,2.11599,0.80531,-0.61409,54.0641,355.1448,310.3085,-0.02124,-0.02586,-0.06563,0.07367,19.82117,2.46474,1.29119,-0.54832,340.7406,27.24615,1.87533,-0.01787,0.00265,0.00767,0.01963,6.73859
8.99491,2.30612,1.60219,-0.70653,18.69153,21.45012,359.454,-0.03713,0.05493,-0.00529,0.06651,32.56503,2.11535,0.80484,-0.61531,54.12144,355.0452,309.9418,-0.02497,-0.02346,-0.06039,0.06943,16.48977,2.46442,1.2914,-0.54816,340.5462,27.35457,1.98014,-0.01616,0.00606,0.00728,0.01873,9.02436
9.02824,2.30482,1.60436,-0.70678,17.76072,20.55875,359.2678,-0.03849,0.0625,-0.00707,0.07374,36.51509,2.11398,0.80404,-0.61682,54.46335,354.5161,309.8846,-0.03713,-0.02386,-0.04898,0.06593,12.12536,2.46354,1.29177,-0.54753,340.3181,27.14917,2.29517,-0.02383,0.00995,0.01601,0.03038,10.09253
9.05045,2.30381,1.60605,-0.70714,17.00128,19.83589,359.0237,-0.04433,0.0739,-0.01431,0.08735,44.56616,2.11274,0.80371,-0.61749,54.71235,354.045,309.8705,-0.05277,-0.01576,-0.03386,0.06465,21.34872,2.46348,1.29262,-0.54726,339.9607,27.25182,2.56703,-0.00427,0.03478,0.011,0.03673,20.29692
9.07267,2.30282,1.60755,-0.70743,16.32235,19.15578,358.8443,-0.04454,0.07057,-0.01372,0.08457,43.44704,2.11189,0.80338,-0.61827,54.83197,353.7667,309.6605,-0.04546,-0.01541,-0.03457,0.05915,14.48273,2.46338,1.29348,-0.54708,339.5636,27.34428,2.80073,-0.00426,0.03672,0.00943,0.03815,21.05217
9.10601,2.3012,1.60981,-0.70808,15.25757,18.08805,358.5505,-0.04739,0.06864,-0.01807,0.08535,44.14687,2.11095,0.80306,-0.61887,54.88683,353.4912,308.9964,-0.03251,-0.01089,-0.02203,0.04075,10.41424,2.46357,1.29498,-0.5466,339.1292,27.41761,2.89578,0.00322,0.04297,0.01319,0.04507,15.30406
9.16155,2.29885,1.61302,-0.71007,13.72825,16.63694,358.1503,-0.04317,0.06189,-0.0338,0.08268,39.4525,2.11002,0.80348,-0.61793,54.51884,353.3566,308.0958,-0.01938,0.00282,0.0074,0.02093,15.38766,2.46494,1.29713,-0.54502,338.9828,27.74809,1.95235,0.01899,0.04085,0.02508,0.05156,12.20923
9.18377,2.29791,1.61408,-0.71105,13.16859,16.02388,358.1493,-0.04305,0.05198,-0.04133,0.07914,38.33691,2.10953,0.80396,-0.61649,54.27779,353.0941,308.2601,-0.0235,0.01419,0.04596,0.05353,13.04653,2.46524,1.29824,-0.54423,338.7921,27.81577,1.77169,0.01319,0.04804,0.03171,0.05905,11.42914
9.20599,2.29687,1.61538,-0.71177,12.48931,15.35955,358.1307,-0.04505,0.05521,-0.03685,0.08023,40.4749,2.10884,0.80434,-0.61528,54.16158,352.6749,308.3708,-0.02728,0.01566,0.05014,0.05919,17.90092,2.46538,1.2995,-0.54364,338.3689,27.96428,1.77877,0.00964,0.0523,0.029,0.06057,15.00228
9.22822,2.29565,1.61712,-0.71253,11.56109,14.60281,358.0167,-0.05192,0.07096,-0.03487,0.09459,49.25198,2.10871,0.80511,-0.61371,53.89285,352.4766,308.6109,-0.00988,0.02982,0.06417,0.07145,19.57856,2.46565,1.30071,-0.54323,338.0026,28.1711,1.61833,0.01133,0.05316,0.02163,0.0585,17.1592
9.25044,2.29448,1.61839,-0.71334,10.86627,13.94573,357.8967,-0.05215,0.06406,-0.03583,0.09004,45.92263,2.10866,0.80562,-0.61277,53.71587,352.4394,308.637,-0.00603,0.02623,0.05321,0.05963,13.37332,2.46589,1.30179,-0.54265,337.8054,28.34029,1.38885,0.01105,0.05096,0.02384,0.05734,15.10526
9.28377,2.29296,1.61962,-0.71453,10.13937,13.06606,357.7558,-0.04735,0.04352,-0.03564,0.07353,36.81161,2.10901,0.80644,-0.61126,53.30947,352.5313,308.6308,0.00638,0.02516,0.04715,0.05383,11.5114,2.46595,1.30358,-0.54203,337.3909,28.57157,1.02895,0.00423,0.05299,0.01983,0.05674,15.89612
9.31711,2.29192,1.62033,-0.71529,9.71294,12.38936,357.7346,-0.03525,0.02689,-0.0261,0.05145,27.00925,2.1096,0.80709,-0.60983,52.78057,352.7266,308.2538,0.01495,0.0208,0.04392,0.05085,19.16306,2.46592,1.30525,-0.54151,337.0699,28.79872,0.70141,0.00029,0.05079,0.01675,0.05348,14.13208
9.33933,2.29172,1.62005,-0.71563,9.78329,12.206,357.7732,-0.01275,-0.00766,-0.01713,0.02269,10.59159,2.1102,0.80757,-0.60906,52.59788,352.9113,308.2853,0.02506,0.02227,0.03623,0.04936,11.57519,2.46474,1.30555,-0.54042,337.1687,28.29891,0.78694,-0.04462,0.01795,0.04467,0.06564,16.94231
9.36155,2.2915,1.61965,-0.71604,9.95684,12.03969,357.8369,-0.01127,-0.01285,-0.01775,0.02464,10.4059,2.11055,0.808,-0.60834,52.49145,352.9252,308.4845,0.02039,0.02071,0.03411,0.04481,7.93117,2.46346,1.30566,-0.53931,337.2308,27.82737,0.9626,-0.05103,0.01145,0.04736,0.07056,18.22731
9.38377,2.29173,1.61836,-0.71637,10.71051,12.2028,357.9194,0.00448,-0.0446,-0.01526,0.04735,25.5734,2.11091,0.80859,-0.60768,52.52043,352.8583,309.2568,0.01703,0.02685,0.0321,0.04518,27.92494,2.46126,1.30525,-0.53852,337.3124,26.99697,1.11608,-0.08785,-0.01088,0.03744,0.09612,32.03832
9.406,2.29173,1.61781,-0.71666,10.93906,12.16249,357.9695,0.00229,-0.03472,-0.01404,0.03752,17.96904,2.11122,0.8091,-0.607,52.30838,352.7744,309.4208,0.01554,0.02481,0.03133,0.04288,20.03551,2.45948,1.30506,-0.53767,337.461,26.30193,1.24972,-0.08386,-0.00982,0.03785,0.09253,31.08975
9.43932,2.29194,1.61708,-0.71675,11.27005,12.09677,358.1429,0.00521,-0.02512,-0.00569,0.02628,12.89082,2.11201,0.80951,-0.60673,52.01305,352.9155,309.4352,0.02153,0.01543,0.01398,0.02995,8.65966,2.45535,1.30429,-0.53653,337.8124,24.41191,1.13456,-0.11394,-0.01966,0.03494,0.12079,51.91924
9.46154,2.29201,1.61652,-0.7165,11.61678,11.97654,358.2017,0.00341,-0.02518,0.00762,0.02653,16.01022,2.11269,0.80952,-0.60743,52.02231,353.1349,309.4054,0.02859,0.00247,-0.0239,0.03735,9.0587,2.45151,1.30285,-0.53534,338.4287,22.50896,1.41533,-0.16412,-0.05756,0.04959,0.18085,80.66659
9.48377,2.29199,1.61609,-0.71649,11.86108,11.83212,358.1564,0.00106,-0.02236,0.00414,0.02277,14.15649,2.11318,0.80968,-0.6079,51.91822,353.2664,309.4413,0.02536,0.00486,-0.02242,0.0342,7.38789,2.44868,1.30265,-0.53524,338.4529,21.14997,0.96449,-0.14569,-0.03344,0.02694,0.15189,73.6934
9.5171,2.29214,1.61533,-0.71625,12.3609,11.70557,358.0526,0.00364,-0.02262,0.00631,0.02376,15.14182,2.1134,0.80958,-0.60916,52.017,353.1721,309.5765,0.01118,-0.00114,-0.03402,0.03583,3.16508,2.4455,1.30215,-0.53536,338.9601,19.15018,359.2721,-0.10806,-0.01953,0.00401,0.10988,86.5172
9.55044,2.29303,1.61411,-0.71594,13.0377,11.90486,357.9961,0.02099,-0.03324,0.00872,0.04027,19.31706,2.11336,0.80929,-0.61103,52.25561,353.1265,309.5654,0.00188,-0.0067,-0.05067,0.05115,5.83887,2.4432,1.29837,-0.53296,341.3961,16.72378,357.4793,-0.07877,-0.08994,0.05498,0.13159,115.1878
9.58377,2.29518,1.61163,-0.7156,14.37156,12.73958,357.9662,0.05371,-0.06393,0.00972,0.08406,40.03439,2.11415,0.80742,-0.61477,53.36657,353.577,309.2869,0.01832,-0.04368,-0.09685,0.10782,30.48269,2.44526,1.29522,-0.53203,342.5223,17.0358,357.0606,0.02665,-0.09342,0.03481,0.10319,48.25257
9.60599,2.29643,1.60989,-0.71559,15.32786,13.29588,357.8654,0.05504,-0.07132,0.00513,0.09023,45.2734,2.11525,0.80701,-0.61681,53.64471,354.443,309.4004,0.0338,-0.03107,-0.09426,0.10485,31.54646,2.4468,1.29394,-0.53206,342.7663,17.5793,357.28,0.04808,-0.07542,0.01657,0.09096,26.45069
9.6282,2.29785,1.6083,-0.71558,16.20758,13.90375,357.7437,0.0593,-0.07136,0.00285,0.09283,47.20108,2.11622,0.80639,-0.61855,53.90755,355.0903,309.3503,0.03876,-0.02948,-0.08619,0.09899,31.98395,2.44883,1.29248,-0.53214,343.0516,18.24873,357.803,0.06982,-0.07069,0.00647,0.09956,29.63637
9.66154,2.3011,1.60596,-0.71528,17.42757,15.33487,357.5963,0.08811,-0.07052,0.0075,0.11311,54.55997,2.1176,0.80737,-0.61997,53.97914,356.6622,311.4913,0.04071,0.01458,-0.05366,0.06892,29.00792,2.45329,1.29081,-0.5332,343.321,19.85801,358.4347,0.11766,-0.05514,-0.02216,0.13181,49.41982
9.69487,2.30624,1.60359,-0.71478,18.65081,17.0058,357.4079,0.1097,-0.07098,0.01063,0.13109,61.36078,2.11833,0.80751,-0.62088,53.75119,356.3051,311.1089,-0.00118,0.00676,-0.03615,0.0368,4.28004,2.45999,1.29008,-0.53505,343.5194,21.64823,358.0691,0.15247,-0.03019,-0.04939,0.16309,49.96894
9.7282,2.32584,1.60083,-0.71312,19.97585,18.68069,357.0979,0.1137,-0.07982,0.011,0.13936,65.63085,2.1325,0.80601,-0.62017,53.29487,354.5941,307.4935,-0.03627,-0.032,-0.02215,0.0532,56.00215,2.48019,1.29015,-0.53615,343.5147,22.56421,356.9747,0.13784,-0.00611,-0.06625,0.15305,35.75492
9.75043,2.35062,1.59874,-0.71179,20.94978,19.85063,357.0952,0.11324,-0.08914,0.00424,0.14418,66.53116,2.1532,0.8052,-0.61986,53.84754,353.3376,307.1777,-0.0474,-0.03183,-0.04098,0.07028,27.84829,2.50456,1.29059,-0.53684,343.11,23.29137,357.5051,0.1094,0.01387,-0.08315,0.13811,38.30017
9.77265,2.37504,1.59694,-0.71097,21.8294,20.81677,357.1437,0.10647,-0.08512,0.00396,0.13638,62.34399,2.17543,0.80481,-0.62023,53.94544,353.3716,307.0437,-0.02335,-0.02447,-0.0455,0.05669,14.40557,2.52917,1.29118,-0.5381,342.6884,24.09833,357.3099,0.10865,0.02033,-0.08649,0.14035,38.20042
9.79488,2.39941,1.59502,-0.71047,22.70372,21.89767,357.3271,0.09876,-0.0862,0.00609,0.13123,61.26316,2.19921,0.80483,-0.62145,54.10097,354.8588,308.2885,0.04142,-0.01061,-0.06975,0.08181,25.75052,2.55283,1.2919,-0.53958,342.2729,24.44468,357.2243,0.06707,0.03126,-0.08348,0.11156,25.18261
9.8171,2.42371,1.59315,-0.71016,23.57585,22.92708,357.4948,0.09614,-0.08515,0.00679,0.1286,60.07576,2.22154,0.80456,-0.62239,53.94252,355.046,307.7243,0.02303,-0.01138,-0.05947,0.06478,20.86441,2.57635,1.2926,-0.54116,341.7243,24.91114,357.5905,0.06288,0.03127,-0.08076,0.10703,31.20009
9.85042,2.45994,1.59038,-0.71076,24.81292,24.3097,357.8853,0.08947,-0.08351,0.00234,0.12241,54.92434,2.25447,0.80404,-0.62442,54.0416,354.7887,306.8628,-0.00299,-0.0145,-0.0463,0.04861,18.71309,2.61171,1.29476,-0.54549,340.1465,26.04681,358.0783,0.06167,0.05644,-0.1033,0.13289,54.87371
9.88376,2.49604,1.58786,-0.71242,25.9449,25.70787,358.2465,0.08569,-0.07772,0.00365,0.11574,52.25595,2.28778,0.80367,-0.62753,54.22495,354.8669,306.5943,-0.00029,-0.01197,-0.04111,0.04282,13.05221,2.64711,1.29628,-0.55067,339.1099,27.00049,358.2975,0.06293,0.0484,-0.10218,0.1294,46.85795
9.90599,2.51976,1.58674,-0.71327,26.10041,26.51764,358.5733,0.07795,-0.06392,0.01926,0.10263,41.47207,2.31025,0.80385,-0.62952,54.50157,355.0332,306.6738,0.00688,-0.00199,-0.02867,0.02955,11.61653,2.66937,1.29806,-0.55515,338.3726,27.06751,357.3648,0.03358,0.06433,-0.11507,0.13605,38.34126
9.93932,2.55575,1.58441,-0.7163,27.02413,28.14678,359.1164,0.08276,-0.06847,0.0086,0.10776,49.40232,2.34386,0.80403,-0.63289,54.49426,355.4535,306.4985,0.01141,0.00377,-0.01116,0.0164,14.94329,2.70387,1.29782,-0.56021,338.6476,27.29178,356.4897,0.03816,0.01068,-0.07095,0.08126,22.43688
9.97265,2.59119,1.582,-0.72029,28.19652,29.53482,359.6367,0.0721,-0.07138,-0.01062,0.10201,50.46497,2.37703,0.80415,-0.63502,54.12841,355.2559,306.3627,0.00317,0.00349,0.0262,0.02663,8.28719,2.738,1.29578,-0.56448,339.1723,27.38266,356.156,0.03152,-0.04335,-0.03668,0.06495,16.92043
10.00598,2.62548,1.58101,-0.72441,28.50041,30.03155,359.9246,0.04581,-0.04016,0.00075,0.06093,24.52567,2.40999,0.80392,-0.63913,54.21445,354.8932,305.7625,-0.00135,-0.00417,0.01011,0.01102,9.10162,2.77218,1.29394,-0.56976,339.8751,27.3807,355.3534,0.03316,-0.0523,-0.03189,0.06966,28.14709
10.03931,2.6597,1.5803,-0.72822,28.62877,30.49528,0.01494,0.03813,-0.02585,0.01401,0.04815,15.78587,2.44377,0.80359,-0.64389,54.39472,355.3035,305.4813,0.01644,-0.00849,-0.00488,0.01914,16.7465,2.8075,1.29171,-0.57496,341.1361,27.36668,353.4629,0.05981,-0.06323,-0.02531,0.09064,58.20004
10.06154,2.68251,1.57976,-0.73114,28.82034,30.85858,0.10605,0.04055,-0.02865,0.00856,0.05038,19.50367,2.46652,0.80378,-0.64693,54.40713,355.8128,305.6978,0.0244,0.00246,-0.0004,0.02453,14.39412,2.83073,1.29047,-0.57858,341.7795,27.3434,352.622,0.05479,-0.05447,-0.02723,0.08192,48.15076
10.08376,2.70428,1.58033,-0.73361,28.58547,30.48063,359.9142,0.01456,-0.00156,0.01459,0.02067,2.19516,2.48969,0.80335,-0.64962,54.52358,356.4503,305.7828,0.03796,-0.0085,0.00522,0.03925,20.27873,2.85435,1.28849,-0.58104,342.3191,27.7222,353.3383,0.06322,-0.07177,-0.00295,0.09569,27.3147
10.10598,2.72668,1.58008,-0.73587,28.63855,30.46751,359.9492,0.01521,-0.00642,0.01887,0.02507,1.01901,2.51209,0.80304,-0.65181,54.31295,356.5613,305.3915,0.02685,-0.01124,0.01542,0.03294,20.33262,2.87716,1.28641,-0.58316,343.0691,27.51603,353.7339,0.04878,-0.08261,0.01301,0.09681,30.78972
10.13931,2.75985,1.57955,-0.7395,28.89668,30.34197,359.9849,0.00685,-0.0136,0.02266,0.0273,6.87557,2.54614,0.80347,-0.65531,54.10708,356.8771,305.3136,0.02954,0.00702,0.02492,0.03928,14.62353,2.91149,1.28328,-0.58658,344.4931,26.9761,353.0479,0.04121,-0.09111,0.02602,0.10333,44.65678
10.17264,2.79286,1.57874,-0.74325,29.25825,30.18275,0.01883,0.00055,-0.02156,0.01666,0.02725,10.78771,2.58028,0.80248,-0.65877,54.22844,357.2598,305.392,0.0317,-0.02065,0.02366,0.04462,10.6415,2.94509,1.28114,-0.59046,344.9921,26.0774,352.0963,0.02249,-0.07102,0.01459,0.07591,43.75816
10.19488,2.81447,1.57789,-0.74555,29.58537,29.90974,0.11463,-0.01649,-0.03499,0.02188,0.04444,19.21694,2.60341,0.80243,-0.66105,54.23558,357.5015,305.1103,0.04478,-0.00737,0.0247,0.05167,20.57703,2.96707,1.2806,-0.59319,345.2014,25.72694,352.6169,-0.00204,-0.03139,0.0069,0.03221,25.94674
10.21709,2.8365,1.5773,-0.74778,29.82512,29.80709,0.16845,-0.00853,-0.03072,0.02242,0.03898,15.68894,2.62618,0.80239,-0.66304,54.04251,357.6025,304.7059,0.03875,-0.00455,0.02926,0.04877,21.65891,2.98925,1.27969,-0.59568,345.6255,25.31377,352.8208,0.0019,-0.03624,0.009,0.03739,25.3405
10.25043,2.86929,1.57659,-0.75109,30.11719,29.62498,0.45114,-0.00848,-0.0236,0.02546,0.03573,14.95947,2.66033,0.80267,-0.66579,53.90266,357.6808,304.7796,0.034,0.00511,0.03994,0.0527,6.85901,3.02369,1.27827,-0.59897,346.9104,24.8756,352.3997,0.03131,-0.04105,0.02268,0.05639,36.74778
10.28376,2.90193,1.57593,-0.75431,30.37295,29.41206,0.67403,-0.01256,-0.02074,0.02187,0.03265,13.98987,2.69485,0.80368,-0.6681,53.70606,357.8727,305.3592,0.04038,0.02395,0.04588,0.06564,10.42845,3.05872,1.27731,-0.6023,347.4381,24.7278,352.3414,0.05109,-0.03179,0.01855,0.06296,21.59516
10.30598,2.9233,1.57548,-0.7564,30.56337,29.14778,0.74661,-0.02602,-0.02123,0.02582,0.04236,15.67428,2.71792,0.80442,-0.66956,53.32924,357.9071,305.2377,0.04661,0.03221,0.05152,0.07658,16.77123,3.08268,1.27664,-0.6042,347.6783,24.78289,352.5844,0.06562,-0.02889,0.03064,0.07797,15.86764
10.3282,2.94467,1.57497,-0.75838,30.75419,28.86526,0.8286,-0.029,-0.02221,0.02546,0.04453,16.4421,2.74081,0.80493,-0.67119,53.17326,357.9573,305.3614,0.04157,0.02762,0.04636,0.06812,11.49094,3.10588,1.27578,-0.60575,348.1297,24.53535,352.9121,0.05824,-0.03381,0.03755,0.07711,20.78178
10.36153,2.97689,1.57456,-0.76144,30.89045,28.44712,0.98087,-0.02777,-0.01477,0.01887,0.03668,15.93213,2.77532,0.80552,-0.67375,53.02002,358.3404,305.8141,0.04135,0.02,0.03522,0.05788,9.02392,3.1406,1.2738,-0.60728,348.8023,24.34332,354.0778,0.05008,-0.05293,0.05634,0.09211,34.63958
10.39486,3.0091,1.57436,-0.76389,30.8945,27.91933,1.26609,-0.02902,-0.00822,0.0191,0.0357,19.93716,2.8094,0.80595,-0.67633,52.85338,358.5109,305.9727,0.03041,0.01479,0.0203,0.03944,6.62729,3.17589,1.27251,-0.6086,349.0789,24.28104,354.336,0.05994,-0.04224,0.05368,0.09088,16.97427
10.41709,3.03018,1.57414,-0.76524,31.02454,27.46456,1.39998,-0.04121,-0.00974,0.02201,0.04773,22.63448,2.83151,0.80635,-0.67758,52.73227,358.1353,306.1335,0.00983,0.01739,0.02588,0.03269,16.47033,3.19872,1.27111,-0.60867,349.6963,23.44885,353.6718,0.03621,-0.06186,0.07677,0.10503,41.05065
10.43931,3.05149,1.57383,-0.76643,31.13638,27.00676,1.46725,-0.0397,-0.01198,0.0216,0.04676,22.71161,2.85351,0.8066,-0.67873,52.70291,357.6839,306.2642,0.00139,0.01427,0.02446,0.02835,20.65075,3.22126,1.26958,-0.60847,350.2757,22.91084,354.1267,0.02647,-0.06534,0.08034,0.10689,35.93895
10.47264,3.08345,1.57334,-0.76743,31.28701,26.10922,1.45587,-0.03937,-0.01393,0.02784,0.05019,25.94419,2.88704,0.80682,-0.68072,52.694,357.6119,306.2173,0.00611,0.00846,0.00628,0.01218,5.87397,3.25363,1.26768,-0.60781,350.6648,22.08644,356.2809,-0.01354,-0.05902,0.07979,0.10017,53.57447
10.50597,3.11547,1.57258,-0.7679,31.58846,25.24565,1.45674,-0.03864,-0.0207,0.03012,0.05319,27.01564,2.92098,0.80695,-0.68234,52.83004,357.9275,306.9717,0.01597,0.00511,-0.00119,0.01681,13.31077,3.2861,1.26678,-0.60733,350.6029,21.49852,357.4734,-0.02193,-0.03499,0.06442,0.07652,40.81553
10.52819,3.13679,1.57171,-0.76792,31.94163,24.61136,1.45215,-0.03786,-0.03451,0.03657,0.06294,30.79942,2.94354,0.80762,-0.68285,53.01083,357.7865,308.1203,0.01537,0.02333,0.01234,0.03054,45.07055,3.30699,1.26505,-0.60658,351.2878,20.30719,356.836,-0.05025,-0.06959,0.0725,0.11236,52.35025
10.55042,3.15838,1.57098,-0.76768,32.22336,24.06997,1.50223,-0.03308,-0.03364,0.03527,0.0589,29.6736,2.96606,0.80818,-0.68273,52.91665,357.7562,308.7285,0.01451,0.02441,0.0206,0.03508,36.53323,3.32821,1.26277,-0.60513,351.9889,19.44357,357.1218,-0.04766,-0.0861,0.08062,0.12722,49.99476
10.58375,3.19075,1.56962,-0.76724,32.82398,23.25794,1.56721,-0.02972,-0.03917,0.03351,0.0595,30.73725,3.00036,0.80952,-0.6822,52.68259,357.7937,309.6806,0.02565,0.03613,0.03207,0.0547,30.272,3.35994,1.25875,-0.60297,352.5698,18.57148,358.5789,-0.0477,-0.11199,0.08359,0.14766,46.38871
10.61708,3.22325,1.56825,-0.76613,33.44148,22.59826,1.55537,-0.02609,-0.04046,0.0355,0.05982,27.81733,3.03562,0.81132,-0.68148,52.60592,358.2985,311.1239,0.04992,0.04964,0.0262,0.07511,31.80868,3.39317,1.25415,-0.60066,353.4139,18.34433,359.3725,-0.01411,-0.13162,0.07498,0.15213,36.59741
10.65042,3.25632,1.56719,-0.76436,33.77966,22.10311,1.75931,-0.01264,-0.03404,0.04569,0.05836,22.82442,3.07136,0.81348,-0.68031,52.31895,358.9441,312.3405,0.06629,0.06098,0.02982,0.09488,26.82766,3.42541,1.24847,-0.59778,354.9258,17.40185,359.7429,-0.02842,-0.16047,0.08062,0.18182,48.35371
10.67264,3.27861,1.56645,-0.76307,34.12164,21.78465,2.00528,-0.00141,-0.03384,0.04866,0.05929,26.19295,3.09674,0.81676,-0.67815,51.45926,359.7336,313.2352,0.11977,0.12408,0.07518,0.18813,40.03223,3.44685,1.24556,-0.59682,355.3261,16.89985,359.129,-0.02843,-0.12917,0.04198,0.13877,31.20234
10.69486,3.30071,1.56571,-0.76139,34.47738,21.3571,2.10871,-0.0033,-0.03349,0.04867,0.05917,26.71868,3.12142,0.81949,-0.67573,50.82715,0.21363,314.2049,0.11538,0.1236,0.07855,0.18644,40.19164,3.46813,1.24264,-0.59528,355.7584,16.24083,358.6784,-0.03541,-0.13012,0.04217,0.14129,36.4271
10.7282,3.3338,1.56457,-0.75827,34.98234,20.51176,2.1723,-0.00592,-0.03391,0.0559,0.06565,29.47842,3.1594,0.82433,-0.67183,49.98608,1.15505,315.9456,0.1338,0.13964,0.08084,0.20961,42.39093,3.49968,1.23543,-0.59126,358.0714,15.04071,358.1574,-0.04854,-0.1949,0.07442,0.2142,68.11947
10.76153,3.36674,1.56345,-0.75462,35.50614,19.48217,2.10971,-0.00936,-0.03377,0.06175,0.071,32.61635,3.19996,0.83149,-0.66708,48.83737,2.99057,318.1617,0.19686,0.19603,0.09282,0.29291,51.73959,3.5311,1.23029,-0.58827,358.5259,14.85137,359.5647,-0.05432,-0.16422,0.05172,0.18053,38.54388
10.78374,3.38882,1.56272,-0.75216,35.81003,19.01341,2.23631,-0.00567,-0.03328,0.05637,0.0657,28.93523,3.22753,0.83718,-0.66294,47.5636,4.10546,318.9775,0.23081,0.23944,0.1219,0.3542,60.31979,3.5524,1.22708,-0.58613,358.8963,14.66385,0.1,-0.04405,-0.15168,0.04443,0.16408,32.28082
10.80597,3.41101,1.56208,-0.74942,36.14715,18.46728,2.35036,-0.00239,-0.03112,0.0563,0.06437,30.33526,3.25503,0.84268,-0.65867,46.47343,5.15092,320.0677,0.235,0.24352,0.12343,0.36023,60.23355,3.57381,1.22374,-0.5837,359.58,14.41213,0.28729,-0.03931,-0.15086,0.0433,0.1618,31.76673
10.82819,3.43332,1.56144,-0.74639,36.36092,17.85,2.57025,0.00363,-0.02965,0.05989,0.06692,34.17833,3.28306,0.84903,-0.65374,45.56456,6.21008,321.8434,0.25575,0.27473,0.14051,0.40078,65.99124,3.59479,1.22106,-0.58128,0.19826,13.76678,359.6992,-0.05043,-0.12724,0.0364,0.14163,40.39894
10.85041,3.4554,1.56074,-0.74318,36.66002,17.23998,2.66967,0.00064,-0.03067,0.05791,0.06553,33.60453,3.31072,0.85477,-0.64907,44.87249,7.18094,323.6133,0.25216,0.26662,0.13127,0.38975,65.16966,3.61575,1.21834,-0.57849,0.72426,13.23583,359.5314,-0.05161,-0.12483,0.03668,0.13997,37.19802
10.88376,3.48852,1.55958,-0.73812,37.15513,16.34261,2.74896,-0.00111,-0.03378,0.0529,0.06277,32.3712,3.35348,0.86406,-0.64201,43.58273,9.27942,326.1284,0.2784,0.27553,0.11615,0.40855,66.20258,3.64697,1.21464,-0.57404,1.31763,12.58017,359.9279,-0.05684,-0.11448,0.034,0.13226,29.31835
10.90596,3.51073,1.5588,-0.73491,37.54604,15.71284,2.81471,0.0038,-0.03441,0.03771,0.05119,34.3586,3.38276,0.87189,-0.63632,42.10239,10.2203,326.6332,0.3076,0.32922,0.13781,0.47117,67.1064,3.66778,1.21399,-0.57129,1.17379,12.44745,0.35124,-0.0581,-0.05813,0.0202,0.08464,16.13283
10.92818,3.53287,1.55811,-0.73134,37.85443,15.01236,2.87752,0.00352,-0.03268,0.03928,0.05122,35.17673,3.41126,0.87896,-0.63075,40.92065,11.05887,327.5262,0.29859,0.32386,0.13448,0.46058,64.35013,3.68841,1.21226,-0.56797,1.54033,11.96698,0.02711,-0.06149,-0.068,0.02501,0.09503,20.55884
10.96152,3.56598,1.55729,-0.7252,38.17947,13.79924,2.86132,0.00375,-0.02659,0.04048,0.04858,36.70992,3.45416,0.88983,-0.62219,39.65273,12.28476,329.4863,0.29758,0.32541,0.11874,0.45667,58.70004,3.71826,1.21003,-0.56219,1.89043,10.98504,359.6299,-0.08578,-0.06726,0.02879,0.11275,29.83916
10.99485,3.59901,1.55672,-0.71867,38.43489,12.47628,2.74345,0.00377,-0.0195,0.03643,0.04149,37.89801,3.49772,0.90241,-0.61283,38.05377,13.88977,332.9784,0.31425,0.36442,0.11974,0.49588,85.94686,3.7474,1.20709,-0.55554,2.22844,10.02056,359.9459,-0.10617,-0.08287,0.03626,0.13948,30.60403
11.01707,3.6211,1.55655,-0.71415,38.43986,11.48883,2.57963,0.01032,-0.00826,0.02511,0.02838,40.2549,3.52585,0.91046,-0.6067,37.37664,14.46524,335.2999,0.2888,0.37038,0.09625,0.47942,100.4512,3.76669,1.20565,-0.55077,2.13745,9.46007,0.46915,-0.10917,-0.06707,0.03468,0.13274,30.7739
11.03929,3.64301,1.55626,-0.7089,38.56079,10.53539,2.50965,0.00868,-0.01051,0.02863,0.03171,40.72347,3.5539,0.91807,-0.60013,36.60721,15.105,337.0338,0.28617,0.35642,0.09403,0.46666,86.50156,3.78645,1.20403,-0.54551,2.19815,9.04476,0.72862,-0.09943,-0.07001,0.03381,0.12621,26.55098
11.07264,3.67579,1.55636,-0.70073,38.5784,8.62751,2.2596,0.00807,-0.00044,0.0241,0.02542,49.80307,3.59508,0.9306,-0.58963,35.62573,15.70517,341.0398,0.26622,0.37077,0.0929,0.4658,107.0581,3.81561,1.20017,-0.5366,2.88362,8.07975,359.9097,-0.10027,-0.10429,0.04211,0.15068,33.92991
11.09485,3.69713,1.55683,-0.69459,38.32315,6.9317,1.54259,-0.00423,0.0169,0.0259,0.03121,60.50854,3.62221,0.93937,-0.5826,34.97595,16.17483,343.9177,0.25912,0.39578,0.06902,0.47807,115.9366,3.83421,1.19736,-0.53007,3.45687,7.17144,359.1463,-0.12735,-0.12138,0.04321,0.18116,51.49696
11.11707,3.71854,1.55676,-0.68774,38.3458,5.77695,1.29947,-0.00088,0.00668,0.02832,0.02911,52.82881,3.64936,0.94748,-0.57429,34.14482,16.61661,346.1241,0.26033,0.38042,0.0828,0.46835,106.3509,3.85318,1.19504,-0.52306,3.80176,6.50039,358.8602,-0.11724,-0.11283,0.04063,0.16771,43.29902
11.1504,3.74913,1.55741,-0.67581,37.98473,2.47589,359.9675,-0.01688,0.01644,0.02083,0.03145,74.20466,3.6907,0.96068,-0.56357,32.61864,18.65579,348.7169,0.29004,0.39199,0.00722,0.48768,83.60055,3.88016,1.19266,-0.51076,3.4971,5.80929,359.5933,-0.1272,-0.08167,0.03215,0.15454,27.384
11.18373,3.77832,1.55826,-0.66103,37.56645,359.1251,358.8367,-0.02774,0.02308,0.02179,0.04215,82.32843,3.7284,0.97233,-0.54863,32.0654,19.33621,352.4819,0.24055,0.36024,0.02214,0.43374,96.73327,3.90667,1.18979,-0.49551,3.70979,4.99588,359.2663,-0.11549,-0.08504,0.03537,0.14772,24.85327
11.20596,3.79681,1.55893,-0.64991,37.1523,356.5392,357.8011,-0.03757,0.02737,0.01543,0.04898,92.57839,3.75318,0.98049,-0.53825,31.44107,20.19443,354.1747,0.24723,0.37033,-0.01429,0.44551,74.94095,3.9239,1.18865,-0.48415,3.67208,4.48653,359.2406,-0.09902,-0.05359,0.02618,0.1156,21.93091
11.22819,3.81477,1.55939,-0.63746,36.82247,354.2324,356.8679,-0.03349,0.02398,0.01436,0.04362,89.59948,3.77787,0.98968,-0.52688,30.21674,21.26704,355.1992,0.26034,0.392,-0.0248,0.47122,69.81256,3.94057,1.1872,-0.47133,3.75852,4.08368,359.0822,-0.09322,-0.05949,0.02799,0.11407,20.25118
11.26151,3.83927,1.56066,-0.61746,36.04576,349.778,355.8838,-0.05702,0.03462,0.00414,0.06684,112.7144,3.81182,1.00279,-0.50753,28.28446,21.46902,355.2474,0.22911,0.3931,-0.02036,0.45545,56.69472,3.96514,1.18487,-0.45028,3.86641,3.71214,358.6282,-0.07022,-0.06728,0.03109,0.1021,17.16293
11.28373,3.85293,1.56233,-0.60273,34.93881,345.8203,354.5676,-0.12748,0.06856,0.00775,0.14496,151.3083,3.83105,1.00998,-0.49286,28.55149,21.26262,359.126,0.12898,0.32859,0.00001,0.353,163.7402,3.98067,1.18244,-0.43502,4.15717,3.49771,357.9863,-0.06225,-0.10243,0.03243,0.12418,28.22214
11.30596,3.86597,1.56363,-0.58676,33.9885,342.3029,353.2865,-0.12118,0.06348,0.00665,0.13696,146.0646,3.84976,1.01734,-0.47688,28.86702,21.38268,3.00633,0.13467,0.32969,0.00293,0.35614,168.1364,3.99463,1.17986,-0.41846,4.45557,3.22792,357.6983,-0.06765,-0.1093,0.03213,0.13249,24.50491
11.32818,3.87732,1.56521,-0.5705,32.80761,337.9838,352.0479,-0.12837,0.06349,-0.00674,0.14337,157.7857,3.86816,1.0251,-0.4605,29.11041,21.85831,6.60389,0.16171,0.34471,-0.00609,0.38081,147.5466,4.00768,1.17652,-0.40115,5.08362,3.00235,357.5653,-0.07274,-0.12953,0.0301,0.15158,25.38844
11.35041,3.88521,1.56803,-0.55428,31.03874,332.2756,350.7523,-0.18726,0.09518,-0.03822,0.21351,201.1919,3.88815,1.03585,-0.44533,27.56131,23.35699,6.76012,0.23019,0.41415,-0.06148,0.4778,77.96658,4.01903,1.17331,-0.38331,5.70202,2.59573,356.9677,-0.08143,-0.13698,0.0168,0.16024,33.27374
11.38374,3.89665,1.57154,-0.52998,28.66785,325.6392,348.2233,-0.1968,0.10289,-0.05976,0.22997,190.806,3.91337,1.04772,-0.42115,27.25533,24.27307,8.93912,0.21765,0.3707,-0.06812,0.43524,62.92123,4.03395,1.16842,-0.35677,6.4836,1.97878,355.8965,-0.09198,-0.14419,0.00437,0.17108,39.91991
11.40596,3.89662,1.57349,-0.52733,27.33386,321.2961,346.9084,-0.15462,0.08934,-0.10071,0.20502,186.3989,3.91853,1.05453,-0.41594,27.68452,24.27137,13.58166,0.13047,0.32337,-0.01512,0.34902,150.3908,4.0345,1.1638,-0.35164,7.19243,1.44787,355.7267,-0.11582,-0.19337,-0.00113,0.2254,37.71801
11.42819,3.89401,1.57508,-0.52988,26.22784,317.2466,346.1454,-0.13599,0.08058,-0.10771,0.19128,181.3115,3.92218,1.06152,-0.41616,27.49203,24.14913,15.40753,0.14733,0.31908,-0.01239,0.35167,117.4307,4.03244,1.15998,-0.35163,7.6453,1.25269,355.7172,-0.10426,-0.1825,-0.00016,0.21018,29.56332
11.45041,3.89173,1.57691,-0.53309,25.06537,313.507,345.0312,-0.10961,0.08262,-0.13092,0.18968,164.879,3.92365,1.06675,-0.41597,26.73327,22.798,14.96878,0.08987,0.2639,0.00003,0.27878,59.52189,4.03052,1.15566,-0.3518,8.20219,1.1767,355.9874,-0.0919,-0.1903,-0.00491,0.21139,27.72004
11.47263,3.88949,1.57853,-0.53534,23.78099,310.1115,344.1287,-0.10519,0.07783,-0.11626,0.17504,158.5734,3.92556,1.07187,-0.41596,26.15603,21.67978,14.93966,0.08793,0.24706,0.00019,0.26224,57.4578,4.02816,1.15144,-0.35184,9.00502,0.50046,355.3907,-0.09917,-0.19014,-0.00343,0.21447,37.83623
11.49485,3.88832,1.57982,-0.53821,22.74791,306.9139,343.9637,-0.05377,0.05956,-0.13289,0.15524,149.5732,3.92518,1.07266,-0.4144,26.9034,19.48065,15.57257,-0.00127,0.07457,0.05865,0.09488,108.9122,4.02515,1.1474,-0.35182,9.94901,359.3568,354.8709,-0.12588,-0.18099,0.00009,0.22046,59.22116
11.51708,3.8868,1.5814,-0.54115,21.56384,303.5138,344.0944,-0.06097,0.06532,-0.1326,0.15989,156.772,3.92362,1.07269,-0.41234,28.16548,17.13442,17.68144,-0.03579,0.03799,0.07581,0.09203,143.3335,4.02316,1.14422,-0.35181,10.37257,358.9581,354.6622,-0.10768,-0.16197,0.00018,0.19449,42.9278
11.55041,3.88416,1.58367,-0.54511,19.62614,299.0175,343.2993,-0.07474,0.06758,-0.12215,0.15835,144.3314,3.92269,1.07274,-0.41011,29.25635,15.53995,21.83714,-0.02983,0.01056,0.06906,0.07596,151.4377,4.02119,1.14102,-0.35153,10.7132,358.7546,354.7406,-0.07132,-0.11252,0.0064,0.13338,19.23206
11.57262,3.88356,1.5842,-0.54795,18.8729,296.6612,342.7342,-0.04358,0.03934,-0.12467,0.1378,116.8961,3.92365,1.073,-0.40825,28.84554,14.64247,21.28448,0.01194,0.01487,0.08607,0.08816,56.73392,4.01941,1.14031,-0.35117,10.70792,357.9688,354.5558,-0.07958,-0.05304,0.01325,0.09655,30.5218
11.59484,3.88196,1.58548,-0.55044,17.7661,293.8203,342.3329,-0.05776,0.04862,-0.1184,0.14042,124.9201,3.92222,1.07354,-0.4056,28.73571,11.85953,19.84826,-0.02635,0.01961,0.1027,0.10783,81.08405,4.01757,1.13887,-0.35088,10.83723,357.2329,354.2607,-0.08125,-0.05905,0.0132,0.10131,32.08705
11.61706,3.88229,1.58571,-0.55206,17.84129,292.869,341.1148,-0.00064,0.01556,-0.08129,0.08277,62.55199,3.91837,1.07346,-0.40187,29.04905,8.3406,20.17005,-0.14431,0.00533,0.15367,0.21088,150.5912,4.0164,1.13774,-0.35014,11.13382,356.6479,353.9649,-0.05711,-0.05091,0.0296,0.08203,29.4323
11.63928,3.8822,1.58577,-0.55332,17.80426,291.7924,340.8927,-0.00224,0.00909,-0.06899,0.06962,52.64277,3.91471,1.07281,-0.39895,30.38943,6.43075,24.61239,-0.1545,-0.01201,0.14241,0.21047,194.8508,4.01584,1.13681,-0.34927,11.35046,356.4247,353.7627,-0.04108,-0.04648,0.03447,0.07096,22.05367
11.67263,3.88154,1.58694,-0.55409,17.41954,291.061,341.8142,-0.01544,0.02857,-0.03473,0.04755,38.03001,3.91799,1.07663,-0.39583,29.92123,9.13641,30.30679,0.03502,0.08302,0.10586,0.13902,141.7305,4.01622,1.13669,-0.34773,11.49165,356.9153,354.1302,-0.00165,-0.01414,0.04327,0.04556,9.47488
11.69485,3.88101,1.58764,-0.55473,17.51826,290.9456,341.8888,-0.02032,0.02726,-0.03078,0.04586,11.71465,3.92203,1.08097,-0.39423,27.65898,11.17982,28.6077,0.15178,0.17536,0.08079,0.2456,133.8088,4.01608,1.13782,-0.34705,11.63643,356.7269,353.4913,-0.00389,0.04329,0.03283,0.05448,25.2771
11.71707,3.88059,1.5877,-0.55567,17.72008,290.5278,341.8665,-0.01946,0.01495,-0.03642,0.04392,15.80634,3.92217,1.08268,-0.39205,27.20401,10.17669,27.38418,0.07923,0.12616,0.08949,0.17379,77.90182,4.01564,1.1381,-0.34647,11.80779,356.5117,353.041,-0.01179,0.0281,0.02942,0.04236,23.45907
11.73928,3.88026,1.58755,-0.55602,17.89458,290.6853,341.8499,-0.01618,0.00017,-0.01992,0.02567,7.27221,3.92326,1.08003,-0.38991,29.11699,9.95623,26.50922,0.08196,-0.0767,0.09294,0.14573,68.58182,4.01506,1.13917,-0.34597,11.91155,356.3921,352.8245,-0.02496,0.04158,0.02504,0.05459,12.1889
11.7615,3.87997,1.58747,-0.55659,18.03735,290.5479,341.7022,-0.01451,-0.00165,-0.02273,0.02701,7.43495,3.92626,1.07803,-0.38827,30.73796,11.90041,27.3851,0.10862,-0.08323,0.08329,0.16019,84.06896,4.01403,1.13995,-0.34543,11.90552,356.2252,352.8245,-0.03561,0.03828,0.02457,0.05777,7.86524
11.79484,3.89243,1.58626,-0.55392,18.6119,290.9706,341.6567,0.00038,-0.02763,-0.00913,0.0291,17.55736,3.93759,1.08177,-0.38281,29.0698,9.55309,24.65038,0.00548,0.06334,0.08022,0.10236,55.17122,4.02418,1.14125,-0.34208,11.63384,355.7537,353.1758,-0.05678,0.039,0.01795,0.07118,15.96018
11.81706,3.9128,1.58543,-0.54444,18.45872,291.7289,342.406,-0.00759,-0.03282,0.03265,0.04692,31.41407,3.95643,1.08495,-0.37286,28.09636,9.16513,24.89258,-0.06018,0.1068,0.07245,0.1424,38.71826,4.04316,1.14199,-0.33305,11.44174,355.4857,352.9699,-0.06319,0.03226,0.02432,0.075,13.49816
11.83928,3.93317,1.58513,-0.53618,18.50982,292.0337,342.3971,-0.01109,-0.0231,0.01982,0.0324,20.85345,3.97622,1.08599,-0.36329,28.29504,9.36418,26.50393,-0.05048,0.0769,0.0692,0.11511,41.05063,4.06324,1.14266,-0.32432,11.32915,355.4819,352.5781,-0.04557,0.03124,0.02638,0.06122,13.92508
11.87261,3.96454,1.58284,-0.52396,19.27686,293.1641,341.7676,-0.00067,-0.05733,0.0206,0.06092,39.84439,4.00719,1.08832,-0.34996,27.93877,10.06703,28.06381,-0.01954,0.0715,0.05805,0.09415,40.65096,4.09405,1.14327,-0.31179,11.24755,355.6925,351.9827,-0.02178,0.02151,0.02917,0.04228,17.82075
11.90594,3.99484,1.58012,-0.51456,20.4317,294.243,341.4928,0.00801,-0.07557,0.03493,0.08364,47.03574,4.03478,1.091,-0.34004,26.24387,9.68185,29.31772,-0.05767,0.07822,0.05599,0.11215,58.46898,4.12311,1.14331,-0.30258,11.15871,356.1831,352.0725,-0.02518,0.00643,0.03272,0.04179,12.78454
11.93928,3.99889,1.57461,-0.51074,23.42633,296.9536,340.6044,0.04044,-0.1428,0.10718,0.18307,109.5261,4.03453,1.08713,-0.33728,28.7363,8.69338,30.12394,-0.07251,-0.06741,0.08853,0.13281,63.68908,4.12511,1.14261,-0.30213,11.41584,356.7831,351.804,-0.01397,-0.0142,0.03076,0.03665,19.56616
11.9615,4.00119,1.5701,-0.50657,26.34999,299.6344,339.4324,0.072,-0.17295,0.14738,0.23836,154.6118,4.03434,1.08841,-0.33569,28.34375,9.25746,32.58709,-0.04069,-0.00501,0.07994,0.08984,70.3177,4.12472,1.14126,-0.30159,12.17733,357.0561,350.9455,-0.01571,-0.03757,0.02752,0.04915,35.17063
11.98372,4.00364,1.56591,-0.503,29.10229,302.1707,338.7261,0.09111,-0.1808,0.15405,0.2544,167.7937,4.03437,1.08991,-0.33408,28.17223,9.25788,32.92283,-0.01961,0.03132,0.07629,0.08477,42.13554,4.12473,1.13984,-0.30114,12.96171,357.412,349.9985,-0.00772,-0.05067,0.02402,0.0566,47.54843
12.00594,4.00754,1.56022,-0.49865,32.49087,305.5027,338.6813,0.13347,-0.21834,0.17475,0.30988,190.8022,4.03538,1.09259,-0.33238,27.71852,9.45379,32.06491,0.01298,0.07594,0.07636,0.10848,9.5608,4.12467,1.1378,-0.30095,13.86179,357.8623,349.1204,-0.00515,-0.07117,0.0162,0.07317,55.28651
12.03928,4.01518,1.55074,-0.49152,36.83689,311.4683,342.4078,0.20528,-0.26784,0.20417,0.39442,190.924,4.03353,1.09607,-0.32963,27.08498,7.12337,29.39496,-0.03836,0.09736,0.08084,0.13223,60.33747,4.12322,1.13339,-0.30188,15.84899,358.0282,348.0828,-0.03403,-0.11704,-0.01688,0.12305,63.87819
12.0615,4.01946,1.54633,-0.48691,38.90079,315.8581,344.8389,0.19473,-0.21412,0.20545,0.35493,182.8327,4.03305,1.0972,-0.32798,26.6972,6.51899,29.51685,-0.01993,0.06042,0.07521,0.09852,31.68029,4.12186,1.1311,-0.30322,16.85448,357.618,347.0713,-0.05493,-0.10379,-0.05197,0.12841,60.87953
12.08372,4.02235,1.54239,-0.48361,40.83554,319.0276,346.2567,0.16256,-0.19584,0.17708,0.31005,162.0313,4.03255,1.09869,-0.32628,26.41027,5.93566,29.30773,-0.02133,0.06381,0.07592,0.10144,29.06217,4.12111,1.12914,-0.30363,17.73877,357.6354,346.3018,-0.04423,-0.09604,-0.03526,0.11146,56.55318
12.11705,4.02694,1.54008,-0.47731,41.62451,324.1689,348.4051,0.14393,-0.10081,0.18602,0.25589,131.3523,4.03328,1.09189,-0.32534,27.3826,5.75323,30.33541,0.01118,-0.13704,0.03993,0.14318,33.34633,4.11762,1.12539,-0.30676,17.05638,357.0324,346.7101,-0.08965,-0.10832,-0.07933,0.16144,15.67949
12.1615,4.03378,1.53595,-0.47256,43.79618,328.991,351.1986,0.15555,-0.09724,0.12662,0.2229,104.8219,4.03314,1.08204,-0.32445,28.6381,2.76112,27.64301,0.00355,-0.20447,0.02697,0.20627,56.33932,4.11692,1.11374,-0.30876,19.35368,358.2599,348.624,-0.04238,-0.22467,-0.05378,0.23487,50.01691
12.18372,4.03523,1.53674,-0.47012,43.98385,330.1117,350.5125,0.09591,-0.00727,0.11607,0.15075,84.45649,4.03609,1.07573,-0.32687,30.2446,3.19578,29.41523,0.12448,-0.26754,-0.07676,0.3049,84.86763,4.11933,1.10852,-0.30981,21.17942,358.8209,346.474,0.07528,-0.23387,-0.04995,0.25071,109.4585
12.20595,4.03778,1.5353,-0.46722,44.73253,332.4506,351.4164,0.10535,-0.03614,0.12335,0.16619,85.24278,4.0397,1.07044,-0.32835,31.64755,5.40002,30.90933,0.1435,-0.25273,-0.0715,0.29929,90.43732,4.12012,1.10394,-0.31102,22.47189,358.879,345.084,0.0554,-0.21986,-0.05225,0.23267,97.59217
12.23928,4.04206,1.53388,-0.47134,45.0136,333.3504,351.4542,0.06599,-0.04083,0.12098,0.14373,41.82646,4.04509,1.06207,-0.33817,33.07488,5.97492,30.72864,0.10049,-0.25154,-0.05621,0.27664,54.01083,4.12269,1.09758,-0.32124,23.43038,359.1077,345.5192,0.01515,-0.19805,-0.06013,0.20753,39.90315
12.26149,4.04912,1.53271,-0.4845,45.50236,334.2115,351.1569,0.05806,-0.05108,0.1062,0.13137,52.37342,4.05128,1.05497,-0.35427,34.81265,3.6531,25.98798,0.05296,-0.2969,-0.04046,0.30429,130.109,4.12933,1.09277,-0.33778,23.80998,359.6074,346.0766,0.02941,-0.21387,-0.05192,0.22204,30.38109
12.28372,4.05717,1.53131,-0.49923,46.09639,335.4883,351.5902,0.0668,-0.05689,0.10605,0.13764,51.58842,4.0605,1.04908,-0.37247,35.78261,4.63876,25.24866,0.09057,-0.28089,-0.04534,0.2986,98.03043,4.13631,1.08724,-0.35598,24.73067,359.8768,345.9524,0.02834,-0.23138,-0.05122,0.23866,36.20631
12.31705,4.06734,1.52967,-0.52082,46.4515,335.256,351.4529,0.02821,-0.05128,0.09747,0.11369,16.34196,4.07183,1.04164,-0.39841,36.23769,4.06016,25.06567,0.06028,-0.23774,-0.03823,0.24823,31.69879,4.14701,1.07561,-0.38225,26.75908,0.15114,345.37,0.03069,-0.31947,-0.04699,0.32436,57.19767
12.33928,4.06835,1.52863,-0.52303,46.57846,334.3351,349.9923,-0.02241,-0.04862,0.08496,0.10042,32.98774,4.07625,1.03364,-0.40435,39.03166,5.06335,25.84327,0.09255,-0.32725,-0.07157,0.34753,100.7767,4.15166,1.06634,-0.38725,28.41365,0.79036,344.5194,0.08739,-0.38472,-0.0458,0.39717,81.74957
12.3615,4.06864,1.52753,-0.52128,46.93646,334.563,349.8351,-0.00463,-0.04923,0.08189,0.09566,25.57153,4.07872,1.02546,-0.40621,41.19624,5.18094,23.74341,0.10192,-0.34756,-0.07767,0.37043,114.4811,4.15277,1.05931,-0.38849,29.45588,1.2707,344.7624,0.06873,-0.35051,-0.05068,0.36076,64.02711
12.39483,4.06879,1.52616,-0.51867,47.24976,334.6326,349.8441,0.00228,-0.04307,0.07924,0.09022,12.20895,4.08162,1.01292,-0.40985,43.97419,4.66301,20.45595,0.09065,-0.36917,-0.1014,0.39343,118.9504,4.15346,1.04875,-0.39084,31.21107,1.29047,344.8731,0.03253,-0.32527,-0.06561,0.33342,54.20557
12.41705,4.06794,1.5254,-0.51758,47.34158,334.237,349.4663,-0.02458,-0.0381,0.05867,0.07415,10.81052,4.08201,1.00882,-0.41067,43.16819,2.80458,16.37718,0.04249,-0.21466,-0.04821,0.22408,104.8158,4.15389,1.0432,-0.39314,32.07128,0.36068,342.8679,0.03515,-0.27771,-0.09299,0.29497,75.36552
12.43926,4.06786,1.52453,-0.51625,47.52247,334.4034,349.3723,-0.01412,-0.03856,0.05919,0.07204,10.93252,4.08378,1.00458,-0.41225,43.01221,3.15042,16.52885,0.06094,-0.20278,-0.05969,0.21999,53.12363,4.15526,1.03697,-0.39499,33.08962,0.54838,342.299,0.04848,-0.27896,-0.08829,0.29659,63.43645
12.47258,4.0673,1.52382,-0.51478,47.65636,334.2265,349.2165,-0.01613,-0.02576,0.04794,0.05676,6.15933,4.08558,0.99764,-0.41497,43.04842,2.46614,15.24323,0.05581,-0.20677,-0.07609,0.22728,34.26319,4.15803,1.02683,-0.3982,34.69823,2.51141,345.3104,0.07435,-0.29815,-0.09423,0.3214,67.82051
12.49481,4.06657,1.52377,-0.5143,47.55711,334.0748,349.0583,-0.03403,-0.00266,0.02079,0.03997,6.60643,4.08756,0.9908,-0.41675,44.50863,1.63696,12.5629,0.09087,-0.29138,-0.07905,0.31529,106.0084,4.15792,1.02151,-0.39967,35.44415,2.55607,346.6198,-0.00067,-0.24097,-0.06975,0.25086,67.69384
12.51703,4.06634,1.52337,-0.51344,47.63335,334.2361,349.0936,-0.0221,-0.01033,0.02978,0.0385,2.61947,4.09008,0.9868,-0.41811,45.1507,1.57849,11.8839,0.10215,-0.23553,-0.07028,0.26618,72.77801,4.15881,1.01671,-0.40132,36.32959,2.65151,346.5677,0.01971,-0.22851,-0.07194,0.24038,45.69386
12.55037,4.06622,1.52295,-0.51257,47.74945,334.6455,349.6041,-0.00827,-0.01217,0.0269,0.03066,7.80367,4.09352,0.98345,-0.41856,45.15121,2.73696,12.29417,0.10301,-0.13442,-0.02765,0.17159,29.88415,4.16102,1.01222,-0.40262,36.5512,3.17791,346.9173,0.05463,-0.15814,-0.04731,0.17387,19.22552
12.57259,4.06571,1.52322,-0.51251,47.65046,334.7533,350.0354,-0.02186,0.00988,0.00565,0.02465,14.62954,4.09389,0.97835,-0.41902,45.40743,2.58055,10.1515,0.05193,-0.19745,0.00538,0.20423,106.8215,4.16468,1.00903,-0.40238,36.56592,4.3287,348.5554,0.14436,-0.15955,-0.00366,0.21519,79.67522
12.59482,4.06531,1.52321,-0.51213,47.66311,334.8534,350.1363,-0.01996,0.00466,0.01158,0.02355,8.30683,4.09579,0.97424,-0.41896,45.64883,2.44399,8.13436,0.06879,-0.19121,0.00399,0.20325,96.72903,4.1668,1.0044,-0.40319,37.28494,4.81255,348.9907,0.11982,-0.18405,-0.01996,0.22052,52.12572
12.62814,4.06463,1.5233,-0.51179,47.67498,335.0387,350.283,-0.02032,0.00312,0.01038,0.02303,4.18984,4.09827,0.96787,-0.41919,46.42732,2.99286,7.71022,0.07297,-0.19111,-0.00415,0.20461,47.23433,4.16899,0.99674,-0.40443,39.0376,4.67956,348.4162,0.07911,-0.21824,-0.03285,0.23445,45.15591
12.65037,4.064,1.52362,-0.51217,47.62899,335.0716,350.4173,-0.02675,0.01024,-0.00598,0.02926,4.79524,4.10314,0.96837,-0.41951,45.76921,10.0866,13.62052,0.22078,-0.02237,-0.0073,0.22203,183.942,4.17024,0.99504,-0.40379,39.37103,4.71858,347.7462,0.08558,-0.08167,0.01661,0.11946,23.87214
12.6726,4.063,1.52396,-0.51245,47.46576,334.7703,350.3574,-0.03592,0.01287,-0.00943,0.0393,8.30353,4.10663,0.96408,-0.42066,46.89492,13.16729,15.43926,0.18886,-0.10784,-0.02954,0.21948,138.1252,4.17146,0.99315,-0.40391,39.38556,5.17055,348.6237,0.07024,-0.08331,0.00555,0.10911,16.94303
12.70594,4.06174,1.52422,-0.51224,47.348,334.6365,350.4895,-0.03727,0.00907,0.00242,0.03843,8.21196,4.10671,0.95397,-0.42413,53.53698,14.29357,15.6618,0.04902,-0.25426,-0.08542,0.27266,159.2899,4.17054,0.98989,-0.40446,39.73108,4.70532,349.3631,-0.00308,-0.09421,-0.01082,0.09488,26.39606
12.72816,4.06111,1.52396,-0.51153,47.42224,334.7762,350.6677,-0.02986,-0.00846,0.02417,0.03934,5.13929,4.10333,0.95596,-0.42256,50.51829,8.25059,11.05567,-0.08886,0.02249,0.03589,0.09844,131.988,4.17061,0.98641,-0.40541,40.93922,4.11567,347.6782,0.00552,-0.14442,-0.03503,0.14871,66.6905
12.75039,4.06048,1.52371,-0.51128,47.48148,334.8336,350.7955,-0.02892,-0.00987,0.0177,0.03531,5.04141,4.10476,0.95419,-0.42398,51.17658,9.27466,10.6673,-0.01241,-0.02861,-0.0139,0.03414,50.69935,4.17116,0.98285,-0.40603,41.83992,3.63495,346.5157,0.01523,-0.15246,-0.03146,0.15641,62.26245
12.7726,4.05984,1.52323,-0.51094,47.52008,334.7444,350.823,-0.02916,-0.01663,0.01505,0.0368,4.74441,4.10548,0.9523,-0.42451,51.57789,9.99686,10.86547,0.02091,-0.07442,-0.02433,0.08104,20.20382,4.17181,0.9788,-0.40668,42.81553,3.02054,345.2787,0.02429,-0.16851,-0.02975,0.17283,57.24158
12.79483,4.05909,1.5228,-0.51067,47.56611,334.4972,350.7636,-0.03154,-0.01815,0.01359,0.03885,6.88144,4.10417,0.95131,-0.42504,51.23428,9.77289,10.53508,-0.01904,-0.0595,-0.02399,0.06692,12.86687,4.17142,0.97312,-0.4082,44.66747,1.8715,343.7844,0.00323,-0.212,-0.04916,0.21765,75.91413
12.82816,4.06495,1.52224,-0.5012,47.77051,334.3555,350.5577,-0.03303,-0.01707,0.02495,0.04478,6.11849,4.10783,0.9484,-0.41912,51.94031,9.59617,12.72221,-0.07938,-0.08038,-0.06457,0.13012,51.52299,4.17903,0.96412,-0.40274,47.8193,1.45306,341.7788,0.01514,-0.25557,-0.08093,0.26851,98.99941
12.85037,4.07613,1.5219,-0.48703,47.82669,334.3779,350.4868,-0.03092,-0.01527,0.02896,0.04503,3.02587,4.11762,0.94542,-0.40777,52.86401,9.72447,14.96849,-0.08202,-0.11334,-0.07817,0.16026,77.06113,4.189,0.95929,-0.39085,48.98094,0.37894,341.0936,-0.04622,-0.22433,-0.07065,0.23969,68.68211
12.8726,4.09007,1.52152,-0.46956,47.89009,334.3955,350.4506,-0.02993,-0.01604,0.03014,0.04541,3.29685,4.12945,0.9423,-0.3928,53.76033,8.97486,15.91696,-0.103,-0.12678,-0.07944,0.18163,79.21331,4.20159,0.95509,-0.37538,49.80255,359.0307,339.8894,-0.06779,-0.20676,-0.06457,0.22697,60.52512
12.90593,4.10988,1.52064,-0.44193,47.95781,334.3256,350.4484,-0.02959,-0.02381,0.0431,0.05745,1.66962,4.14502,0.93694,-0.36971,55.1371,7.32374,17.01161,-0.14312,-0.15243,-0.08649,0.22627,86.00553,4.22385,0.94866,-0.35167,50.92172,1.13167,340.1612,0.01596,-0.19631,-0.06872,0.2086,54.49076
12.92816,4.12318,1.5199,-0.42344,48.1404,334.3046,350.4879,-0.02602,-0.03042,0.04669,0.0615,6.87418,4.15575,0.93303,-0.35344,56.18655,6.18016,17.50159,-0.13339,-0.17575,-0.06013,0.22868,78.09593,4.23457,0.94236,-0.33704,52.55832,359.199,337.1998,-0.11456,-0.27203,-0.11494,0.31676,106.8215
12.95038,4.13671,1.51915,-0.40518,48.34742,334.2611,350.4655,-0.02548,-0.03206,0.04741,0.06265,8.11364,4.16824,0.92854,-0.33846,57.82696,6.9919,19.76437,-0.10236,-0.18883,-0.0797,0.2291,87.99059,4.24696,0.93651,-0.3223,54.08432,358.0934,335.2908,-0.09544,-0.26766,-0.11262,0.30567,96.70201
12.98372,4.14067,1.51807,-0.3973,48.4016,334.2823,350.357,-0.02836,-0.03236,0.06016,0.07397,4.11028,4.16996,0.92307,-0.33406,59.72278,5.92945,19.93636,-0.09808,-0.17029,-0.05002,0.20278,71.64439,4.24879,0.93053,-0.31871,54.42078,358.9745,337.8639,-0.09372,-0.20153,-0.0765,0.23506,36.93652
13.01705,4.1395,1.51697,-0.39513,48.51678,334.2,350.2437,-0.03342,-0.03277,0.06385,0.07917,4.03006,4.16817,0.91839,-0.33592,60.17079,3.87862,15.34709,-0.06474,-0.14787,-0.05443,0.17036,64.43805,4.24777,0.92642,-0.31952,54.2283,0.94922,341.1881,-0.04626,-0.1429,-0.03736,0.15478,52.82575
13.03927,4.13848,1.51595,-0.39356,48.65097,333.9407,350.0692,-0.04229,-0.04194,0.067,0.08965,7.35657,4.16816,0.91509,-0.3377,60.17485,4.24667,15.82391,-0.01461,-0.15199,-0.07727,0.17113,14.69652,4.24895,0.92403,-0.31922,55.04234,2.11055,341.4845,0.00582,-0.12318,-0.00841,0.1236,43.69872
13.06149,4.13755,1.51512,-0.39229,48.79433,333.8324,349.8739,-0.04213,-0.03961,0.06201,0.08479,7.72313,4.16648,0.91118,-0.33967,61.09091,3.06103,15.00166,-0.04505,-0.16385,-0.08277,0.18902,30.43224,4.24697,0.92153,-0.31961,55.60378,0.91563,339.6521,-0.04157,-0.11777,-0.01303,0.12557,42.83083
13.09481,4.13601,1.51401,-0.39051,49.0027,333.686,349.6044,-0.04515,-0.03491,0.05551,0.07962,8.1548,4.16574,0.90496,-0.34225,62.7182,1.56669,13.29609,-0.02783,-0.18094,-0.07886,0.19933,47.81574,4.24009,0.92037,-0.31964,55.42869,357.6445,337.3845,-0.16527,-0.05564,-0.00397,0.17443,43.88375
13.11703,4.13573,1.51377,-0.39012,49.04084,333.6554,349.5623,-0.01759,-0.01415,0.02278,0.03207,3.09246,4.16467,0.90129,-0.34395,63.53454,0.70128,12.47976,-0.04327,-0.16921,-0.07709,0.19091,42.50201,4.23776,0.91806,-0.32015,55.75481,356.857,336.7318,-0.11975,-0.09193,-0.01823,0.15207,28.39737
13.13926,4.13334,1.51316,-0.38781,49.02454,333.7406,349.6395,-0.06245,-0.02073,0.06339,0.09136,1.13293,4.16731,0.90321,-0.34234,62.54313,4.39032,17.95522,0.03778,-0.0414,-0.00224,0.05609,55.97401,4.23475,0.92121,-0.31902,53.21284,1.29423,346.4761,-0.12778,0.02492,0.01628,0.1312,153.9382
13.16148,4.13165,1.51308,-0.38687,48.87933,333.8586,349.8152,-0.07514,-0.00688,0.0438,0.08724,5.92337,4.16483,0.90172,-0.34285,63.84165,3.78611,19.49531,-0.13346,-0.08023,-0.0283,0.15827,128.1137,4.23696,0.91713,-0.31908,54.63493,2.2196,344.2084,0.1041,-0.15061,0.00664,0.18321,127.5391
13.18371,4.13016,1.5128,-0.38611,48.92319,333.8593,349.7926,-0.0711,-0.00973,0.03903,0.08169,2.04327,4.16468,0.89973,-0.34349,64.22733,4.51214,20.37146,-0.06999,-0.08469,-0.02852,0.11351,72.53329,4.23525,0.91416,-0.31928,55.58365,1.04144,343.6667,0.0136,-0.14215,-0.00128,0.14281,64.55415
13.21704,4.12734,1.51285,-0.38578,48.86911,333.8665,349.8744,-0.08117,-0.0013,0.01724,0.08299,2.61566,4.16883,0.89778,-0.34503,64.3202,11.85981,25.65183,0.07582,-0.06506,-0.04193,0.10835,75.04188,4.23438,0.91259,-0.31829,55.50147,0.40974,344.3018,-0.01601,-0.07067,0.02211,0.07576,18.32543
13.23925,4.12548,1.51303,-0.38583,48.65951,333.9722,350.1092,-0.08209,0.0053,0.00144,0.08227,10.33037,4.1667,0.89677,-0.34741,65.33359,8.7222,21.45555,-0.06265,-0.05278,-0.08621,0.11892,65.41101,4.23404,0.91096,-0.31972,55.46452,1.06445,346.9117,-0.0254,-0.07552,-0.04712,0.09257,87.25121
13.26146,4.12376,1.5131,-0.38583,48.45261,333.9032,350.2987,-0.07961,0.00428,0.00075,0.07972,12.12815,4.16475,0.89564,-0.34904,67.08223,8.1563,21.62092,-0.07513,-0.05178,-0.07976,0.12119,63.30283,4.23331,0.90895,-0.32056,55.81511,1.67718,348.8734,-0.029,-0.08303,-0.04244,0.09766,77.67919
13.28368,4.12184,1.51346,-0.38602,48.22604,333.6945,350.4129,-0.0844,0.01329,-0.00493,0.08558,16.00743,4.16283,0.89767,-0.34816,66.0527,9.48976,26.54634,-0.07716,0.05821,0.00942,0.09711,142.3412,4.23219,0.90798,-0.32115,56.18666,0.58754,347.9193,-0.04738,-0.0442,-0.02236,0.06855,26.78338
13.30591,4.1201,1.51361,-0.38557,47.87481,333.6219,350.6144,-0.08149,0.01007,0.00763,0.08247,17.62631,4.16209,0.89853,-0.34723,65.14845,8.09211,25.02986,-0.05519,0.04834,0.02572,0.07774,73.04287,4.23192,0.90817,-0.32049,55.64001,0.56914,348.4443,-0.02972,-0.01785,0.00355,0.03485,22.82204
13.33924,4.11811,1.51356,-0.38417,47.50604,333.3057,350.9453,-0.06512,0.00131,0.03333,0.07317,20.19767,4.16127,0.89847,-0.34663,64.88027,8.47221,26.97256,-0.03243,0.01083,0.01985,0.03954,54.01412,4.23264,0.90891,-0.31972,54.28899,1.59178,351.3783,0.00889,0.0123,0.01826,0.02374,61.92497
13.36146,4.1178,1.51322,-0.38336,47.36632,332.4278,350.7678,-0.02489,-0.01251,0.033,0.04318,29.03775,4.16177,0.89681,-0.34904,65.58478,12.07821,32.04188,0.01418,-0.05317,-0.07454,0.09265,85.95091,4.23248,0.90765,-0.31965,54.12869,1.50047,353.2751,-0.00467,-0.04458,0.00592,0.04521,66.99178
13.38368,4.11769,1.51254,-0.38299,47.2174,331.9322,350.6233,-0.01493,-0.02149,0.02482,0.03607,24.0844,4.16286,0.89577,-0.3503,65.75281,14.30579,35.30422,0.03156,-0.05001,-0.06564,0.08835,77.72898,4.23304,0.90599,-0.31988,54.61963,1.28606,353.2234,0.01019,-0.05953,-0.0023,0.06043,36.74932
13.4059,4.11971,1.51071,-0.38268,47.13474,331.5663,350.7001,0.06882,-0.0679,0.01716,0.09819,22.18049,4.16247,0.89464,-0.3508,65.99237,12.55485,34.18451,-0.00585,-0.05068,-0.03067,0.05953,39.32311,4.23531,0.90403,-0.32033,55.50891,1.46032,351.9065,0.07189,-0.07785,-0.01299,0.10676,42.69194
13.42812,4.12163,1.50954,-0.38213,47.33249,331.0905,350.9484,0.07763,-0.06009,0.02079,0.10035,26.10953,4.16335,0.89344,-0.3509,65.82928,12.6114,35.00089,0.01688,-0.05218,-0.01772,0.05763,36.03497,4.23582,0.90315,-0.31994,55.37542,1.17788,351.9587,0.04746,-0.05877,0.0024,0.07558,14.82461
13.45034,4.12508,1.50872,-0.38162,47.73216,330.2809,350.9164,0.1421,-0.04102,0.02354,0.14976,35.47432,4.16679,0.89017,-0.35192,66.26356,13.51233,35.02232,0.11627,-0.1281,-0.04389,0.17847,29.88751,4.23537,0.90079,-0.32004,55.30998,0.19242,352.5159,-0.00013,-0.10621,-0.00984,0.10666,49.01152
13.47256,4.12672,1.50793,-0.38114,47.77433,329.7516,350.8748,0.10803,-0.03813,0.02261,0.11677,28.64226,4.16818,0.88839,-0.35263,66.53926,13.97693,35.72885,0.0895,-0.10416,-0.03782,0.14245,18.66129,4.23573,0.89869,-0.32036,55.56724,359.8692,352.902,0.00809,-0.10054,-0.01198,0.10158,40.51658
13.5059,4.13271,1.50653,-0.38105,47.47175,328.9529,350.0115,0.16183,-0.04122,0.0076,0.16717,17.66775,4.16892,0.88445,-0.35478,67.6823,11.84296,33.98837,0.03898,-0.11461,-0.05777,0.13414,34.237,4.23919,0.89046,-0.32226,58.03796,358.7323,350.0251,0.07976,-0.21022,-0.04588,0.22948,69.19391
13.53923,4.13757,1.50816,-0.37918,47.82692,327.5916,349.4943,0.14974,0.02646,0.044,0.1583,27.88586,4.17164,0.8834,-0.35516,67.48586,12.67715,35.63732,0.07091,-0.05221,-0.02303,0.09102,21.14509,4.24225,0.88422,-0.32117,58.8957,357.0724,347.5766,0.08871,-0.19296,0.0132,0.21279,52.2304
13.56146,4.13995,1.50856,-0.37595,46.29169,327.6085,349.2063,0.11738,0.01179,0.12224,0.16988,56.17267,4.17329,0.88244,-0.35598,67.59254,12.51779,35.10265,0.07256,-0.04821,-0.03811,0.09509,9.38895,4.24548,0.88069,-0.31978,59.13657,357.3812,348.847,0.13296,-0.16918,0.04227,0.21929,30.92309
13.58368,4.14241,1.50792,-0.37398,45.36092,327.7383,349.0631,0.11405,-0.00844,0.10531,0.15547,49.60555,4.17532,0.88094,-0.35741,68.20097,13.19832,36.25341,0.08185,-0.05772,-0.05125,0.1125,20.7064,4.24804,0.87678,-0.31996,60.08524,357.076,348.685,0.12414,-0.17256,0.0171,0.21326,34.66478
13.60591,4.14485,1.5072,-0.37318,46.05035,328.1056,349.0432,0.10832,-0.0244,0.0437,0.11932,22.11557,4.17929,0.87932,-0.35808,68.76102,14.38553,37.18172,0.14957,-0.06476,-0.02141,0.16439,22.02272,4.25074,0.87442,-0.31916,60.67536,356.2712,347.4145,0.115,-0.11505,0.0392,0.16733,26.22895
13.62814,4.14689,1.50678,-0.3728,46.5847,328.0873,348.8283,0.10012,-0.02171,0.03047,0.10688,23.43969,4.18163,0.87841,-0.35748,68.54247,14.32846,37.19337,0.12735,-0.05274,0.00281,0.13787,6.9678,4.2527,0.87212,-0.31819,60.61504,356.2091,348.2242,0.10155,-0.10924,0.04124,0.15475,19.21733
13.66145,4.1484,1.50701,-0.37115,46.84597,328.2268,349.0297,0.05898,-0.00012,0.04463,0.07396,11.47804,4.18436,0.87716,-0.35596,68.16054,14.58956,37.96018,0.09332,-0.04129,0.03499,0.10788,14.13936,4.2552,0.86974,-0.3174,60.29451,356.0842,349.5692,0.08167,-0.08094,0.02828,0.11841,37.01484
13.68368,4.14718,1.50835,-0.3688,46.42818,328.1565,349.5146,-0.01963,0.04103,0.08367,0.09523,18.00952,4.1859,0.87436,-0.35619,69.39358,13.98089,36.32025,0.08377,-0.1028,0.00033,0.13261,55.77035,4.25718,0.86763,-0.32043,62.14771,356.3144,349.7164,0.08939,-0.09011,-0.09218,0.15687,62.72587
13.7059,4.14691,1.50904,-0.36764,46.55411,327.8887,349.535,-0.01583,0.03616,0.06804,0.07866,13.77451,4.18824,0.87237,-0.35659,70.49502,14.55801,36.12251,0.09444,-0.09626,-0.00864,0.13513,57.26908,4.25926,0.86617,-0.32208,63.42301,355.9294,348.1881,0.09144,-0.07778,-0.08323,0.14608,66.56794
13.72812,4.1462,1.50972,-0.36661,46.63909,327.473,349.5005,-0.02684,0.03138,0.05249,0.06678,16.56088,4.19022,0.87262,-0.3557,70.02058,15.06118,36.56965,0.09316,-0.01281,0.02875,0.09833,15.74511,4.26203,0.86632,-0.3224,63.65599,357.5632,349.2897,0.11218,-0.01374,-0.02739,0.11629,32.90522
13.75034,4.14495,1.51034,-0.3652,46.46464,326.9821,349.3301,-0.04144,0.02981,0.05798,0.07725,16.96798,4.1921,0.87314,-0.3543,69.60345,14.93088,35.41556,0.08882,0.00532,0.04577,0.10006,32.00294,4.2622,0.86804,-0.32098,62.78524,357.4757,350.4125,0.0598,0.0319,0.0183,0.07021,24.81041
13.77256,4.14332,1.5104,-0.36381,46.1477,326.3127,348.8945,-0.0689,0.00731,0.0615,0.09264,22.97465,4.19263,0.87338,-0.35339,69.51096,15.59962,36.28565,0.03666,0.0108,0.04174,0.05659,11.68214,4.262,0.86982,-0.31895,61.94715,357.5452,351.7054,0.00186,0.06621,0.07318,0.09871,53.47598
13.79478,4.14247,1.51031,-0.36258,45.99198,325.8701,348.6592,-0.05365,0.00177,0.05843,0.07934,19.43871,4.19358,0.87351,-0.35278,69.50579,16.12379,36.7208,0.03975,0.00834,0.03462,0.05337,9.40732,4.26224,0.86995,-0.31806,61.80269,357.4158,352.4115,0.00632,0.03617,0.0565,0.06739,44.61005
13.82812,4.141,1.50906,-0.36125,45.7852,324.8914,348.4128,-0.0464,-0.02776,0.04439,0.06996,23.53551,4.19446,0.87369,-0.35115,69.10498,16.92183,37.4001,0.02975,0.00614,0.04532,0.05456,13.0675,4.26233,0.86967,-0.3158,61.45795,357.6782,353.4486,0.00364,0.00261,0.06496,0.06511,30.97678
13.85034,4.13973,1.50761,-0.36095,45.80206,324.4801,347.9459,-0.05372,-0.05734,0.01892,0.08082,14.66432,4.19434,0.8738,-0.34947,68.37316,17.15241,37.94967,0.01145,0.00677,0.07513,0.0763,33.1222,4.26321,0.86882,-0.31396,61.42038,357.9055,353.0493,0.021,-0.03344,0.07713,0.08665,10.30896
13.87256,4.13885,1.50688,-0.36032,45.87859,324.1484,347.6074,-0.04661,-0.04508,0.02371,0.06904,13.10691,4.19521,0.87359,-0.34855,67.99326,19.05303,40.10931,0.02529,-0.00138,0.0582,0.06347,33.75203,4.26344,0.86795,-0.31275,61.58872,358.0309,353.6181,0.0158,-0.03634,0.06563,0.07666,15.23189
13.9059,4.13673,1.50632,-0.35961,45.87042,323.9451,347.3904,-0.05942,-0.02393,0.02192,0.0677,6.80782,4.19429,0.87094,-0.34746,68.17854,19.39511,40.83732,-0.01449,-0.05986,0.0392,0.073,14.59937,4.26272,0.86693,-0.31106,61.32566,358.5806,354.6207,-0.01221,-0.03201,0.0545,0.06437,17.52686
13.92812,4.13337,1.50849,-0.35784,45.42642,323.1509,347.2146,-0.13211,0.06879,0.06473,0.1624,28.25716,4.19387,0.86963,-0.34715,68.28318,19.62151,40.86075,-0.01357,-0.05495,0.01999,0.06002,8.07716,4.26345,0.8663,-0.31187,61.89195,359.6814,354.6967,0.02769,-0.02435,-0.01448,0.03962,38.37291
13.95035,4.13042,1.50969,-0.35687,44.7314,322.4107,346.8023,-0.13247,0.06146,0.05415,0.15575,33.4345,4.19402,0.86881,-0.3469,68.30125,20.54669,41.63063,-0.00321,-0.04604,0.01561,0.04872,11.98378,4.26426,0.86589,-0.31255,62.31645,1.05003,355.8225,0.03208,-0.02138,-0.02238,0.04458,34.57636
13.98368,4.12486,1.51205,-0.35763,42.70548,319.7917,346.6791,-0.15818,0.06853,-0.0035,0.17242,80.97604,4.19353,0.86789,-0.34643,68.87421,19.37735,38.87248,-0.01198,-0.0322,0.01435,0.03723,41.18366,4.26469,0.86631,-0.31542,63.44147,3.75128,358.1486,0.0177,0.00415,-0.07035,0.07266,45.52014
14.01702,4.11503,1.51835,-0.36192,39.00006,312.7835,345.2604,-0.26084,0.15884,-0.09751,0.32059,181.7859,4.19032,0.86767,-0.34491,69.25546,17.23666,37.7023,-0.07504,-0.01299,0.03786,0.08505,24.0871,4.26222,0.86928,-0.31422,62.8231,1.55476,354.5419,-0.051,0.06774,0.00959,0.08533,41.38533
14.03924,4.10718,1.52405,-0.36507,35.31696,308.2909,342.977,-0.33577,0.24072,-0.13664,0.43515,223.5118,4.18929,0.8672,-0.34508,69.54445,18.06722,39.42376,-0.04569,-0.02303,-0.00458,0.05137,36.87897,4.26079,0.86943,-0.31126,61.24337,1.88401,357.7313,-0.06215,0.01886,0.10286,0.12165,100.938
14.06145,4.10063,1.52943,-0.36786,31.95486,304.5419,341.8149,-0.31524,0.24157,-0.13116,0.41826,216.9787,4.18953,0.8672,-0.34531,69.53482,19.51501,41.23795,-0.01731,-0.0115,-0.00732,0.02203,31.54489,4.26085,0.86854,-0.30995,60.79052,2.62589,359.2041,-0.02975,-0.01063,0.0809,0.08685,71.85709
14.08367,4.09446,1.53536,-0.37219,28.62182,300.855,340.4953,-0.29059,0.27497,-0.19982,0.44719,217.986,4.19106,0.86791,-0.34563,68.98796,20.77164,42.79342,0.05382,0.01978,-0.01043,0.05828,32.65845,4.26211,0.86578,-0.31011,61.51471,4.22602,0.61881,0.03176,-0.09163,0.01213,0.09774,36.74857
14.10589,4.08959,1.53988,-0.37632,26.14931,297.8981,339.5839,-0.25501,0.23906,-0.19279,0.39919,190.6285,4.19264,0.86771,-0.34628,68.99117,21.83583,43.36699,0.06253,0.00526,-0.01993,0.06584,21.53018,4.26311,0.86394,-0.31071,62.3415,5.42355,1.328,0.03856,-0.08719,-0.00744,0.09562,37.55165
14.12811,4.08607,1.54393,-0.38109,24.07579,295.3097,338.9092,-0.19479,0.19661,-0.19365,0.33778,155.8948,4.19373,0.86756,-0.34663,68.87069,23.0545,44.6573,0.05135,-0.00226,-0.01368,0.05319,22.48908,4.26411,0.8628,-0.31113,62.92597,6.44172,1.90273,0.03845,-0.05847,-0.01152,0.07092,33.08366
14.15033,4.08203,1.54801,-0.38476,21.97325,292.9239,338.6794,-0.18827,0.1901,-0.17939,0.32212,148.0279,4.19423,0.86688,-0.3463,68.7597,23.33478,44.94725,0.03683,-0.01627,0.00059,0.04027,14.45091,4.26519,0.86283,-0.31137,63.0778,7.46321,2.47229,0.04352,-0.02846,-0.01109,0.05317,28.22036
14.18367,4.07823,1.55232,-0.38981,20.32638,290.7906,338.8878,-0.1325,0.1446,-0.15851,0.25217,98.70187,4.19448,0.86542,-0.34579,69.06999,24.42142,46.12849,0.01496,-0.03699,0.01158,0.04155,13.76703,4.26644,0.86411,-0.31168,62.56859,8.26786,3.06769,0.03909,0.02161,-0.0098,0.04573,16.73819
14.20589,4.07776,1.55209,-0.39142,20.83075,290.8848,339.1114,-0.05463,0.03591,-0.09281,0.11352,28.50623,4.19486,0.86495,-0.34551,69.23357,24.45991,45.26417,0.0155,-0.025,0.01142,0.03155,27.55307,4.26676,0.86383,-0.31303,62.72738,8.65881,3.92535,0.02199,-0.00507,-0.0463,0.05151,16.74716
14.22811,4.07613,1.55305,-0.39292,20.42515,290.2541,339.7107,-0.0639,0.03971,-0.08006,0.10986,38.46486,4.19468,0.86436,-0.34552,69.38686,24.57901,45.56974,0.00379,-0.02564,0.0055,0.02649,11.47069,4.26815,0.86323,-0.31399,63.18062,9.52409,4.0843,0.04224,-0.0159,-0.0446,0.06345,19.49377
14.26144,4.0737,1.55374,-0.39454,20.12241,289.9049,340.6866,-0.0708,0.02539,-0.05659,0.09413,35.72111,4.19681,0.86361,-0.34612,69.38483,26.90368,47.46535,0.04885,-0.02339,-0.01212,0.0555,20.97778,4.27006,0.86268,-0.3147,63.3055,10.45243,4.80235,0.05344,-0.01644,-0.02726,0.06221,14.72905
14.28368,4.07423,1.55087,-0.39344,21.71309,291.7007,341.9229,-0.01179,-0.06844,0.01362,0.07077,65.48022,4.19853,0.863,-0.34645,69.32158,27.41209,47.76611,0.07085,-0.02755,-0.01211,0.07698,12.5146,4.27152,0.86239,-0.31462,63.06674,11.10197,5.43256,0.06448,-0.01494,-0.00463,0.06635,14.40947
14.3059,4.07324,1.55057,-0.39371,21.80648,292.0183,342.6209,-0.02822,-0.04101,0.00055,0.04979,44.74055,4.19992,0.86191,-0.34687,69.43636,28.2907,48.79071,0.06664,-0.03818,-0.01547,0.07834,11.84491,4.27303,0.86191,-0.31485,62.94105,11.93685,6.30671,0.06636,-0.01827,-0.00747,0.06923,16.26567
14.33923,4.07185,1.55016,-0.39389,21.91658,292.2428,342.8138,-0.03817,-0.01952,-0.00376,0.04303,16.92488,4.20296,0.85952,-0.3482,69.75697,30.146,50.83287,0.08499,-0.06343,-0.0338,0.11131,20.28583,4.27681,0.86031,-0.31619,63.16224,14.55487,8.98216,0.10162,-0.04061,-0.03201,0.11402,31.63945
14.37257,4.07042,1.54959,-0.3942,22.0779,292.4498,342.3007,-0.04188,-0.01769,-0.00802,0.04616,14.41275,4.20748,0.85817,-0.3484,69.75124,29.98998,49.6805,0.12306,-0.04626,-0.0129,0.1321,21.21049,4.2812,0.86019,-0.31657,63.07583,15.83299,9.69659,0.12403,-0.01286,-0.01644,0.12577,21.98876
14.4059,4.06874,1.54955,-0.39493,22.00229,292.3519,342.4687,-0.0461,-0.00947,-0.01485,0.04935,3.76381,4.21074,0.85707,-0.34879,69.87543,31.68401,51.46558,0.11033,-0.03962,-0.0123,0.11787,13.10454,4.28505,0.86002,-0.31733,62.98413,17.19762,10.52939,0.11982,-0.00895,-0.0197,0.12175,21.88203
14.43922,4.06784,1.54883,-0.39541,22.41713,292.3777,342.0558,-0.03169,-0.01861,-0.01468,0.03957,14.11174,4.21425,0.85743,-0.34817,69.56061,31.9144,51.17262,0.1066,-0.00182,0.01086,0.10716,15.44982,4.28888,0.86063,-0.31773,62.82464,18.02382,11.41903,0.11606,0.01156,-0.01383,0.11745,14.04551
14.46144,4.06737,1.54818,-0.39516,22.78387,292.778,341.753,-0.02118,-0.02931,0.00835,0.03712,28.56477,4.21672,0.85843,-0.34814,69.25233,32.15837,51.10706,0.11131,0.03877,0.00062,0.11787,16.35933,4.29142,0.86152,-0.31791,62.59869,18.64172,11.57982,0.11614,0.0373,-0.00987,0.12238,21.88045
14.48366,4.06716,1.54728,-0.39478,23.1662,293.2962,341.6627,-0.0152,-0.03479,0.01283,0.04008,29.20536,4.21912,0.85867,-0.34838,69.18761,32.75088,51.44931,0.1097,0.02475,-0.00515,0.11257,14.26528,4.294,0.86174,-0.31847,62.58361,19.56301,12.04437,0.11618,0.02379,-0.01739,0.11985,22.87109
14.51699,4.06748,1.54593,-0.39367,23.89175,294.3861,341.5658,0.00328,-0.03907,0.0282,0.0483,37.44217,4.22217,0.85925,-0.34837,69.16615,32.93891,50.7582,0.09603,0.01923,-0.00106,0.09794,22.36105,4.29729,0.8623,-0.31909,62.47308,20.00597,11.75835,0.10301,0.01842,-0.01841,0.10625,21.27817
14.55032,4.06999,1.54309,-0.39059,25.95844,297.2678,341.44,0.05742,-0.0736,0.07636,0.12061,90.14931,4.22481,0.8602,-0.34814,68.54636,34.47615,52.15689,0.08335,0.02625,0.00488,0.08752,20.67905,4.30018,0.86302,-0.31976,62.21177,20.91969,12.6498,0.09067,0.02086,-0.01965,0.0951,13.86875
14.57254,4.07404,1.53883,-0.38706,28.93355,300.6239,341.3721,0.16315,-0.17435,0.14608,0.27992,186.8598,4.22599,0.86051,-0.34846,68.55659,34.76812,52.28536,0.05983,0.01968,-0.01016,0.0638,9.44094,4.30156,0.86397,-0.3201,62.01133,21.25827,12.81537,0.0676,0.03705,-0.01768,0.07908,13.24371
14.59476,4.07816,1.53409,-0.38405,32.1717,303.9944,341.6716,0.17435,-0.19388,0.14061,0.29624,196.1912,4.22725,0.86097,-0.34869,68.5893,34.7813,51.9829,0.05835,0.02026,-0.01031,0.06262,9.85831,4.30292,0.86468,-0.32058,62.00446,21.46396,12.6951,0.06446,0.03449,-0.01962,0.0757,13.08157
14.6281,4.08783,1.52284,-0.37958,38.98294,310.965,343.6254,0.26116,-0.30149,0.1358,0.42136,253.4986,4.22844,0.86276,-0.34865,68.31174,34.07519,50.71953,0.04126,0.04542,-0.00163,0.06138,17.88399,4.30402,0.86602,-0.32143,62.19307,21.32014,11.96038,0.04095,0.0387,-0.0241,0.06128,16.82061
14.66142,4.09835,1.51231,-0.37552,45.29235,319.1989,347.2148,0.30204,-0.31221,0.12529,0.45211,265.5131,4.22929,0.86465,-0.34845,68.00858,33.80542,50.2026,0.02937,0.05386,0.00394,0.06147,13.54495,4.30483,0.86839,-0.32127,61.69778,20.95393,11.68009,0.02831,0.06305,-0.00223,0.06915,11.48738
14.68365,4.10528,1.50628,-0.37338,48.00751,324.8609,351.0956,0.29818,-0.27335,0.10318,0.41746,220.6135,4.23004,0.86574,-0.34842,67.59589,33.95218,50.59143,0.03061,0.04849,0.00072,0.05734,17.25727,4.3056,0.87047,-0.32099,61.03051,21.08873,12.24094,0.03331,0.08523,0.00555,0.09168,29.07874
14.70588,4.10985,1.5043,-0.37077,48.45777,328.8973,353.5952,0.25187,-0.18103,0.11033,0.32921,168.9245,4.23138,0.86635,-0.34872,67.2634,34.43185,51.18325,0.04549,0.03809,-0.00617,0.05965,17.33502,4.30689,0.87219,-0.32124,60.68135,21.65172,12.91467,0.0457,0.08128,-0.00268,0.09329,24.46131
14.73921,4.11693,1.5022,-0.36714,49.16801,335.9651,356.9922,0.2223,-0.09268,0.10938,0.26452,154.7632,4.23426,0.86631,-0.34952,66.6223,35.60641,53.06269,0.07616,0.00859,-0.01956,0.07909,29.20559,4.30906,0.87501,-0.32131,59.69546,22.16552,13.94445,0.06021,0.08367,-0.00226,0.10311,32.51548
14.76142,4.11961,1.50191,-0.36723,49.39,337.6852,357.7379,0.13032,-0.02248,0.02402,0.13441,71.57352,4.23559,0.86523,-0.35134,67.00797,35.12741,52.7185,0.0627,-0.03885,-0.07173,0.10289,15.02291,4.31091,0.87581,-0.32281,59.24443,22.80397,14.94493,0.08283,0.03947,-0.05875,0.10895,33.30085
14.78365,4.12244,1.50069,-0.36602,49.83916,340.4518,358.7549,0.12879,-0.03879,0.03927,0.14012,83.84308,4.2378,0.86473,-0.35273,66.88175,35.82875,53.7017,0.08109,-0.03081,-0.06715,0.1097,10.85659,4.31356,0.87605,-0.32428,58.99289,24.29828,16.46456,0.10112,0.02499,-0.06251,0.12148,33.70702
14.81699,4.12734,1.49866,-0.36492,50.83551,345.3654,0.74952,0.14247,-0.05524,0.03468,0.15669,105.0569,4.24186,0.86416,-0.35524,66.75719,37.20528,55.27348,0.11155,-0.02041,-0.07327,0.13501,16.08376,4.31811,0.87585,-0.3265,58.6937,26.65133,18.54388,0.12767,0.00186,-0.06554,0.14352,35.69535
14.83921,4.12667,1.49926,-0.36634,50.58236,343.0952,358.8384,0.02066,0.00211,-0.01801,0.02749,28.6278,4.24514,0.86405,-0.35744,66.79543,37.96019,54.9688,0.13241,-0.00916,-0.08188,0.15595,27.93854,4.32134,0.87443,-0.32982,59.4749,27.57856,18.45161,0.13706,-0.043,-0.12134,0.18804,42.35434
14.86143,4.12754,1.49894,-0.36585,50.6243,343.7766,358.372,0.02996,-0.00623,0.00188,0.03066,34.75134,4.24772,0.86367,-0.35856,66.6543,38.49983,54.99437,0.12417,-0.01316,-0.06622,0.14134,25.88482,4.3242,0.87378,-0.33194,59.77601,28.43936,18.99402,0.13272,-0.03624,-0.10855,0.17524,33.44314
14.89477,4.12834,1.4983,-0.36647,51.02062,344.2856,357.908,0.0253,-0.01592,-0.0134,0.03276,30.38168,4.25071,0.8634,-0.36046,66.71141,39.54278,55.28078,0.0983,-0.00939,-0.05937,0.11522,24.09288,4.3274,0.87398,-0.3347,59.76303,28.9466,19.28745,0.10522,-0.00445,-0.08905,0.13792,14.2684
14.91699,4.12726,1.49797,-0.36701,50.92911,342.9787,356.8754,-0.02914,-0.0146,-0.0188,0.03762,25.99793,4.2525,0.8633,-0.36183,66.91736,40.25345,55.91769,0.0857,-0.0044,-0.05785,0.10349,13.7554,4.32954,0.87459,-0.33633,59.50264,29.63112,19.70597,0.09891,0.01597,-0.0767,0.12618,17.96329
14.93921,4.12738,1.49754,-0.3671,51.02402,343.1011,356.4698,-0.01179,-0.01692,-0.01128,0.02351,19.39334,4.25455,0.86325,-0.36293,66.92364,40.64402,55.91637,0.08908,-0.00318,-0.05376,0.10409,14.78666,4.33177,0.87448,-0.33808,59.6659,30.29231,19.90208,0.09962,0.00555,-0.07768,0.12645,19.72668
14.97254,4.12649,1.49735,-0.3678,51.13288,342.6221,355.7569,-0.02304,-0.00852,-0.01855,0.03078,15.27241,4.25671,0.86422,-0.36375,66.40243,41.06957,55.46583,0.07087,0.02109,-0.03191,0.08053,25.16427,4.33305,0.87486,-0.34014,60.03331,30.18333,18.97898,0.05377,0.00983,-0.06579,0.08554,23.71059
14.99475,4.12542,1.49726,-0.36803,51.0983,342.0764,355.5416,-0.03894,-0.00582,-0.0113,0.04096,12.86389,4.25673,0.86352,-0.36427,66.64429,41.18016,55.36539,0.01918,-0.02084,-0.02691,0.03907,12.57021,4.33349,0.87436,-0.34071,59.85351,30.05992,18.91218,0.02784,-0.01474,-0.03611,0.04792,6.88413
15.01698,4.12488,1.49697,-0.36809,51.1484,341.9553,355.3464,-0.03155,-0.0093,-0.00688,0.0336,8.06052,4.25712,0.86319,-0.36481,66.64192,41.22247,55.45287,0.0183,-0.01781,-0.02566,0.0362,5.55152,4.3343,0.87377,-0.34175,59.86173,30.58577,19.29153,0.03222,-0.02066,-0.04131,0.05631,7.07038
15.05031,4.12386,1.4966,-0.368,51.14374,341.851,355.2317,-0.0309,-0.01068,0.0001,0.03269,3.59614,4.25722,0.86225,-0.36532,66.82088,40.48661,54.02522,0.00687,-0.02571,-0.01795,0.0321,19.49295,4.33503,0.87267,-0.3431,60.01933,31.47386,19.68349,0.02446,-0.02977,-0.04084,0.05614,15.16955
15.07253,4.12282,1.49642,-0.36773,51.14972,341.8718,355.4217,-0.04229,-0.00917,0.00835,0.04407,5.87219,4.2569,0.86117,-0.36548,66.798,41.05782,54.59915,-0.0151,-0.04636,-0.01154,0.05011,8.2554,4.33462,0.87205,-0.34337,60.0118,31.89823,19.9647,-0.0144,-0.02372,-0.01355,0.03088,7.66323
15.09475,4.12183,1.49625,-0.36765,51.20314,341.5993,355.3203,-0.04341,-0.00848,0.00588,0.04462,6.98169,4.25661,0.86051,-0.36569,66.81921,40.99305,54.44258,-0.01391,-0.03812,-0.0105,0.04191,5.25679,4.33446,0.87149,-0.34375,60.02337,32.13408,20.19783,-0.01065,-0.0245,-0.01526,0.03077,5.83259
15.12809,4.11893,1.4961,-0.36707,50.97717,340.3366,354.5144,-0.07622,-0.00546,0.01444,0.07776,20.18451,4.25477,0.85922,-0.36536,66.93838,39.90602,53.52619,-0.04506,-0.03853,0.0048,0.05948,9.58966,4.33274,0.87007,-0.34344,60.11008,31.90504,19.91878,-0.04138,-0.03799,0.00319,0.05626,3.11952
15.16142,4.11639,1.49597,-0.36606,50.71112,339.7535,354.0429,-0.07615,-0.00429,0.02647,0.08073,14.8886,4.25244,0.85742,-0.36548,67.46803,39.1045,52.92019,-0.06354,-0.05016,-0.00172,0.08097,16.04403,4.33073,0.86791,-0.34308,60.21547,31.7776,19.98031,-0.05566,-0.05815,0.00879,0.08097,4.6805
15.18364,4.11495,1.49576,-0.36535,50.59164,339.5211,354.0485,-0.07052,-0.00695,0.02928,0.07667,12.53634,4.25039,0.85602,-0.36577,68.01111,38.84685,52.77907,-0.07802,-0.05657,-0.00737,0.09665,20.13439,4.32885,0.86612,-0.34259,60.32791,31.54737,20.09289,-0.07005,-0.06937,0.01543,0.09979,10.13695
15.20586,4.11188,1.49536,-0.36353,50.16691,338.3619,353.7248,-0.15561,-0.01947,0.08879,0.18021,49.18997,4.24514,0.85446,-0.36415,67.88924,36.3699,50.34457,-0.24436,-0.0719,0.07386,0.26521,42.72451,4.32365,0.86251,-0.34013,60.54605,30.12818,18.89034,-0.2417,-0.1664,0.11484,0.31512,33.81253
15.22808,4.10972,1.49483,-0.36244,50.00668,337.7927,353.2272,-0.12652,-0.02171,0.06912,0.1458,31.91321,4.24138,0.85302,-0.36299,67.78348,34.88094,49.14901,-0.20679,-0.06829,0.06286,0.22667,34.06661,4.31917,0.85955,-0.33828,60.79007,29.10258,17.9308,-0.22162,-0.1497,0.09917,0.28523,29.31083
15.26141,4.10649,1.49322,-0.36056,50.03934,337.1883,352.5207,-0.10423,-0.04178,0.05944,0.12705,15.67243,4.23331,0.84888,-0.36141,68.56287,32.74492,47.94607,-0.23333,-0.1102,0.05133,0.2631,35.64882,4.31192,0.85447,-0.33593,61.08408,27.85599,17.27339,-0.21856,-0.1518,0.07759,0.27719,24.42276
15.28362,4.10382,1.49149,-0.35899,50.07227,336.2058,352.2067,-0.11712,-0.06386,0.06612,0.14889,30.16351,4.22492,0.84437,-0.35994,69.29918,30.44872,46.54235,-0.34109,-0.16936,0.06953,0.38712,54.06075,4.30354,0.84982,-0.33247,60.98421,26.18113,16.85706,-0.34762,-0.18639,0.14694,0.42092,53.6112
15.30584,4.10095,1.49038,-0.3576,50.04283,334.9577,351.5781,-0.1231,-0.05685,0.06453,0.15017,34.50966,4.21851,0.84139,-0.35842,69.37399,28.43022,45.11675,-0.31484,-0.15177,0.06901,0.35626,45.53947,4.29627,0.84605,-0.32919,60.80521,24.19613,15.69529,-0.33735,-0.17808,0.1473,0.40892,52.30499
15.33917,4.09656,1.48844,-0.35492,49.74824,333.5797,350.5143,-0.1294,-0.05778,0.07637,0.16098,28.838,4.20522,0.8358,-0.35536,70.04296,23.42273,41.05968,-0.37776,-0.16384,0.08593,0.42063,55.31533,4.28236,0.8389,-0.32389,60.7383,19.48668,11.22289,-0.39742,-0.20541,0.15613,0.47383,62.72181
15.3725,4.09175,1.48645,-0.35227,49.07108,331.0833,349.5139,-0.14074,-0.05918,0.07876,0.17179,51.20887,4.18892,0.83018,-0.35229,71.08977,16.65253,35.17493,-0.46139,-0.16737,0.09069,0.49912,70.47504,4.26713,0.82921,-0.32024,61.48578,15.76473,7.62768,-0.44195,-0.26939,0.12122,0.53159,58.49784
15.39472,4.08715,1.48515,-0.35053,47.85956,327.8809,347.9302,-0.20069,-0.05927,0.08028,0.22413,108.1952,4.17612,0.82544,-0.35123,71.62286,12.62414,31.39283,-0.54549,-0.20138,0.06064,0.58463,59.35418,4.25453,0.81932,-0.31869,62.63904,14.64458,7.0557,-0.53653,-0.39684,0.0869,0.67297,53.0973
15.41694,4.08317,1.48378,-0.34937,47.06392,325.2,346.468,-0.1898,-0.06042,0.06642,0.20997,99.8881,4.16426,0.82147,-0.35011,71.83149,9.32011,28.91483,-0.53963,-0.1899,0.05549,0.57475,56.23774,4.24222,0.81212,-0.31576,62.81507,12.44429,5.43088,-0.54519,-0.36044,0.10931,0.66265,47.80791
15.45027,4.07698,1.4819,-0.34887,45.52412,319.2258,344.4754,-0.18681,-0.05735,0.02769,0.19737,136.4545,4.13913,0.81595,-0.34861,71.70219,359.0292,20.03532,-0.70042,-0.17172,0.04758,0.72273,89.05841,4.21242,0.8015,-0.31011,62.32946,2.59619,356.5813,-0.8069,-0.32906,0.15442,0.885,112.4925
15.4836,4.06935,1.48113,-0.34788,42.54799,312.3998,342.4996,-0.2184,-0.03166,0.0292,0.22261,177.3124,4.11298,0.81036,-0.34809,71.67265,347.0562,9.99097,-0.76339,-0.16877,0.02376,0.78219,111.6236,4.18539,0.79026,-0.30627,61.82376,355.6328,350.3756,-0.80987,-0.33523,0.12509,0.88539,102.3346
15.50582,4.0633,1.48117,-0.34852,39.02145,307.0266,338.5731,-0.24938,-0.0094,-0.02839,0.25117,220.4822,4.08475,0.80627,-0.35053,71.56776,334.9662,358.2817,-1.10863,-0.17999,-0.06908,1.12527,146.8159,4.15788,0.77413,-0.31105,65.21787,353.6149,347.4721,-1.11663,-0.61316,-0.12603,1.28012,128.7044
15.52805,4.05972,1.48034,-0.35022,37.04113,302.7104,337.1642,-0.20527,-0.02348,-0.05236,0.21314,199.6066,4.06028,0.80286,-0.35165,70.35317,323.4602,345.7731,-1.10486,-0.16664,-0.05989,1.11896,166.3776,4.12928,0.76486,-0.31143,65.24778,347.0598,342.731,-1.20158,-0.51517,-0.07149,1.30931,108.699
15.55027,4.05651,1.48196,-0.35452,33.83647,296.2244,337.2271,-0.16606,0.05963,-0.15656,0.23589,292.5202,4.01833,0.80343,-0.35613,66.76619,306.8322,334.8254,-1.74357,-0.00747,-0.18552,1.75343,328.744,4.0822,0.76482,-0.30784,59.85418,333.1239,331.6738,-1.9606,-0.08391,0.1148,1.96575,323.5818
15.57249,4.05303,1.48322,-0.3567,30.3485,292.2838,335.6519,-0.16125,0.05812,-0.12718,0.21344,250.3123,3.98188,0.80641,-0.36043,61.88922,296.8111,328.1121,-1.69187,0.06328,-0.18952,1.70363,318.3461,4.0421,0.76467,-0.30695,56.89913,322.3113,320.5282,-1.88255,-0.04533,0.0773,1.88468,301.6882
15.59472,4.05169,1.4836,-0.35904,27.95942,289.334,333.9518,-0.11074,0.03753,-0.11637,0.16497,200.866,3.94671,0.81272,-0.36484,56.19596,290.5406,324.6116,-1.63727,0.17365,-0.19403,1.65785,310.0331,4.00252,0.76684,-0.30693,53.0399,313.4659,310.778,-1.83197,0.02621,0.03928,1.83258,300.3668
15.62805,4.05492,1.4839,-0.36256,26.64642,286.0116,333.8102,0.04497,0.01621,-0.10826,0.11834,127.0442,3.89816,0.83561,-0.37037,47.12996,288.682,322.8092,-1.50176,0.55859,-0.17293,1.61158,273.722,3.94349,0.78154,-0.31385,49.52619,302.1554,305.4947,-1.78609,0.3373,-0.14587,1.82351,255.7377
15.65027,4.0573,1.48503,-0.36215,25.8769,286.1004,334.1235,0.08529,0.04131,-0.01238,0.09557,51.97633,3.8762,0.8486,-0.37869,46.07597,287.4163,327.1872,-1.09108,0.54731,-0.30745,1.25878,203.618,3.91994,0.80278,-0.31533,48.41446,302.2778,313.4892,-1.2165,0.81328,-0.07909,1.46546,267.0439
15.67249,4.05817,1.48588,-0.36296,24.8697,285.1515,334.3925,0.06232,0.03975,-0.02449,0.07787,59.06566,3.85532,0.86051,-0.38475,43.37187,284.201,327.7946,-1.0153,0.54168,-0.29023,1.1868,200.6411,3.89932,0.82051,-0.31822,45.62535,298.3702,310.9514,-1.07211,0.80549,-0.10457,1.34505,190.0837
15.70583,4.06104,1.48839,-0.36452,24.56002,285.1196,334.6421,0.08016,0.06648,-0.04127,0.11202,23.19881,3.83507,0.8785,-0.38957,39.11601,280.4245,324.4355,-0.70944,0.54012,-0.18088,0.90981,148.807,3.88192,0.84718,-0.32275,39.61808,295.6359,306.6215,-0.65969,0.80164,-0.12806,1.04604,176.5134
15.73916,4.06341,1.49243,-0.36502,24.18999,287.0161,335.5411,0.0732,0.10744,-0.02148,0.13177,39.2934,3.83188,0.88975,-0.38813,39.50888,283.2734,327.9655,-0.24911,0.38816,-0.01297,0.4614,56.00965,3.87603,0.86036,-0.32461,38.38639,297.1187,311.0282,-0.29741,0.49675,-0.07382,0.58367,99.0953
15.7725,4.06468,1.49546,-0.36572,23.59908,287.8661,336.5612,0.04695,0.09511,-0.0211,0.10814,35.51935,3.82892,0.90045,-0.38981,37.61644,284.0193,328.557,-0.12876,0.33777,-0.04087,0.36378,54.12738,3.87365,0.86354,-0.32432,40.00197,297.5461,310.4084,-0.12775,0.19572,-0.012,0.23403,21.69321
15.79471,4.06637,1.50053,-0.36794,23.38865,289.0088,337.0428,0.06463,0.17168,-0.07527,0.19829,37.85851,3.84698,0.89817,-0.38893,39.35848,284.0069,327.065,0.45371,0.01146,-0.01096,0.45399,69.45532,3.88836,0.85731,-0.32302,42.53247,299.3477,310.6241,0.34795,-0.09194,0.02949,0.36109,83.40496
15.81694,4.06774,1.50316,-0.37037,23.49361,289.2085,337.3775,0.06321,0.14489,-0.09249,0.18315,23.7142,3.85268,0.8979,-0.38853,42.00273,285.982,332.099,0.35498,-0.00022,0.0034,0.355,115.9012,3.89179,0.85822,-0.32166,42.91953,300.2612,311.405,0.25125,-0.02555,0.04536,0.25659,56.28752
15.85027,4.06892,1.50636,-0.37318,23.15211,289.1982,338.068,0.04224,0.10832,-0.0862,0.14473,20.16583,3.85801,0.89853,-0.38867,44.67391,286.9763,335.2745,0.20888,0.01401,-0.00217,0.20936,112.6183,3.8947,0.86154,-0.31897,42.81829,301.6744,314.0124,0.12815,0.06828,0.07187,0.16202,48.36686
15.87249,4.06893,1.51051,-0.37533,21.84139,288.9421,339.0024,0.01368,0.15169,-0.09206,0.17797,52.15253,3.86208,0.90003,-0.3896,43.23636,286.3129,335.0233,0.16991,0.06388,-0.03277,0.18446,33.55824,3.90098,0.86196,-0.31815,42.71206,300.6461,311.8151,0.18986,0.06459,0.02883,0.20261,18.52046
15.90583,4.07005,1.51302,-0.37808,21.75549,288.7063,338.7212,0.02864,0.09425,-0.08498,0.1301,14.20915,3.86446,0.90155,-0.39112,43.00813,285.6698,334.9296,0.0961,0.05024,-0.04248,0.11647,21.64589,3.90315,0.86462,-0.31897,42.54231,300.5736,312.5054,0.09628,0.07608,-0.01117,0.12322,15.13198
15.93916,4.07125,1.51413,-0.38033,21.82326,288.5601,338.776,0.03398,0.04855,-0.07177,0.09307,6.04997,3.86719,0.89992,-0.39142,44.93817,285.7773,336.2458,0.0855,-0.0242,-0.01735,0.09053,51.09914,3.90747,0.86604,-0.3179,42.77532,301.0774,312.414,0.12139,0.05082,0.02114,0.13328,10.50255
15.96138,4.07162,1.51365,-0.38096,22.21436,288.6851,339.0333,0.02128,-0.00435,-0.03591,0.04197,16.54667,3.8691,0.89801,-0.3897,46.3894,286.9711,338.0149,0.08276,-0.06237,0.06011,0.1198,64.25745,3.91203,0.86747,-0.31473,42.51086,302.6947,312.3634,0.18186,0.06591,0.1106,0.22282,59.77822
15.98361,4.0723,1.51384,-0.38176,22.3925,288.9283,339.3417,0.02596,0.0021,-0.03605,0.04448,15.85631,3.87056,0.89861,-0.3879,46.24897,287.8601,338.1776,0.07444,-0.01757,0.07054,0.10405,35.66265,3.91485,0.86924,-0.31373,42.176,303.2936,312.0436,0.15434,0.07277,0.07774,0.18751,49.77661
16.01694,4.07369,1.51466,-0.38298,22.38427,289.0857,340.0821,0.0377,0.01904,-0.03641,0.05576,18.29343,3.87246,0.89936,-0.38555,45.12888,288.5286,336.2677,0.0612,0.01238,0.07051,0.09418,58.98666,3.91787,0.8689,-0.31421,42.53712,304.2687,313.4049,0.10667,0.01049,0.0087,0.10754,25.33423
16.05027,4.07565,1.51603,-0.38402,22.28617,289.5016,340.5085,0.05358,0.03558,-0.03258,0.0721,14.47937,3.87424,0.89662,-0.38649,45.88955,288.4766,335.9453,0.05547,-0.05856,-0.00344,0.08074,23.3838,3.91999,0.86602,-0.31509,43.67142,304.4819,313.8824,0.07436,-0.06225,-0.01774,0.09858,29.79104
16.0725,4.07663,1.51727,-0.38485,21.87162,289.4978,340.7875,0.04449,0.05138,-0.0367,0.07724,20.62927,3.87455,0.89482,-0.38913,46.93184,287.3348,336.2214,0.01601,-0.07413,-0.10544,0.12988,61.18608,3.91992,0.86511,-0.31661,43.85694,303.7443,313.4215,0.00767,-0.04544,-0.06266,0.07778,23.13047
16.09472,4.07737,1.51845,-0.38589,21.48056,289.3609,340.9359,0.03887,0.05218,-0.04178,0.07733,20.26347,3.87526,0.89386,-0.39094,47.63666,286.28,335.8069,0.02402,-0.05869,-0.09353,0.11301,54.08717,3.92015,0.86465,-0.31764,44.12397,303.5639,313.6419,0.009,-0.03311,-0.05451,0.06441,19.84645
16.12806,4.07841,1.5198,-0.38766,20.85417,288.8185,340.5739,0.03311,0.0436,-0.05034,0.07437,21.94464,3.87672,0.894,-0.39162,47.85196,286.2749,335.935,0.03881,-0.01151,-0.03868,0.05599,18.38129,3.92088,0.86483,-0.3178,44.30379,303.8912,314.287,0.01853,-0.00418,-0.01725,0.02566,13.86711
16.15028,4.07916,1.52021,-0.38871,20.66858,288.4893,340.3954,0.03412,0.02396,-0.04715,0.06295,16.21404,3.87714,0.89534,-0.39053,47.19398,287.4644,336.505,0.02472,0.03709,0.02119,0.04936,27.94529,3.92138,0.86595,-0.31723,44.14896,304.1772,314.7458,0.02119,0.03674,0.01282,0.04431,15.21149
16.1725,4.07995,1.52083,-0.38968,20.48072,288.2964,340.4503,0.03475,0.02601,-0.04534,0.06277,14.12565,3.87779,0.89561,-0.39047,47.1569,287.8908,336.8469,0.02692,0.0247,0.01206,0.03847,19.89413,3.92193,0.86665,-0.31719,44.10406,304.3256,315.1736,0.02311,0.03421,0.0072,0.04191,15.23199
16.20584,4.08093,1.52121,-0.39089,20.41998,287.9702,340.3749,0.03082,0.01513,-0.03865,0.0517,10.24646,3.87763,0.89546,-0.3915,47.62376,288.0131,337.6385,0.00331,0.00274,-0.02012,0.02058,18.50782,3.92284,0.86783,-0.31766,44.168,304.0168,314.1802,0.0262,0.03502,-0.00865,0.04458,14.54268
16.22806,4.0817,1.52166,-0.39174,20.40014,287.8443,340.2701,0.03283,0.01763,-0.03849,0.05358,7.75218,3.87769,0.89494,-0.39265,47.97225,287.6213,337.5003,0.00301,-0.01035,-0.03604,0.03762,16.54239,3.92326,0.8686,-0.31842,44.14736,303.6657,313.7018,0.02255,0.03482,-0.02149,0.04672,14.36975
16.25028,4.08265,1.52167,-0.39228,20.74675,288.0864,340.0531,0.04053,0.00474,-0.02729,0.04909,16.09182,3.87797,0.89408,-0.39479,48.62703,286.831,337.468,0.01131,-0.02964,-0.07326,0.07983,32.0138,3.92341,0.86978,-0.31956,44.06711,303.8889,314.8373,0.01289,0.04567,-0.04029,0.06225,26.77306
16.28362,4.0841,1.52207,-0.39271,20.88637,288.7808,340.6735,0.04294,0.01029,-0.0165,0.04713,18.34105,3.87883,0.89342,-0.39637,48.8368,286.7467,337.7289,0.02222,-0.02237,-0.0539,0.06245,16.39135,3.92424,0.8699,-0.32086,44.50375,303.7616,315.4508,0.02202,0.01412,-0.03935,0.04725,24.26339
16.31697,4.08518,1.523,-0.39312,20.56591,289.3833,341.2643,0.03488,0.02348,-0.01345,0.04415,20.35237,3.88026,0.89297,-0.39791,49.52087,286.6401,338.5527,0.03766,-0.01566,-0.04808,0.06305,29.54381,3.92528,0.87019,-0.32164,44.74474,303.8516,315.7444,0.02878,0.01006,-0.0274,0.04099,13.31856
16.3392,4.08593,1.52342,-0.39371,20.58048,289.6158,341.4274,0.03407,0.01981,-0.02473,0.04653,11.53456,3.88117,0.89323,-0.39799,49.60335,286.809,338.55,0.03804,0.00743,-0.01319,0.04094,6.85228,3.92601,0.87055,-0.32193,44.72424,304.1358,315.7398,0.03165,0.01426,-0.01748,0.03887,6.99118
16.36143,4.08659,1.52383,-0.39458,20.5106,289.6087,341.5261,0.03198,0.01914,-0.03181,0.049,7.07788,3.88146,0.89353,-0.39839,49.58759,286.8541,338.6193,0.02564,0.01054,-0.0157,0.03186,3.42614,3.92677,0.87091,-0.32222,44.73296,304.2138,315.7601,0.03303,0.01539,-0.01519,0.03948,4.96208
16.38367,4.08706,1.5242,-0.3957,20.43347,289.3419,341.4417,0.02036,0.01588,-0.05109,0.05724,12.01974,3.8818,0.89344,-0.39867,49.70252,287.0799,338.9971,0.01537,-0.00014,-0.00897,0.0178,10.81866,3.92732,0.87146,-0.32219,44.58215,304.0873,315.213,0.02544,0.02465,0.00289,0.03554,23.44649
16.40586,4.08767,1.5244,-0.39663,20.40635,289.2679,341.4469,0.02397,0.01236,-0.04651,0.05376,7.72631,3.88221,0.89347,-0.39935,49.77319,286.9752,339.1267,0.01702,0.00063,-0.01987,0.02617,9.25216,3.9277,0.87172,-0.32256,44.64613,304.1745,315.3176,0.02125,0.01808,-0.00692,0.02874,10.26384
16.43917,4.08843,1.52467,-0.39801,20.32794,289.1174,341.4607,0.02315,0.00934,-0.04269,0.04945,5.78245,3.88267,0.89385,-0.40075,49.78026,286.3839,338.9665,0.01457,0.0088,-0.03647,0.04025,11.88075,3.92811,0.872,-0.32341,44.87091,304.2982,315.6559,0.01444,0.0108,-0.02091,0.02761,5.80956
16.46142,4.0889,1.52502,-0.39879,20.14995,288.9903,341.517,0.0223,0.01373,-0.03724,0.04553,9.76808,3.88301,0.89421,-0.4012,49.74566,286.4989,339.1285,0.01499,0.01599,-0.02193,0.03101,2.75583,3.92829,0.87268,-0.32385,44.8112,304.2662,315.8282,0.00915,0.02818,-0.01957,0.03551,7.07566
16.48365,4.08941,1.52548,-0.39957,19.94833,288.8799,341.5878,0.02243,0.01734,-0.03618,0.04596,10.49685,3.88354,0.89474,-0.40161,49.80532,286.8864,339.8524,0.01934,0.01996,-0.02024,0.03438,11.23576,3.92862,0.87326,-0.32409,44.69588,304.3147,315.9823,0.01204,0.02707,-0.01517,0.03328,7.06999
16.517,4.09008,1.52622,-0.40078,19.69662,288.7808,341.4804,0.0207,0.02089,-0.03627,0.04669,8.37287,3.88436,0.89516,-0.40231,50.00682,286.9268,339.9064,0.02334,0.01434,-0.02084,0.03442,5.7525,3.92922,0.87384,-0.32465,44.6468,304.2363,315.7824,0.01656,0.01976,-0.01629,0.0305,2.97654
16.53923,4.09068,1.52667,-0.40146,19.70602,288.8981,341.4333,0.02616,0.02048,-0.0311,0.04551,5.85182,3.88461,0.89564,-0.40266,49.88981,287.0081,339.9773,0.01182,0.02288,-0.01488,0.02974,5.64054,3.92965,0.87427,-0.32514,44.60303,304.2284,315.733,0.01829,0.01923,-0.02012,0.03331,2.29444
16.56145,4.09126,1.52722,-0.4021,19.57915,289.0177,341.6175,0.02608,0.02272,-0.02975,0.04563,5.65703,3.88497,0.89595,-0.40304,49.83588,287.071,339.9313,0.01412,0.01839,-0.01606,0.0282,4.92658,3.9302,0.87444,-0.32567,44.78168,304.46,316.1683,0.02145,0.01338,-0.02202,0.03352,7.11867
16.58369,4.09149,1.52839,-0.4028,19.17898,289.0178,342.0212,0.0138,0.04553,-0.03277,0.05778,18.99635,3.88529,0.89595,-0.40389,49.94535,286.9893,340.0846,0.01418,0.00503,-0.03107,0.03452,5.93404,3.93051,0.87467,-0.32631,44.8882,304.5087,316.3167,0.01603,0.01099,-0.02583,0.03232,6.53069
16.60591,4.09171,1.52926,-0.40387,18.89294,288.9351,342.0753,0.01184,0.04216,-0.04053,0.05967,15.88018,3.88556,0.89606,-0.4045,49.9231,286.9338,340.0271,0.01326,0.00503,-0.02933,0.03258,2.96702,3.93074,0.87493,-0.32683,44.93531,304.4326,316.1936,0.01332,0.0114,-0.02445,0.03008,3.23484
16.63924,4.09222,1.53044,-0.40582,18.72145,288.6478,342.1445,0.01455,0.0373,-0.05381,0.06707,11.26301,3.88578,0.8964,-0.40562,49.95825,286.827,340.1053,0.00816,0.00898,-0.03262,0.03481,4.71336,3.93084,0.87549,-0.32777,44.90229,304.2836,316.161,0.00555,0.01536,-0.02744,0.03193,2.99343
16.66147,4.09249,1.53138,-0.40715,18.65187,288.5408,342.2264,0.01228,0.04213,-0.05725,0.07213,9.27961,3.88597,0.89696,-0.40592,49.84872,287.0991,340.1911,0.01207,0.02043,-0.0144,0.02776,9.57121,3.93123,0.87592,-0.32845,44.96603,304.2606,316.1138,0.0158,0.01992,-0.02706,0.03713,1.2804
16.68368,4.09277,1.53237,-0.40823,18.46369,288.4723,342.4298,0.0123,0.04325,-0.05292,0.06945,11.3052,3.8863,0.89733,-0.40637,49.81562,287.2117,340.1138,0.01368,0.01836,-0.01742,0.02877,7.9441,3.93158,0.87654,-0.32908,44.92697,304.0795,316.0091,0.01568,0.02395,-0.0278,0.0399,2.98619
16.717,4.09298,1.53403,-0.41001,18.13366,288.3739,342.7522,0.00796,0.04827,-0.0531,0.0722,13.88069,3.88742,0.89778,-0.40698,50.07109,287.9463,340.8049,0.02853,0.01479,-0.01806,0.03686,13.38062,3.93226,0.87774,-0.32995,44.7776,303.7177,315.9435,0.0192,0.03296,-0.02633,0.04635,8.57272
16.73921,4.0932,1.53534,-0.41136,17.97129,288.2186,342.878,0.00933,0.05797,-0.06065,0.08442,12.8604,3.88878,0.89813,-0.40692,50.29225,288.9011,341.3628,0.05431,0.01822,0.00229,0.05733,27.75508,3.9333,0.87823,-0.33049,44.82954,303.4475,315.9869,0.03861,0.02212,-0.02437,0.05073,10.43517
16.76142,4.09345,1.53668,-0.41271,17.76746,288.1089,343.0274,0.01043,0.05915,-0.06061,0.08533,12.97504,3.88988,0.89906,-0.40641,50.04329,289.9565,341.5569,0.05202,0.0301,0.01263,0.06141,33.29961,3.93477,0.87832,-0.33086,45.09373,303.3569,315.8802,0.05232,0.01324,-0.0207,0.0578,8.99829
16.78364,4.09349,1.5391,-0.41431,17.39441,288.0767,343.3549,0.00335,0.09878,-0.06904,0.12057,20.62492,3.89125,0.90011,-0.40615,49.81934,290.8871,341.2925,0.06062,0.04095,0.00935,0.07375,44.61552,3.93691,0.87889,-0.33117,45.16737,303.4612,316.2324,0.08792,0.02399,-0.01602,0.09253,12.69728
16.80587,4.09359,1.54097,-0.41572,17.11364,288.0173,343.5697,0.00384,0.09139,-0.06623,0.11293,18.60076,3.89273,0.90067,-0.40606,49.9122,291.8614,341.4487,0.06362,0.03314,0.00674,0.07205,41.36779,3.9386,0.87944,-0.33158,45.2452,303.4266,316.4187,0.08185,0.02437,-0.01714,0.0871,11.36649
16.8392,4.09347,1.54473,-0.41803,16.64643,288.1516,343.9234,-0.0017,0.10746,-0.06842,0.12741,17.40702,3.89662,0.90059,-0.40595,50.01105,294.4001,340.6082,0.1033,0.00633,0.00412,0.10358,82.80313,3.94519,0.88066,-0.33028,44.9827,304.0315,317.2134,0.16878,0.03349,0.02501,0.17388,15.42384
16.87255,4.0937,1.54806,-0.42075,16.28959,288.0353,344.6966,0.00472,0.10177,-0.07847,0.1286,23.73312,3.89787,0.89898,-0.41169,50.05266,292.78,337.4175,0.05412,-0.03447,-0.12804,0.14322,62.63684,3.95488,0.87733,-0.32898,46.14024,304.0085,315.5386,0.26008,-0.06649,0.03555,0.27079,42.57308
16.90588,4.09347,1.55205,-0.42383,15.9085,288.0424,345.1447,-0.00413,0.11534,-0.08884,0.14565,19.03711,3.90282,0.89446,-0.41695,52.37392,293.6812,336.6344,0.12479,-0.11037,-0.15044,0.22447,72.11705,3.96483,0.87451,-0.3275,46.81929,304.8132,316.5957,0.289,-0.07996,0.04207,0.30279,25.13972
16.92809,4.09352,1.55428,-0.42574,15.69812,288.0016,345.6133,-0.00076,0.10771,-0.08732,0.13866,21.19332,3.90626,0.89188,-0.41969,53.51148,294.7603,336.0649,0.13991,-0.11331,-0.13667,0.22604,79.00688,3.97114,0.87264,-0.32663,47.23515,305.2623,317.0781,0.28665,-0.08212,0.04057,0.30093,24.5425
16.95031,4.09362,1.55651,-0.42776,15.47259,287.9063,346.1738,0.0017,0.10412,-0.08914,0.13708,24.78739,3.90988,0.88872,-0.42309,54.81505,295.6375,335.2983,0.15128,-0.12766,-0.14496,0.24535,85.31109,3.97798,0.87013,-0.32562,47.98298,305.8651,317.3219,0.29715,-0.09752,0.04306,0.3157,31.26279
16.97254,4.09375,1.55897,-0.42998,15.29989,287.7726,346.6519,0.00383,0.10732,-0.09445,0.14301,24.84207,3.9136,0.88564,-0.4267,56.23765,296.7871,335.1595,0.15944,-0.13314,-0.15361,0.25834,85.05669,3.98531,0.86723,-0.32457,49.00919,306.3988,317.0468,0.31353,-0.11403,0.04518,0.33666,43.0234
17.00588,4.09414,1.5627,-0.43344,15.07949,287.6882,347.1201,0.00967,0.11083,-0.10165,0.1507,18.43674,3.91891,0.88089,-0.43351,58.64498,298.2227,335.7673,0.15939,-0.14014,-0.19169,0.28599,77.97542,3.99635,0.86441,-0.32305,50.18168,306.9506,316.2201,0.32668,-0.09188,0.0456,0.3424,49.37106
17.0281,4.09455,1.56535,-0.43634,14.83545,287.3614,347.7379,0.0192,0.11969,-0.13113,0.17858,35.71672,3.92238,0.87835,-0.43765,59.4838,299.6593,335.3995,0.1554,-0.11739,-0.19021,0.27223,85.99675,4.00239,0.86535,-0.32275,50.04064,307.1876,316.9401,0.27712,0.03672,0.01516,0.27995,22.07799
17.05033,4.09492,1.56838,-0.43928,14.44875,286.9757,348.2971,0.01779,0.12811,-0.13191,0.18474,36.78117,3.92484,0.87648,-0.44171,59.7642,300.4922,334.6071,0.13294,-0.10077,-0.18638,0.25013,77.73331,4.00891,0.86538,-0.32237,50.39383,307.8127,317.7546,0.28532,0.01896,0.01602,0.28639,22.48082
17.08365,4.09568,1.57293,-0.44346,13.95255,286.6144,348.8436,0.02155,0.1343,-0.12689,0.18602,28.82886,3.92772,0.87419,-0.44825,59.61744,301.2942,332.2436,0.09817,-0.07676,-0.19387,0.23047,87.3537,4.01846,0.86591,-0.32197,51.0193,308.5038,318.3461,0.28621,0.01676,0.01302,0.28699,21.00957
17.11699,4.09717,1.57718,-0.44751,13.77993,286.6583,349.1205,0.03901,0.12923,-0.12296,0.18259,13.85031,3.93036,0.8715,-0.4551,58.83094,302.1613,328.3549,0.08388,-0.07977,-0.20247,0.23322,127.5631,4.02737,0.86772,-0.3218,51.26826,308.7364,318.7319,0.27198,0.04491,0.00712,0.27575,12.98475
17.13921,4.09873,1.58014,-0.45024,13.51086,286.6782,349.5139,0.07013,0.13414,-0.12375,0.19552,20.06476,3.93119,0.87065,-0.45869,56.24423,303.7057,323.6926,0.03437,-0.03709,-0.16359,0.17123,292.5077,4.03301,0.86975,-0.32196,51.31487,308.6934,318.8476,0.25483,0.0899,-0.00808,0.27035,6.97105
17.16144,4.10011,1.58304,-0.45298,13.26068,286.6558,349.892,0.06611,0.13229,-0.12365,0.19277,20.31029,3.93197,0.86962,-0.46263,53.8998,305.1189,319.8778,0.03474,-0.04162,-0.17036,0.17878,271.2166,4.039,0.87076,-0.32202,51.73532,308.7155,318.8404,0.26206,0.06772,-0.00555,0.27073,11.45973
17.19476,4.10212,1.58745,-0.45707,12.858,286.6018,350.373,0.06161,0.13214,-0.12283,0.19064,19.42756,3.93257,0.86749,-0.46951,50.28698,307.0351,314.01,0.02223,-0.05839,-0.19742,0.20707,254.4885,4.04708,0.87406,-0.32159,51.71304,308.9074,319.7905,0.24745,0.09118,0.00835,0.26385,18.9072
17.21699,4.10418,1.5912,-0.46044,12.25073,286.5262,350.8993,0.07961,0.15663,-0.14292,0.22649,33.54988,3.92717,0.86025,-0.48282,49.48101,304.3387,307.4857,-0.14916,-0.25316,-0.48422,0.5664,212.4235,4.05257,0.87641,-0.32043,51.48027,309.3575,321.1414,0.25171,0.09721,0.04429,0.27344,38.17632
17.2392,4.10555,1.59436,-0.4634,11.83144,286.4016,351.3762,0.07072,0.14944,-0.13816,0.21546,31.73131,3.92552,0.85453,-0.49332,49.29052,303.2535,302.6478,-0.11169,-0.25552,-0.4785,0.55383,197.1154,4.0585,0.87819,-0.31924,51.46441,309.7936,321.9328,0.25931,0.08863,0.04873,0.27834,30.65483
17.27252,4.1077,1.59839,-0.46774,11.16055,286.0845,351.8492,0.06618,0.12816,-0.13223,0.19567,28.32594,3.91984,0.84503,-0.51278,49.31827,299.3316,296.0303,-0.15582,-0.27768,-0.55765,0.64215,145.8107,4.06815,0.88063,-0.31591,51.44977,311.0187,323.8051,0.2821,0.07706,0.08721,0.30516,34.15704
17.29474,4.10941,1.59982,-0.47059,11.29118,285.8513,351.7421,0.07503,0.0796,-0.13101,0.17068,10.00547,3.91565,0.83953,-0.52655,47.52852,297.6524,289.4315,-0.17371,-0.24862,-0.59631,0.66901,240.9608,4.07585,0.88168,-0.31203,51.48997,312.4466,324.9309,0.33024,0.05406,0.1517,0.36741,34.27835
17.31696,4.11106,1.60168,-0.47348,11.34357,285.6546,351.9042,0.07458,0.0816,-0.13043,0.17098,10.92466,3.91289,0.83471,-0.53855,45.82488,297.3316,283.6418,-0.14897,-0.23263,-0.5682,0.63179,250.8346,4.08293,0.8829,-0.3091,51.50423,313.2754,325.7612,0.3244,0.05452,0.14183,0.35822,29.37823
17.3503,4.11309,1.60421,-0.4768,11.12123,285.4956,352.2967,0.06424,0.07728,-0.1072,0.14694,13.25988,3.91011,0.82812,-0.55894,44.59754,296.8845,275.3179,-0.09974,-0.2065,-0.60079,0.64307,244.5373,4.09466,0.88366,-0.30331,51.52231,314.799,327.1684,0.34493,0.03054,0.16568,0.38387,29.21694
17.38363,4.11472,1.60637,-0.47907,10.52952,285.3764,352.7475,0.05294,0.06809,-0.07808,0.11634,20.13823,3.90804,0.82288,-0.57884,45.04058,295.0393,270.3685,-0.07153,-0.16957,-0.59811,0.62578,145.4305,4.10752,0.88286,-0.29724,51.94375,316.5648,328.537,0.37566,-0.01033,0.17811,0.41587,33.11348
17.40584,4.11582,1.60756,-0.4807,10.34227,285.2128,352.9996,0.05152,0.06105,-0.07812,0.11173,17.72288,3.90841,0.82112,-0.58961,45.70859,294.4783,268.7018,0.00433,-0.09538,-0.50331,0.51228,79.71598,4.11686,0.88085,-0.2927,52.34052,318.0782,329.9876,0.41142,-0.07614,0.1987,0.4632,44.19709
17.42807,4.1167,1.60792,-0.48164,10.41234,285.0776,352.9807,0.04555,0.03865,-0.0601,0.08474,9.73688,3.9084,0.81894,-0.60007,45.9298,294.054,266.2385,0.0019,-0.09671,-0.48699,0.49651,88.50417,4.126,0.87897,-0.28849,52.78133,319.4775,331.1624,0.41146,-0.08036,0.19424,0.46204,43.50527
17.4614,4.11811,1.60875,-0.48275,10.3848,285.0715,352.8585,0.0432,0.02833,-0.03993,0.0653,2.48309,3.90929,0.81713,-0.61284,46.42023,293.3478,263.8159,0.02057,-0.06492,-0.40905,0.41469,67.86572,4.14091,0.87468,-0.28212,54.12026,322.0844,333.3306,0.43842,-0.11667,0.19193,0.49261,56.53174
17.48362,4.11898,1.60872,-0.48276,10.46476,285.1938,352.757,0.04018,0.00649,-0.01215,0.04247,5.71312,3.91045,0.81725,-0.61779,46.59857,292.6928,263.9107,0.04379,-0.01049,-0.26276,0.26659,22.40494,4.15085,0.87141,-0.27819,55.11943,323.2773,333.8685,0.43959,-0.1333,0.18083,0.49367,53.16451
17.50584,4.11976,1.60908,-0.48331,10.45927,285.1884,352.8782,0.03759,0.01135,-0.01852,0.04341,2.12922,3.91096,0.8173,-0.62293,46.4843,292.0252,263.7787,0.03333,-0.00396,-0.24713,0.2494,23.02369,4.16005,0.86891,-0.27428,55.74505,324.4286,334.6775,0.42679,-0.12299,0.17837,0.47864,47.08541
17.53918,4.12068,1.60985,-0.48378,10.28351,285.1705,353.3088,0.03,0.02005,-0.01515,0.03913,10.62082,3.9123,0.818,-0.62821,46.8123,290.3026,264.3622,0.03853,0.01478,-0.18046,0.18512,54.84839,4.17326,0.86462,-0.26868,56.60992,326.2202,336.3944,0.40398,-0.12711,0.17059,0.45657,41.28707
17.5614,4.12081,1.61041,-0.48334,10.02061,285.0767,353.3273,0.01242,0.02408,0.00948,0.02871,10.28041,3.9145,0.81963,-0.6251,46.85681,289.6034,267.0653,0.08718,0.05516,0.05774,0.11823,116.544,4.18031,0.85981,-0.26598,57.02617,327.2241,338.7916,0.33742,-0.19909,0.1313,0.41319,66.64229
17.58363,4.12139,1.61079,-0.48349,9.95989,284.9358,353.3166,0.01928,0.02063,0.00138,0.02826,7.98803,3.91644,0.82031,-0.62491,47.01811,289.5585,268.2298,0.08711,0.04284,0.03328,0.10262,85.1237,4.18801,0.85524,-0.26328,57.50332,328.3742,340.916,0.34181,-0.2023,0.12638,0.41681,64.72948
17.61696,4.12213,1.61111,-0.48368,10.00505,284.6564,353.4806,0.02143,0.01225,-0.00409,0.02502,9.05232,3.91897,0.82149,-0.62322,47.04152,289.5099,269.9365,0.07881,0.03723,0.04621,0.09865,60.36165,4.19887,0.84651,-0.2596,57.53109,331.4837,347.8719,0.3299,-0.24699,0.11455,0.42774,119.9961
17.65029,4.12244,1.61174,-0.48325,9.7339,284.4218,353.5739,0.01244,0.01734,0.00875,0.02307,10.34032,3.92093,0.82288,-0.61737,46.24361,289.8139,271.6367,0.06366,0.04055,0.14326,0.16193,51.49738,4.20983,0.83158,-0.25831,56.83104,337.1907,2.57019,0.32917,-0.39775,0.05766,0.51951,263.782
17.68363,4.12288,1.61202,-0.48246,9.68529,284.4824,353.468,0.01312,0.01054,0.02004,0.02617,3.0953,3.92338,0.82365,-0.61074,45.91213,290.5372,273.1039,0.07118,0.02739,0.18496,0.20007,37.39806,4.22598,0.80926,-0.26089,59.49931,344.7147,15.98421,0.44538,-0.60155,-0.04375,0.74977,250.6873
17.71696,4.12284,1.61186,-0.48148,9.71457,284.6354,353.8133,0.00222,-0.00098,0.02697,0.02707,7.55296,3.92603,0.82462,-0.60194,45.60007,291.7888,274.294,0.07742,0.02866,0.24419,0.25777,28.90202,4.24254,0.78909,-0.26542,63.1248,351.3449,24.00502,0.48402,-0.60415,-0.11279,0.7823,170.0954
17.7503,4.12272,1.61229,-0.48059,9.55147,284.5367,354.0275,-0.002,0.00957,0.02683,0.02855,7.92756,3.92898,0.82611,-0.5925,45.43532,293.5765,275.599,0.08561,0.04083,0.27363,0.2896,34.64284,4.25453,0.77374,-0.27232,63.73177,354.9261,33.86451,0.39086,-0.49641,-0.18336,0.65789,189.6348
17.77251,4.12271,1.61243,-0.48012,9.58881,284.4388,354.0298,-0.00134,0.00794,0.02392,0.02524,4.91059,3.93103,0.8276,-0.58514,45.0803,295.5591,276.5449,0.089,0.05399,0.30241,0.31983,50.26948,4.26354,0.76393,-0.27796,64.48425,358.7466,41.6088,0.39824,-0.46913,-0.21872,0.65308,200.1173
17.80584,4.12221,1.61224,-0.47952,9.74931,284.2644,354.0316,-0.01163,-0.00225,0.01945,0.02278,5.92634,3.93333,0.83037,-0.57377,44.27302,298.4703,277.9247,0.07401,0.07572,0.33144,0.34794,64.62305,4.27849,0.75178,-0.28598,66.74959,7.20497,50.27533,0.43599,-0.39065,-0.23515,0.63086,130.8185
17.85028,4.12127,1.61252,-0.47841,9.639,283.908,354.4646,-0.01987,0.00341,0.0235,0.03096,11.73157,3.9352,0.83459,-0.5588,43.11625,301.8666,279.6287,0.0487,0.09122,0.33826,0.35372,64.1764,4.29294,0.74223,-0.29428,68.293,15.81789,57.47332,0.3531,-0.25434,-0.20043,0.47911,90.45249
17.88361,4.11994,1.61318,-0.47735,9.29002,283.4572,354.6332,-0.03476,0.01558,0.02967,0.04829,16.2767,3.93421,0.83897,-0.54811,41.96178,303.6601,281.0839,-0.0101,0.12135,0.32507,0.34713,54.64804,4.29301,0.7438,-0.2978,68.26694,15.02549,55.57837,0.08993,-0.02823,-0.12932,0.16003,31.23412
17.90581,4.11885,1.61372,-0.47697,9.14001,283.1458,354.5197,-0.04525,0.02117,0.01861,0.05331,13.97044,3.93164,0.84199,-0.54243,41.14706,303.7433,282.0761,-0.08684,0.13294,0.2726,0.31548,49.94086,4.28568,0.74842,-0.3003,68.13753,9.77559,51.25222,-0.22206,0.14252,-0.12166,0.29056,62.27566
17.93913,4.11789,1.6143,-0.47621,9.12056,282.9048,354.5113,-0.037,0.01923,0.0207,0.04656,10.37414,3.93011,0.84603,-0.53351,40.20395,304.4158,283.3912,-0.06635,0.12708,0.2701,0.30579,45.643,4.28099,0.75043,-0.30501,68.42653,5.99964,48.29813,-0.18129,0.10152,-0.13147,0.24588,53.51977
17.97246,4.11702,1.6147,-0.47531,9.27788,282.9346,354.4282,-0.02897,0.01391,0.02542,0.04097,3.79293,3.92774,0.84933,-0.52683,39.58911,304.4776,284.7012,-0.06994,0.10605,0.21798,0.25229,42.3562,4.2724,0.75442,-0.30992,68.8065,359.8611,42.64004,-0.23869,0.115,-0.14344,0.30128,63.86962
18.00579,4.1162,1.61449,-0.47445,9.52187,283.3085,354.724,-0.02561,-0.00122,0.0257,0.0363,11.07189,3.92665,0.84986,-0.52374,39.97041,304.5617,285.178,-0.04203,0.03847,0.1241,0.13656,18.94592,4.26101,0.75911,-0.31448,68.5466,353.3575,38.27849,-0.31594,0.13434,-0.1383,0.37013,79.7585
18.03912,4.11528,1.61438,-0.47428,9.50682,283.3101,355.1329,-0.02706,-0.00286,0.0103,0.02909,10.65205,3.92614,0.84912,-0.52173,39.97406,304.9896,284.8028,-0.02211,-0.00706,0.07612,0.07958,12.84339,4.25251,0.761,-0.31885,68.30133,349.5715,37.33796,-0.2702,0.07613,-0.13308,0.31066,83.83002
18.07245,4.11457,1.6145,-0.47436,9.46373,283.1609,355.2838,-0.02284,0.00192,0.00088,0.02293,7.15643,3.9257,0.84807,-0.52054,39.99355,305.1866,284.5079,-0.01531,-0.02543,0.0458,0.05458,13.15853,4.24496,0.76205,-0.32226,67.71326,347.0294,38.16873,-0.23756,0.04259,-0.10999,0.26523,96.06507
18.10579,4.11402,1.61448,-0.47472,9.54627,283.0833,355.1401,-0.01799,0.00019,-0.00803,0.0197,3.23312,3.92542,0.84574,-0.52151,40.14957,305.1862,283.8793,-0.01005,-0.05867,-0.01042,0.06043,17.57611,4.23827,0.76279,-0.32548,67.83022,344.7393,37.86427,-0.20991,0.02727,-0.09996,0.23409,68.91045
18.13912,4.11344,1.61466,-0.47533,9.47421,282.9373,355.3125,-0.0176,0.00396,-0.01574,0.02394,5.74489,3.92589,0.84275,-0.52376,40.79386,305.1428,283.1307,0.00802,-0.08207,-0.0531,0.09808,25.65541,4.23267,0.76352,-0.32747,68.43975,341.7879,35.58277,-0.17837,0.02343,-0.06972,0.19294,43.10136
18.17245,4.1128,1.61546,-0.4756,9.28466,282.912,355.3623,-0.01883,0.01906,-0.00997,0.02859,5.30591,3.92636,0.83974,-0.52747,41.52415,304.9447,282.4155,0.01254,-0.08818,-0.09678,0.13153,27.53486,4.22822,0.76458,-0.32794,68.68173,339.6363,34.10491,-0.14487,0.02972,-0.02805,0.15052,32.69815
18.20578,4.11209,1.61596,-0.47584,9.16463,283.0702,355.4308,-0.02068,0.01605,-0.00782,0.02733,5.18551,3.9261,0.8375,-0.53093,41.7969,304.5129,281.8387,-0.00279,-0.07256,-0.10204,0.12524,17.76659,4.22547,0.76549,-0.32594,68.58743,339.4712,33.47088,-0.09816,0.02777,0.03811,0.10889,9.99472
18.23911,4.11125,1.61596,-0.47619,9.06494,283.1777,355.6751,-0.02415,0.0039,-0.00989,0.02639,7.10734,3.92592,0.83512,-0.53479,42.21493,304.1034,281.2424,-0.00471,-0.07154,-0.11234,0.13327,18.12553,4.22353,0.76658,-0.32286,68.27975,340.2458,33.41701,-0.06808,0.03147,0.07889,0.10885,20.69303
18.26133,4.11052,1.61627,-0.47633,8.91876,283.1562,355.8659,-0.03086,0.01072,-0.00735,0.03349,9.05433,3.92565,0.83355,-0.53815,42.46163,303.7871,280.7567,-0.01074,-0.07028,-0.13873,0.15589,19.0562,4.22307,0.7673,-0.31991,67.81216,340.9938,34.28877,-0.03275,0.03116,0.1156,0.12412,20.44284
18.28355,4.10989,1.61644,-0.47645,8.90187,283.1599,355.926,-0.02961,0.00911,-0.00621,0.0316,5.85102,3.92552,0.83208,-0.54088,42.77921,303.4038,280.3021,-0.0083,-0.06803,-0.13079,0.14766,19.93725,4.22175,0.76786,-0.31854,67.62451,340.9174,34.49131,-0.0462,0.02797,0.08874,0.10389,15.92284
18.31687,4.10882,1.61637,-0.47681,8.97872,283.136,355.9355,-0.03148,0.0007,-0.00966,0.03293,1.8876,3.92542,0.82969,-0.54541,43.47866,302.648,279.6122,-0.00433,-0.0708,-0.13475,0.15228,25.17029,4.22078,0.76827,-0.31633,67.35918,340.9001,35.28044,-0.03329,0.01624,0.07176,0.08075,22.21343
18.33909,4.10787,1.61617,-0.47729,9.10979,283.1305,355.9402,-0.03769,-0.00306,-0.0164,0.04122,2.98871,3.92505,0.82799,-0.54828,43.87408,302.1962,279.2092,-0.01533,-0.07545,-0.12978,0.1509,23.45396,4.22099,0.76851,-0.31414,67.18188,341.4718,36.10259,0.00376,0.01216,0.09587,0.09671,18.68249
18.36131,4.10716,1.61641,-0.47751,9.08994,283.1202,356.0291,-0.03492,0.0038,-0.01319,0.03752,2.27827,3.92461,0.82645,-0.55084,44.14314,301.7969,278.7835,-0.01747,-0.07229,-0.12247,0.14328,21.10077,4.22097,0.76888,-0.31209,67.07941,341.8375,36.50541,0.00151,0.0145,0.0941,0.09522,13.19058
18.38353,4.10631,1.61677,-0.47793,8.99508,283.0745,356.2293,-0.03776,0.01343,-0.01787,0.04388,8.38742,3.924,0.82528,-0.55301,44.33979,301.3591,278.3656,-0.02482,-0.05635,-0.10271,0.11975,18.28965,4.22167,0.7692,-0.30948,67.00339,342.4877,36.72189,0.02896,0.01359,0.11402,0.11843,18.67004
18.40574,4.10543,1.61683,-0.47841,8.91669,282.9969,356.347,-0.03862,0.00811,-0.01965,0.04409,7.94673,3.9236,0.82408,-0.55512,44.55456,301.0147,278.0562,-0.02153,-0.05511,-0.09879,0.11515,16.6415,4.2218,0.76949,-0.30732,66.9571,342.8394,36.86371,0.01741,0.01331,0.10562,0.10787,14.56865
18.43906,4.10408,1.61676,-0.47924,8.89193,282.8344,356.4913,-0.03998,0.00057,-0.02355,0.0464,7.10741,3.92325,0.82254,-0.55775,44.99354,300.4441,277.6854,-0.01311,-0.04857,-0.0841,0.098,17.48142,4.22249,0.76989,-0.30398,66.7301,343.6259,37.49521,0.01986,0.01232,0.10149,0.10414,11.87418
18.4724,4.10293,1.61703,-0.47977,8.90119,282.6912,356.586,-0.03595,0.00609,-0.01795,0.04064,5.84219,3.92273,0.82158,-0.55918,45.29794,300.1888,277.4049,-0.015,-0.0337,-0.05319,0.06472,12.44759,4.22287,0.77039,-0.30128,66.61825,343.8776,37.63274,0.01349,0.01431,0.08618,0.0884,6.88036
18.50572,4.10171,1.61717,-0.48018,8.91708,282.6134,356.5565,-0.03634,0.00472,-0.01364,0.0391,2.87694,3.9223,0.82119,-0.55929,45.09675,300.0421,277.4384,-0.01352,-0.0171,-0.01575,0.02689,5.24725,4.22352,0.77064,-0.299,66.65971,344.5684,38.15605,0.0179,0.00928,0.07286,0.0756,8.01531
18.52794,4.10079,1.617,-0.48056,9.00237,282.6687,356.5313,-0.03976,-0.00412,-0.01518,0.04276,3.40033,3.92184,0.82137,-0.55853,45.09314,300.0377,277.7209,-0.01767,0.00039,0.01992,0.02663,10.15244,4.22326,0.77089,-0.2983,66.68682,344.1016,37.89411,-0.003,0.01093,0.04538,0.04677,6.39194
18.55017,4.10005,1.61711,-0.48066,9.02248,282.6784,356.6165,-0.03648,0.00037,-0.00977,0.03776,2.58869,3.92156,0.8213,-0.55824,45.12407,300.0724,277.8283,-0.01507,-0.0015,0.01647,0.02237,6.97754,4.22337,0.77107,-0.29695,66.5757,344.5585,38.48998,0.00098,0.00951,0.05298,0.05384,7.8168
18.58351,4.09893,1.61732,-0.48071,9.01996,282.6898,356.8087,-0.03452,0.00492,-0.0036,0.03506,4.69089,3.92132,0.82179,-0.55636,45.03337,300.5015,278.1324,-0.00926,0.01076,0.04627,0.0484,7.3492,4.22312,0.77157,-0.29514,66.30978,345.2017,38.91354,-0.00529,0.01364,0.05405,0.056,9.5159
18.61683,4.09766,1.61738,-0.48099,9.05913,282.6277,356.877,-0.03714,0.00261,-0.00726,0.03794,2.32497,3.92082,0.8221,-0.55457,44.97507,300.8579,278.4397,-0.0134,0.00968,0.05202,0.05458,7.78953,4.22288,0.77212,-0.29347,66.17419,345.6473,38.90614,-0.00662,0.01578,0.05116,0.05394,12.30349
18.63905,4.09669,1.61713,-0.48146,9.0253,282.4692,356.8649,-0.03955,-0.00498,-0.01523,0.04268,5.8266,3.9203,0.8227,-0.552,44.72139,301.2791,278.7361,-0.02358,0.02205,0.09518,0.1005,13.46056,4.22178,0.77236,-0.294,66.34579,345.1668,38.23951,-0.03864,0.01189,-0.00471,0.0407,8.80061
18.66126,4.096,1.6172,-0.48165,9.07796,282.3707,356.8799,-0.03522,-0.00099,-0.01174,0.03714,5.26866,3.91969,0.82297,-0.55041,44.64041,301.4352,278.8897,-0.02552,0.01704,0.08345,0.08892,9.91728,4.2213,0.77247,-0.29396,66.3497,345.2973,38.36199,-0.0302,0.00846,-0.00144,0.0314,3.8499
18.68349,4.09538,1.61727,-0.48176,9.13052,282.2281,356.8144,-0.02965,0.00266,-0.00656,0.03048,6.02576,3.9188,0.82346,-0.54827,44.36892,301.5621,279.1226,-0.03769,0.02093,0.09474,0.10408,13.4954,4.22011,0.77255,-0.2947,66.29402,345.1131,38.3651,-0.0516,0.00524,-0.02798,0.05894,6.04634
18.70571,4.09464,1.61717,-0.48203,9.14508,282.1167,356.8207,-0.03143,-0.00109,-0.00946,0.03284,5.41944,3.91806,0.82386,-0.54657,44.21418,301.6085,279.3707,-0.03547,0.01959,0.0855,0.09462,12.32658,4.21908,0.77261,-0.29519,66.41345,344.9533,38.09101,-0.04891,0.00399,-0.02509,0.05511,3.65364
18.73904,4.09358,1.6171,-0.48246,9.15561,281.9757,356.8936,-0.03187,-0.00178,-0.01193,0.03408,4.95991,3.9174,0.82469,-0.54374,44.00871,301.89,279.7991,-0.02384,0.02348,0.0852,0.09154,11.2584,4.21705,0.77271,-0.29658,66.51447,344.152,37.32223,-0.05801,0.00331,-0.03741,0.06911,8.48385
18.76126,4.09307,1.61739,-0.48245,9.12837,281.951,356.8894,-0.02457,0.00945,-0.00294,0.02649,1.23998,3.91786,0.82527,-0.54184,44.13327,302.3959,280.092,0.01377,0.02532,0.08489,0.08965,15.05093,4.21576,0.7728,-0.29748,66.6127,344.0986,36.95325,-0.05986,0.0045,-0.04108,0.07274,11.97345
18.78349,4.09253,1.61756,-0.48245,9.12511,281.902,356.8905,-0.02445,0.00847,-0.00147,0.02592,1.70847,3.91789,0.82578,-0.54001,44.099,302.7802,280.3817,0.00773,0.02396,0.08354,0.08725,13.51339,4.21467,0.77293,-0.29826,66.70543,343.8845,36.47523,-0.05444,0.00515,-0.03811,0.06665,12.91632
18.81682,4.09168,1.61732,-0.48254,9.16109,281.9645,356.961,-0.02524,-0.00309,-0.00236,0.02554,1.31515,3.91793,0.82665,-0.53736,43.8401,303.4067,280.67,0.00266,0.02577,0.08046,0.08453,14.91649,4.21262,0.77303,-0.3,66.90211,343.1617,35.53259,-0.0597,0.00345,-0.04866,0.0771,12.9134
18.83904,4.09129,1.61704,-0.48253,9.21618,282.0128,356.9916,-0.01824,-0.00734,0.00094,0.01969,2.82024,3.91773,0.82712,-0.53604,43.62474,303.6762,280.8604,-0.00668,0.02044,0.06248,0.06608,11.67809,4.21131,0.77303,-0.30097,66.84254,343.0498,35.53354,-0.05706,0.00014,-0.04708,0.07398,3.15117
18.86126,4.09091,1.6171,-0.48245,9.23857,282.0409,356.993,-0.01766,-0.00217,0.00233,0.01795,1.41012,3.91751,0.82747,-0.53478,43.52955,303.8846,281.0403,-0.00824,0.01816,0.05944,0.0627,9.88522,4.21002,0.7731,-0.30219,66.90076,342.6548,35.30781,-0.05748,0.00177,-0.05102,0.07688,6.37759
18.89459,4.09044,1.61725,-0.48221,9.23419,282.0368,357.0505,-0.01498,0.0027,0.00583,0.0163,1.01404,3.91732,0.82757,-0.53365,43.51048,303.9906,281.1157,-0.00636,0.00676,0.04036,0.04142,4.08613,4.20806,0.77327,-0.30398,66.97395,341.9033,34.61432,-0.05845,0.00431,-0.05294,0.07898,8.16015
18.91681,4.09,1.6169,-0.4825,9.25876,282.0242,357.0561,-0.01904,-0.01085,-0.00877,0.02361,0.25351,3.91717,0.82751,-0.53357,43.45925,303.9832,281.1486,-0.00781,0.0009,0.01413,0.01617,2.94185,4.20711,0.77336,-0.3048,67.01507,341.6148,34.11906,-0.04477,0.00377,-0.03968,0.05994,8.75477
18.93904,4.08971,1.617,-0.48252,9.26622,281.9897,357.0678,-0.01588,-0.00329,-0.0047,0.01689,0.90905,3.91701,0.82744,-0.53335,43.46095,303.9818,281.0906,-0.00757,-0.00112,0.0121,0.01432,1.64562,4.20625,0.77336,-0.30558,67.05256,341.4283,33.84665,-0.04188,0.00201,-0.03754,0.05628,7.2828
18.97237,4.08944,1.61721,-0.48248,9.23551,281.8971,357.0157,-0.01004,0.00405,-0.00033,0.01084,2.43755,3.91703,0.82688,-0.53339,43.54836,304.0727,281.038,-0.00133,-0.01297,0.0021,0.01321,3.64922,4.20512,0.77322,-0.30637,67.14935,341.293,33.36984,-0.03582,-0.00268,-0.02701,0.04494,9.96003
18.99459,4.08931,1.61721,-0.48243,9.23963,281.886,356.9932,-0.00747,-0.00154,0.00102,0.00769,0.60939,3.91699,0.82654,-0.53394,43.61829,304.0876,280.8955,-0.00304,-0.01363,-0.01803,0.0228,6.14088,4.20481,0.77313,-0.30678,67.18517,341.1597,33.14944,-0.01767,-0.00396,-0.01922,0.02641,4.64425
19.0168,4.0891,1.61691,-0.4825,9.26806,281.8823,357.0257,-0.00846,-0.00765,-0.00098,0.01145,0.30469,3.91696,0.82648,-0.53435,43.62768,304.0343,280.7966,-0.00209,-0.00836,-0.01821,0.02015,4.50301,4.20441,0.77299,-0.30724,67.23639,341.1148,33.07699,-0.01787,-0.00524,-0.02014,0.02743,3.53105
19.05013,4.08896,1.61698,-0.48241,9.28182,281.8676,357.073,-0.00535,-0.00025,0.00188,0.00568,0.07617,3.91679,0.82644,-0.5351,43.59024,303.9645,280.6868,-0.00432,-0.00291,-0.02131,0.02194,2.30551,4.20412,0.77276,-0.30763,67.20209,341.0924,33.23682,-0.01092,-0.00649,-0.01364,0.01864,3.44632
19.08347,4.08901,1.61736,-0.48225,9.19578,281.9348,357.0502,-0.0002,0.00838,0.00394,0.00926,2.55434,3.91667,0.82596,-0.5365,43.75069,303.8208,280.4255,-0.00387,-0.0116,-0.03692,0.03889,6.10996,4.20417,0.77266,-0.30763,67.23043,341.1521,33.06567,-0.00163,-0.00393,-0.00349,0.0055,4.29521
19.10568,4.08899,1.61723,-0.48229,9.18793,281.9523,357.0182,-0.00178,-0.00456,-0.00157,0.00514,0.63858,3.91665,0.82556,-0.53746,43.93066,303.6972,280.2351,-0.0017,-0.0168,-0.04324,0.04642,9.77758,4.20452,0.77258,-0.30716,67.26178,341.279,32.91357,0.01085,-0.00321,0.01394,0.01795,9.32942
19.1279,4.0889,1.61711,-0.48231,9.18466,281.9759,356.9817,-0.00279,-0.00496,-0.00133,0.00584,1.26896,3.91653,0.82537,-0.53821,43.98008,303.6628,280.15,-0.00344,-0.01263,-0.03839,0.04056,6.65379,4.2046,0.77259,-0.3071,67.26741,341.3323,32.88432,0.00721,-0.00136,0.00846,0.01119,6.49087
19.15012,4.08902,1.61713,-0.48223,9.19509,281.99,356.9045,0.00352,-0.0005,0.00201,0.00408,3.12669,3.91614,0.82523,-0.539,43.96399,303.5537,279.9799,-0.01494,-0.00813,-0.03621,0.04,5.66584,4.20505,0.77251,-0.30671,67.23918,341.4139,32.91134,0.01694,-0.00301,0.01472,0.02264,2.9573
19.17234,4.08907,1.61725,-0.48217,9.19392,282.0176,356.86,0.00287,0.00237,0.00243,0.00444,2.78654,3.91573,0.82511,-0.53967,43.91788,303.4645,279.8623,-0.01662,-0.00674,-0.03318,0.03772,4.75335,4.20542,0.77246,-0.30639,67.22153,341.531,32.93872,0.0167,-0.0028,0.01442,0.02224,3.52569
19.19456,4.08911,1.6172,-0.48228,9.19938,282.0345,356.8365,0.00109,-0.00259,-0.00445,0.00526,0.69664,3.91518,0.82499,-0.54051,43.91069,303.2096,279.7863,-0.02196,-0.00657,-0.03718,0.04368,8.06935,4.20595,0.77247,-0.30588,67.23901,341.6394,32.94968,0.02142,-0.00021,0.02057,0.0297,2.58024
19.21678,4.089,1.61701,-0.48245,9.23165,282.0078,356.8372,-0.00194,-0.00568,-0.00594,0.00845,0.34832,3.91483,0.82484,-0.5412,43.89791,303.0546,279.6915,-0.01878,-0.00665,-0.03403,0.03944,6.48317,4.20628,0.77251,-0.30554,67.19176,341.82,33.14738,0.01798,0.00097,0.0179,0.0254,2.63792
19.23901,4.08904,1.61691,-0.48279,9.27793,281.9965,356.8376,0.00202,-0.00286,-0.01255,0.01303,0.92518,3.91456,0.82483,-0.54183,43.82948,302.905,279.6201,-0.01351,-0.00264,-0.03098,0.0339,6.05955,4.20672,0.77259,-0.30506,67.15119,342.0327,33.27442,0.0183,0.00235,0.01927,0.02668,2.89503
19.26122,4.08913,1.61701,-0.48296,9.29875,281.9751,356.8448,0.00314,0.00068,-0.01021,0.0107,0.46259,3.91442,0.82474,-0.54252,43.84339,302.7726,279.5366,-0.00989,-0.0032,-0.0312,0.03288,5.08671,4.20705,0.7726,-0.30477,67.14702,342.0478,33.28486,0.01666,0.00144,0.01607,0.02319,1.44751
19.29456,4.08934,1.61715,-0.4834,9.33468,281.9023,356.8942,0.00551,0.00342,-0.0124,0.014,2.28082,3.91441,0.82451,-0.54346,43.92734,302.6237,279.4464,-0.00264,-0.00606,-0.02889,0.02963,3.73787,4.20764,0.77265,-0.30401,67.00194,342.5204,33.85009,0.01734,0.00133,0.02112,0.02736,6.1957
19.31677,4.08921,1.61687,-0.48398,9.32352,281.8407,356.9912,-0.00305,-0.00891,-0.02286,0.02472,2.40974,3.91485,0.82425,-0.54386,44.07585,302.669,279.4903,0.01606,-0.00903,-0.01859,0.02618,4.68905,4.20775,0.7727,-0.30386,67.04692,342.3628,33.61352,0.00693,0.00264,0.00981,0.0123,2.68459
19.339,4.08926,1.61687,-0.4843,9.30774,281.7849,357.0586,-0.00034,-0.00444,-0.0187,0.01922,3.3299,3.91505,0.82416,-0.54422,44.0493,302.6766,279.4117,0.01255,-0.00645,-0.01752,0.0225,2.60513,4.20794,0.77274,-0.30361,67.01153,342.3675,33.60283,0.00774,0.00215,0.01062,0.01331,1.77773
19.36121,4.0894,1.6171,-0.48456,9.26505,281.7134,357.0971,0.00472,0.00651,-0.01316,0.01543,2.17044,3.91498,0.82429,-0.54436,43.95602,302.5344,279.366,0.00057,0.00146,-0.01129,0.01139,5.8964,4.208,0.77269,-0.30356,66.99922,342.5857,33.8248,0.00354,-0.0008,0.00331,0.00492,1.25939
19.38343,4.08951,1.6173,-0.48479,9.22936,281.6495,357.09,0.00499,0.00772,-0.01172,0.0149,2.51145,3.91525,0.82422,-0.5446,44.00309,302.4882,279.4285,0.00643,-0.00102,-0.01095,0.01274,4.89228,4.20813,0.7727,-0.3035,66.98248,342.6149,33.90281,0.00478,-0.00023,0.003,0.00564,1.41408
19.41677,4.08954,1.61729,-0.4851,9.25444,281.5919,356.9689,0.00177,0.00161,-0.00988,0.01017,2.94567,3.91593,0.82426,-0.5447,43.99907,302.5623,279.4371,0.01681,0.0007,-0.00505,0.01757,0.7971,4.20823,0.77295,-0.30351,67.0156,342.6774,33.95745,0.0033,0.00558,0.00071,0.00652,1.2609
19.43899,4.08965,1.61714,-0.48518,9.30449,281.6483,356.988,0.00503,-0.00277,-0.00478,0.00747,1.47782,3.91649,0.82448,-0.54445,43.98171,302.6828,279.4782,0.02282,0.00661,0.00693,0.02475,3.10793,4.20798,0.77347,-0.30341,66.9598,342.6924,33.96587,-0.00633,0.01702,0.00313,0.01843,0.73573
19.46121,4.08978,1.61726,-0.48526,9.29618,281.6304,357.0301,0.00558,0.00118,-0.0042,0.00708,0.55546,3.91687,0.82452,-0.54436,43.93318,302.6939,279.5135,0.0201,0.004,0.00552,0.02122,2.11033,4.20789,0.77363,-0.30339,66.93584,342.6852,33.91533,-0.00533,0.01225,0.00191,0.01349,1.26503
19.48343,4.08988,1.61744,-0.48536,9.27996,281.6074,357.1721,0.00463,0.00622,-0.00384,0.00866,5.51326,3.9173,0.8245,-0.54433,43.98141,302.6934,279.6717,0.01877,0.00023,0.00134,0.01881,5.1796,4.20772,0.7734,-0.30343,66.95699,342.4408,33.49682,-0.00635,-0.00654,-0.00118,0.0092,6.59322
19.50566,4.08991,1.61742,-0.48554,9.27972,281.5724,357.2404,0.00303,0.00282,-0.00602,0.00731,4.54894,3.91774,0.82446,-0.54441,43.97602,302.6572,279.7148,0.01927,-0.00072,-0.00099,0.01931,4.10005,4.20752,0.77324,-0.30358,66.93533,342.2157,33.33274,-0.00755,-0.00689,-0.00387,0.01093,3.99282
19.53899,4.08973,1.61733,-0.48581,9.27931,281.5216,357.2209,-0.00337,-0.00128,-0.0075,0.00832,1.29261,3.91893,0.82427,-0.54447,44.12233,302.8235,279.6491,0.03172,-0.00455,-0.00165,0.03209,5.27293,4.20725,0.77323,-0.30416,66.94591,342.0614,33.25268,-0.00813,-0.00187,-0.01411,0.01639,2.40672
19.56121,4.08982,1.61741,-0.48584,9.35691,281.4116,357.0485,0.00266,0.00129,-0.00323,0.00438,6.78024,3.91996,0.82385,-0.54474,44.22654,303.092,279.6896,0.03896,-0.01401,-0.00887,0.04235,8.59641,4.20765,0.77252,-0.30451,67.02254,342.0782,33.32241,0.01316,-0.02441,-0.01537,0.03171,3.48506
19.58343,4.09002,1.61733,-0.48585,9.44606,281.3721,356.9876,0.00585,-0.00105,-0.0019,0.00624,5.73437,3.92029,0.82398,-0.54453,44.14318,303.1736,279.7853,0.02694,-0.00407,0.0003,0.02725,4.66365,4.20767,0.77242,-0.30503,67.10531,342.0047,33.24538,0.007,-0.01457,-0.01931,0.02518,3.48989
19.61676,4.08995,1.61694,-0.48592,9.48453,281.4224,357.0483,0,-0.00894,-0.00207,0.00918,0.87312,3.91998,0.82398,-0.54465,44.00229,303.0279,279.8654,-0.00029,-0.00108,-0.00263,0.00286,5.05395,4.20775,0.77239,-0.30517,67.14675,341.8911,33.06454,0.00355,-0.00428,-0.00805,0.00979,2.62189
19.63898,4.09009,1.61707,-0.48587,9.48336,281.4241,357.0636,0.00297,-0.00156,0.00027,0.00337,0.43656,3.9202,0.82398,-0.54484,44.05488,302.9781,279.8888,0.00483,-0.00056,-0.00555,0.00737,3.50015,4.20773,0.77237,-0.30551,67.13261,341.7918,33.02755,0.00118,-0.00254,-0.01162,0.01195,1.61614
19.6612,4.09026,1.61718,-0.4858,9.48947,281.4281,357.0775,0.00532,0.00169,0.00167,0.00582,0.21828,3.92043,0.82395,-0.545,44.08848,302.9254,279.8702,0.00765,-0.00104,-0.00643,0.01004,2.59317,4.20776,0.77232,-0.30586,67.16302,341.7263,32.94809,0.00138,-0.00253,-0.01374,0.01404,1.62924
19.68341,4.09045,1.61729,-0.48569,9.51871,281.4044,357.0677,0.00691,0.00327,0.00316,0.00827,0.10914,3.92077,0.82345,-0.54529,44.14379,302.9934,279.8504,0.01148,-0.0116,-0.00969,0.01898,1.63813,4.20789,0.77215,-0.30642,67.26221,341.4799,32.6636,0.00351,-0.00491,-0.01953,0.02044,4.13886
19.71674,4.09059,1.61714,-0.4857,9.51994,281.3586,357.0161,0.00488,-0.00262,0.00075,0.00559,0.02729,3.92128,0.82313,-0.54562,44.18273,303.1168,279.6823,0.01431,-0.01029,-0.00983,0.02018,6.32648,4.20819,0.77201,-0.30683,67.25334,341.4775,32.6659,0.00763,-0.00446,-0.01397,0.01653,1.03471
19.75007,4.09079,1.61713,-0.48548,9.47732,281.3088,357.0357,0.00592,-0.0008,0.00508,0.00785,0.78348,3.92143,0.82299,-0.54587,44.17476,303.185,279.6173,0.00703,-0.00556,-0.00818,0.01214,4.31131,4.20854,0.77188,-0.30719,67.3103,341.4269,32.51719,0.00978,-0.00415,-0.0116,0.01573,2.17991
19.77229,4.09094,1.61718,-0.48522,9.4556,281.3388,357.0324,0.00677,0.0007,0.01013,0.0122,1.534,3.92125,0.82275,-0.54618,44.24603,303.0928,279.6013,-0.00325,-0.00926,-0.01319,0.01644,4.79344,4.20886,0.77171,-0.30727,67.33573,341.5636,32.5561,0.01351,-0.00719,-0.00532,0.0162,2.23139
19.79452,4.0911,1.61714,-0.48501,9.48686,281.3373,356.985,0.0069,-0.00036,0.0097,0.01191,1.89764,3.9213,0.82267,-0.54644,44.32725,303.0861,279.5548,-0.00056,-0.00648,-0.01259,0.01417,4.17234,4.20919,0.77145,-0.30742,67.37364,341.58,32.5341,0.01403,-0.00951,-0.00598,0.01797,2.23178
19.82785,4.09104,1.6167,-0.48482,9.54032,281.3326,356.9135,0.00048,-0.01014,0.00667,0.01214,2.44667,3.92095,0.82259,-0.54668,44.26045,303.0792,279.3549,-0.00798,-0.00352,-0.00849,0.01217,4.55398,4.20994,0.77123,-0.30788,67.43017,341.8378,32.76122,0.02044,-0.00738,-0.01204,0.02484,2.09059
19.85007,4.09123,1.61675,-0.4846,9.5586,281.3428,356.8696,0.00658,-0.0006,0.00887,0.01106,1.59299,3.92055,0.82261,-0.54683,44.25097,302.9933,279.2953,-0.01449,0.00052,-0.00742,0.01629,1.28781,4.21045,0.77109,-0.30807,67.4688,342.0667,33.0009,0.02262,-0.00819,-0.00864,0.02556,3.65596
19.87229,4.09144,1.61687,-0.48443,9.55396,281.3235,356.8478,0.00812,0.00241,0.00829,0.01185,0.7965,3.92016,0.82276,-0.54691,44.15736,302.941,279.2182,-0.01617,0.0036,-0.00546,0.01744,2.77989,4.21087,0.77097,-0.30823,67.53014,342.1211,32.94881,0.02061,-0.00682,-0.00781,0.02307,3.6485
19.90563,4.09168,1.617,-0.4842,9.53047,281.3017,356.8589,0.00747,0.00371,0.00742,0.01116,0.19912,3.9199,0.82284,-0.54711,44.20893,302.7622,279.1943,-0.00989,0.00277,-0.00595,0.01187,3.84273,4.21116,0.77096,-0.3087,67.59644,342.0272,32.79753,0.01173,-0.0018,-0.01251,0.01724,2.15075
19.93896,4.09189,1.61682,-0.48405,9.48167,281.2637,356.875,0.00637,-0.0033,0.00517,0.00884,0.04978,3.91967,0.82292,-0.54695,44.13451,302.8198,279.1509,-0.00757,0.00243,0.00219,0.00825,2.058,4.21142,0.77085,-0.30874,67.60982,342.0461,32.8265,0.00878,-0.00309,-0.00408,0.01016,0.53769
19.96118,4.09207,1.61694,-0.48396,9.49584,281.2302,356.8584,0.00797,0.00322,0.00432,0.00962,0.01245,3.91973,0.82272,-0.54699,44.14511,302.8096,279.0607,-0.00064,-0.00503,-0.00065,0.00511,1.82875,4.21128,0.77126,-0.30889,67.59365,342.0048,32.84366,-0.00068,0.0117,-0.00493,0.01271,1.41169
19.9834,4.09225,1.61704,-0.48379,9.51637,281.2079,356.8389,0.00793,0.00399,0.00594,0.01068,0.00622,3.91959,0.82276,-0.54684,44.10075,302.7892,279.0434,-0.00365,-0.00167,0.00291,0.00495,1.42945,4.21155,0.77126,-0.30872,67.67616,342.1454,32.78998,0.00555,0.0059,0.00125,0.0082,4.0157
20.01673,4.0923,1.61673,-0.48359,9.53601,281.2403,356.8482,0.00332,-0.0061,0.0059,0.00911,0.00156,3.91955,0.82281,-0.54652,44.12496,302.8227,279.0837,-0.00186,0.00073,0.00808,0.00833,0.58496,4.21158,0.77154,-0.30843,67.60731,342.2783,33.00714,0.0021,0.00768,0.00681,0.01048,2.25379
20.05006,4.0925,1.61677,-0.48346,9.53739,281.2238,356.8841,0.00526,-0.00053,0.00456,0.00698,0.00039,3.91934,0.823,-0.54601,43.98175,302.8504,279.0429,-0.0051,0.00447,0.01338,0.015,3.46148,4.21147,0.77191,-0.30813,67.59137,342.3699,33.06559,-0.00195,0.01041,0.00857,0.01362,0.56345
20.0834,4.09269,1.61697,-0.48351,9.5403,281.1476,356.9669,0.00557,0.00434,-0.00012,0.00707,2.73368,3.91931,0.82322,-0.54534,43.93466,302.8127,279.2369,-0.00186,0.00615,0.01839,0.01948,5.00287,4.21103,0.77211,-0.30775,67.55818,342.0704,32.75335,-0.01027,0.00694,0.01066,0.01635,2.69344
20.11673,4.09267,1.61675,-0.4838,9.54566,280.9626,356.9279,0.00099,-0.00391,-0.00654,0.00768,4.54294,3.91956,0.8233,-0.5448,43.82473,302.9016,279.2343,0.00514,0.00333,0.01678,0.01786,3.23261,4.21065,0.77226,-0.30745,67.49196,341.9741,32.81795,-0.01119,0.00529,0.00952,0.01561,3.96019
20.15006,4.09272,1.61646,-0.48398,9.73747,280.8174,356.8804,0.00139,-0.00739,-0.00565,0.0094,6.16895,3.9197,0.82336,-0.54434,43.8049,302.8981,279.3145,0.0044,0.00204,0.01459,0.01537,2.15845,4.21016,0.77231,-0.30695,67.43421,341.8119,32.763,-0.01385,0.00227,0.01347,0.01945,3.84499
20.1834,4.09266,1.61622,-0.48412,10.00913,280.705,356.6562,-0.00116,-0.00732,-0.00459,0.00872,9.32231,3.91968,0.82353,-0.54391,43.66189,302.8489,279.4434,0.00061,0.0044,0.01328,0.014,5.45654,4.2095,0.7723,-0.30638,67.30526,341.6063,32.75757,-0.01816,0.0005,0.01615,0.02431,6.31713
20.21673,4.09231,1.6162,-0.48427,10.15058,280.5576,356.5447,-0.00798,-0.00221,-0.00448,0.00942,7.19738,3.91964,0.82374,-0.54353,43.54772,302.7632,279.5946,-0.00081,0.00586,0.01194,0.01333,6.89905,4.20841,0.77288,-0.30562,67.19711,341.3642,32.70303,-0.02914,0.01299,0.02115,0.03828,6.55236
20.25007,4.0921,1.6165,-0.48453,10.29121,280.4205,356.5041,-0.00682,0.00623,-0.00689,0.01152,6.11231,3.9194,0.82421,-0.54351,43.31975,302.426,279.8909,-0.0055,0.01209,0.00335,0.0137,15.7539,4.20715,0.77364,-0.30516,67.11769,341.0161,32.70657,-0.03575,0.02037,0.01569,0.04404,9.67613
20.2834,4.09218,1.61709,-0.485,10.70922,280.2408,356.5036,0.00011,0.01475,-0.01237,0.01925,11.64289,3.9193,0.8253,-0.54377,43.15752,302.058,280.1359,-0.00357,0.02753,-0.00504,0.02822,17.13713,4.20571,0.77437,-0.3053,67.14616,340.5193,32.80488,-0.04122,0.02149,0.0008,0.04649,15.56876
20.30562,4.09212,1.61754,-0.48533,10.95077,280.1537,356.4343,-0.0012,0.01745,-0.01371,0.02222,11.60716,3.91922,0.82604,-0.54401,43.07729,301.756,280.2711,-0.00359,0.03041,-0.00789,0.03162,17.84718,4.20479,0.77483,-0.30553,67.18159,340.2506,33.11374,-0.04132,0.02131,-0.00479,0.04674,20.47797
20.32784,4.09121,1.61838,-0.48584,10.68709,279.8647,356.6055,-0.03231,0.03426,-0.02162,0.05182,16.91983,3.9195,0.82695,-0.54505,43.11752,301.3607,280.4647,0.01062,0.03724,-0.03904,0.05499,21.54913,4.20347,0.7756,-0.30598,67.16563,339.9263,33.78221,-0.05712,0.03171,-0.0157,0.06719,38.19867
20.35007,4.0908,1.61913,-0.48628,10.58866,279.5542,356.7238,-0.02537,0.034,-0.02074,0.04722,16.57039,3.91978,0.82755,-0.54572,43.20638,301.2445,280.5823,0.01158,0.03204,-0.03455,0.04852,15.74804,4.20186,0.77639,-0.30604,67.15727,339.3113,33.86945,-0.06482,0.03358,-0.00913,0.07357,34.60222
20.3834,4.08916,1.62077,-0.48783,10.25884,278.238,356.9531,-0.04322,0.04534,-0.0401,0.07437,35.85489,3.91864,0.82899,-0.54676,42.75827,300.7726,280.7467,-0.02284,0.04047,-0.03192,0.05638,19.70037,4.19857,0.77786,-0.30582,67.16342,337.8797,33.35721,-0.09012,0.04134,0.00259,0.09918,30.29734
20.41674,4.0868,1.62127,-0.48953,10.21274,276.6418,356.9073,-0.06391,0.02254,-0.04814,0.08313,44.3796,3.91611,0.83099,-0.5486,42.0786,299.4912,281.3188,-0.06257,0.0552,-0.0495,0.09701,46.50381,4.19503,0.77926,-0.30532,67.18651,336.6227,32.77718,-0.10216,0.04197,0.01198,0.1111,24.5023
20.43896,4.08472,1.62087,-0.49065,10.2059,275.2407,356.7055,-0.08687,-0.00935,-0.04961,0.10047,58.72082,3.91474,0.83224,-0.55059,41.72767,298.6322,281.5863,-0.06084,0.05404,-0.08254,0.1159,49.58413,4.19205,0.77999,-0.30525,67.22029,335.3897,32.67857,-0.12614,0.03446,0.00286,0.13079,45.56904
20.46118,4.08328,1.62089,-0.49155,10.32471,274.22,356.5783,-0.07581,-0.0041,-0.04506,0.08829,52.06539,3.91375,0.83311,-0.5528,41.49649,297.6884,281.8248,-0.05268,0.04654,-0.09093,0.11493,50.35514,4.1891,0.78068,-0.30555,67.2302,334.127,32.61647,-0.12941,0.03267,-0.00529,0.13357,49.90485
20.49451,4.08045,1.62039,-0.49316,10.73768,272.2671,356.6831,-0.08257,-0.01241,-0.04757,0.0961,58.12531,3.91248,0.83447,-0.55659,41.00757,296.1208,282.4894,-0.04179,0.04216,-0.10814,0.12336,60.36049,4.18439,0.78142,-0.30581,67.21337,332.3279,32.82797,-0.13818,0.02479,-0.00731,0.14058,57.35112
20.52785,4.07685,1.61924,-0.49547,11.12511,270.0853,356.5993,-0.10167,-0.02897,-0.06388,0.12352,64.05671,3.91301,0.83527,-0.56274,40.65043,294.2088,283.0579,0.00163,0.02869,-0.16542,0.16789,67.93534,4.1795,0.78173,-0.30568,67.2382,331.0194,33.49463,-0.14454,0.01336,0.00117,0.14516,57.93142
20.55009,4.0746,1.61821,-0.49742,11.34697,268.6722,356.2999,-0.10062,-0.04476,-0.08325,0.13805,63.3357,3.91573,0.83499,-0.56852,41.29689,292.7435,283.7157,0.08977,-0.00056,-0.23265,0.24937,89.1347,4.17544,0.78199,-0.3053,67.21038,329.9424,33.69784,-0.17464,0.0127,0.0139,0.17565,58.18364
20.57232,4.0727,1.61755,-0.49903,11.47073,267.4303,356.1546,-0.09299,-0.03735,-0.0779,0.12692,59.23981,3.91707,0.83495,-0.57341,41.83205,290.9421,284.7891,0.07505,-0.00109,-0.22638,0.2385,105.0631,4.17143,0.78223,-0.30501,67.13927,328.8013,33.88244,-0.17748,0.0116,0.01359,0.17838,58.65041
20.60566,4.06922,1.61594,-0.50234,11.5425,265.6243,355.7639,-0.10153,-0.0455,-0.09384,0.14555,54.60448,3.91909,0.83406,-0.58157,42.87158,287.5503,287.6615,0.06417,-0.02035,-0.24009,0.24935,157.2383,4.16405,0.78195,-0.30442,66.98727,326.6109,33.92957,-0.21036,-0.00328,0.01656,0.21104,65.01182
20.639,4.06492,1.61479,-0.50584,11.66483,264.3116,354.9887,-0.12211,-0.03718,-0.10227,0.16356,44.21896,3.92198,0.83256,-0.59019,44.64793,284.0608,291.1771,0.08111,-0.03883,-0.25411,0.26955,189.5556,4.15636,0.78117,-0.30306,66.72995,325.1915,34.70477,-0.22561,-0.01853,0.03474,0.22902,64.95008
20.67234,4.06004,1.61433,-0.50957,11.67979,263.5594,354.3827,-0.14048,-0.01984,-0.1096,0.17928,30.21763,3.92391,0.83193,-0.59913,45.60534,280.8665,294.4722,0.06355,-0.02386,-0.26453,0.2731,183.762,4.14934,0.7804,-0.30047,66.33363,325.521,37.33667,-0.2144,-0.02176,0.06709,0.22571,68.696
20.69456,4.05659,1.61444,-0.51365,11.52302,263.1629,354.6316,-0.16353,0.00561,-0.18939,0.25029,21.05982,3.92493,0.83155,-0.60499,46.67601,280.1597,295.2448,0.04363,-0.02706,-0.28086,0.28551,92.86464,4.14371,0.78091,-0.29715,65.94952,326.7172,39.26027,-0.2519,0.01855,0.13507,0.28642,47.08263
20.7168,4.05377,1.61401,-0.51662,11.5244,262.4248,354.5444,-0.1451,-0.00685,-0.16133,0.21709,25.237,3.92587,0.83099,-0.61067,46.94035,278.9785,296.2599,0.04312,-0.02622,-0.2682,0.2729,90.69822,4.13829,0.78138,-0.29502,65.62781,326.7196,40.07917,-0.2478,0.01981,0.1155,0.27411,42.68426
20.75013,4.0495,1.61197,-0.52447,11.54912,261.6989,355.1035,-0.13228,-0.04782,-0.21718,0.25875,28.25637,3.92565,0.82692,-0.61978,46.2052,278.5122,294.6462,0.00578,-0.09806,-0.27195,0.28915,22.18018,4.12465,0.78487,-0.29016,64.69693,326.4074,38.22673,-0.36891,0.08345,0.13829,0.40272,35.73781
20.78347,4.04522,1.61074,-0.53106,11.68869,260.7868,355.6604,-0.12933,-0.0396,-0.20254,0.24355,33.31408,3.92598,0.82067,-0.6296,46.26205,277.5522,292.9455,0.00888,-0.16522,-0.28906,0.33306,31.71208,4.10969,0.78732,-0.28862,63.96259,324.4012,36.07142,-0.42881,0.07599,0.06914,0.44094,33.26403
20.81681,4.04026,1.61104,-0.53752,12.13178,259.7534,355.9114,-0.14402,-0.00301,-0.19588,0.24315,34.82143,3.92508,0.81363,-0.64251,46.29212,275.5033,289.6868,-0.01807,-0.19965,-0.3627,0.41441,59.04225,4.09514,0.78939,-0.28891,63.18326,323.1677,35.72314,-0.43442,0.06565,0.01081,0.43948,31.95182
20.83904,4.03648,1.61243,-0.54147,12.26279,259.5233,355.4892,-0.15682,0.03729,-0.1793,0.24111,17.26896,3.92451,0.81034,-0.65312,46.31947,273.8146,286.3858,-0.02185,-0.15788,-0.44718,0.47473,93.89622,4.08655,0.79115,-0.29134,63.1466,323.0585,37.06386,-0.39475,0.07582,-0.07938,0.40973,53.58055
20.86126,4.03374,1.61223,-0.54508,12.51212,259.0768,355.4911,-0.13999,0.01402,-0.17095,0.2214,19.17998,3.92393,0.80778,-0.6626,46.24519,272.5681,283.6825,-0.02407,-0.13641,-0.43691,0.45834,91.83107,4.07768,0.79332,-0.29398,63.0041,322.1454,37.84563,-0.39708,0.08666,-0.09903,0.41832,63.88995
20.89459,4.03126,1.61174,-0.55081,13.27333,257.9136,356.4496,-0.09089,-0.00747,-0.17173,0.19445,44.63569,3.92095,0.80602,-0.67492,45.38296,271.1296,280.9659,-0.07311,-0.07379,-0.3864,0.40012,70.0736,4.06089,0.79788,-0.29947,62.4399,318.8393,36.56638,-0.47703,0.12425,-0.1483,0.51477,66.25504
20.92792,4.02722,1.61324,-0.55736,12.5912,256.6685,357.289,-0.1135,0.03181,-0.19026,0.22381,48.28605,3.91652,0.80589,-0.68623,44.47354,269.0518,280.3069,-0.11792,-0.02145,-0.35106,0.37096,48.72655,4.0418,0.80234,-0.30562,61.65583,314.3725,33.19914,-0.54888,0.13137,-0.17553,0.59105,65.72575
20.95015,4.02443,1.61459,-0.56138,11.68325,255.7059,358.1141,-0.11942,0.04888,-0.18155,0.22274,64.74702,3.91448,0.80648,-0.69344,44.98728,267.0639,280.8823,-0.09156,0.01409,-0.32759,0.34044,90.21408,4.02926,0.80441,-0.31098,61.13777,311.5467,31.74789,-0.557,0.09908,-0.22955,0.61054,77.44133
20.97238,4.02212,1.61496,-0.56508,11.47653,254.7675,358.6629,-0.11158,0.03268,-0.1738,0.2091,58.59752,3.91298,0.80612,-0.70077,45.14931,265.6631,280.4829,-0.07942,-0.00112,-0.32885,0.33831,70.38656,4.01806,0.80641,-0.31544,60.7211,309.3558,30.96865,-0.5305,0.09453,-0.21499,0.58016,74.68724
21.00572,4.01923,1.61412,-0.56977,11.70258,253.3994,358.8407,-0.09302,-0.01068,-0.14896,0.17595,44.89196,3.91,0.80817,-0.70941,45.07801,264.1162,280.493,-0.08692,0.04585,-0.27651,0.29346,52.32465,4.0026,0.80806,-0.32301,60.27826,306.6941,30.74845,-0.4803,0.06075,-0.22409,0.53347,74.55833
21.02793,4.01745,1.61214,-0.57237,12.19008,252.3921,358.0736,-0.07902,-0.08599,-0.11693,0.16526,53.99817,3.90756,0.80969,-0.71409,44.62835,263.4934,280.6966,-0.11199,0.07907,-0.20132,0.24356,42.423,3.9927,0.80911,-0.32801,59.9954,304.9902,30.45511,-0.44543,0.04138,-0.23279,0.50429,68.74157
21.05015,4.01558,1.61085,-0.57496,12.56002,251.4609,357.7305,-0.0815,-0.07202,-0.11672,0.15954,48.84652,3.90523,0.81065,-0.71891,44.30603,262.8008,280.8767,-0.10833,0.06106,-0.20905,0.24324,41.13336,3.98248,0.81069,-0.33309,59.59855,302.9834,29.89333,-0.45258,0.05625,-0.2307,0.51109,70.16857
21.07238,4.01383,1.60905,-0.57658,12.90305,250.5697,357.535,-0.0795,-0.07481,-0.084,0.13774,43.61071,3.9025,0.81206,-0.72267,43.77389,262.1076,281.6235,-0.11904,0.06397,-0.18049,0.22548,59.25421,3.97283,0.81252,-0.33884,59.18784,300.6595,28.85756,-0.43683,0.07662,-0.25277,0.51047,70.75381
21.0946,4.01199,1.60827,-0.57893,13.17548,249.5525,357.6616,-0.08119,-0.05504,-0.09492,0.13649,45.53945,3.90004,0.81325,-0.72755,43.19501,261.1786,281.9333,-0.11477,0.05895,-0.20002,0.23803,58.65086,3.96318,0.81427,-0.34415,58.78115,298.6299,28.15065,-0.43556,0.07775,-0.24589,0.50618,69.67368
21.12794,4.00997,1.60774,-0.58168,13.52325,248.3591,357.7933,-0.06577,-0.02572,-0.08549,0.11089,40.04739,3.89665,0.81532,-0.73508,42.37657,259.5451,282.3572,-0.10491,0.06126,-0.21939,0.25078,62.06921,3.94927,0.81686,-0.35225,58.20928,295.7154,27.21171,-0.42189,0.07775,-0.24371,0.49339,67.88956
21.15016,4.00932,1.60942,-0.58421,13.67748,246.8623,357.5661,-0.03548,0.04158,-0.09912,0.11319,52.93232,3.8984,0.82039,-0.74056,41.85363,256.3959,283.3897,0.03838,0.166,-0.23736,0.29218,137.6934,3.94637,0.81771,-0.35932,58.78013,293.8837,27.26561,-0.22684,0.05161,-0.29171,0.37311,81.97044
21.17238,4.00822,1.60956,-0.58636,13.8001,245.8989,357.528,-0.04235,0.02405,-0.09804,0.10947,48.0978,3.89832,0.82244,-0.74579,41.83729,254.6048,283.9643,0.0175,0.12913,-0.23632,0.26987,118.6042,3.93915,0.81918,-0.36526,58.65689,291.9484,27.04328,-0.27572,0.05874,-0.27947,0.39696,80.01671
21.20572,4.00816,1.61011,-0.58795,13.77076,244.7788,357.911,-0.01208,0.01835,-0.06023,0.06411,39.85497,3.9019,0.82516,-0.75175,42.74886,250.4774,287.2798,0.08486,0.09339,-0.19312,0.23069,183.5762,3.93097,0.8215,-0.37532,58.58805,288.3188,26.51209,-0.25299,0.06702,-0.29626,0.3953,91.70584
21.22796,4.00784,1.60981,-0.58845,13.82177,244.2341,358.3152,-0.0133,-0.00627,-0.02961,0.03306,34.59515,3.90452,0.82615,-0.75365,42.89151,249.0506,289.8399,0.11243,0.05379,-0.11021,0.16638,163.4437,3.92555,0.82231,-0.38137,58.45824,285.9106,25.78507,-0.24331,0.04139,-0.27634,0.37051,84.82963
21.25018,4.00757,1.60955,-0.58892,13.97563,243.6264,358.5169,-0.01275,-0.00903,-0.02551,0.02991,32.89877,3.90755,0.8266,-0.75615,42.82686,247.7971,290.8684,0.12445,0.03698,-0.11146,0.17111,128.5276,3.92052,0.82313,-0.38711,58.39137,283.7607,25.57351,-0.2349,0.03916,-0.26741,0.35808,86.71533
21.28352,4.00719,1.60914,-0.58948,14.26654,242.8649,358.6359,-0.01187,-0.01154,-0.01906,0.02524,27.09686,3.91231,0.82713,-0.7604,42.69099,245.8866,291.7354,0.13812,0.02112,-0.12355,0.18652,89.77724,3.91263,0.82476,-0.39565,58.23159,280.6583,25.26099,-0.23625,0.0464,-0.25891,0.35356,85.67361
21.30575,4.00719,1.60845,-0.58587,14.74787,243.6652,358.8738,-0.0105,-0.02007,0.09582,0.09846,20.81739,3.92168,0.82348,-0.76173,41.77187,245.2285,288.3887,0.33301,-0.10727,-0.08806,0.36077,62.7436,3.91028,0.8236,-0.39826,58.37593,279.2423,25.83691,-0.14819,-0.01738,-0.16116,0.21962,84.14234
21.32797,4.00626,1.60882,-0.58348,14.61454,244.0903,359.205,-0.02625,-0.00189,0.10184,0.10519,18.73548,3.92798,0.82184,-0.76439,41.95419,243.3443,288.2628,0.30845,-0.09071,-0.10408,0.33794,50.38038,3.90621,0.8241,-0.40267,58.38293,277.4066,25.86515,-0.16574,0.00269,-0.17972,0.2445,83.86902
21.3613,4.00508,1.60988,-0.57852,14.36269,245.2998,359.3471,-0.03311,0.02357,0.13701,0.14291,30.78593,3.93981,0.81804,-0.76748,42.84814,240.1941,288.0414,0.34326,-0.10811,-0.09539,0.37231,80.11045,3.90103,0.82409,-0.4077,58.41169,275.0508,26.58832,-0.15797,0.00035,-0.15816,0.22354,88.32365
21.38352,4.00406,1.61111,-0.57215,14.02197,247.3141,359.5111,-0.04231,0.04592,0.23848,0.24652,69.9011,3.95041,0.81409,-0.76765,43.84211,238.2613,287.4734,0.43148,-0.15255,-0.03242,0.4588,77.93679,3.89813,0.82389,-0.40945,58.23281,273.7588,27.76244,-0.13926,-0.00377,-0.10103,0.17209,100.2738
21.40575,4.00303,1.61205,-0.56726,13.74419,248.7142,359.754,-0.04446,0.04406,0.22924,0.23763,66.18663,3.95964,0.8111,-0.76817,44.13718,236.5114,286.6753,0.42328,-0.14345,-0.0279,0.4478,68.91815,3.89492,0.824,-0.4108,57.99133,272.84,28.88694,-0.14185,0.00073,-0.08091,0.16331,94.5349
21.42797,4.00206,1.61275,-0.56021,13.48825,250.6187,359.9709,-0.04051,0.03284,0.29806,0.30259,79.94239,3.97031,0.80744,-0.76701,44.51234,235.0416,285.3248,0.46149,-0.15715,0.03142,0.48852,52.81804,3.89164,0.82431,-0.41017,57.82421,272.4896,29.73228,-0.1473,0.01255,-0.00572,0.14795,63.3655
21.45018,4.00157,1.61337,-0.5549,13.42037,251.9171,0.05755,-0.03135,0.03049,0.26843,0.27197,68.77351,3.98073,0.80413,-0.7654,45.08936,233.9602,284.1907,0.46526,-0.15288,0.05207,0.4925,48.51274,3.88813,0.82502,-0.41027,57.58808,271.7052,30.1321,-0.15255,0.02225,-0.00507,0.15425,57.76339
21.47239,4.00126,1.61497,-0.54841,13.36579,253.196,0.18774,-0.02075,0.0621,0.27985,0.28741,57.45247,3.99152,0.80109,-0.76307,45.7749,232.7545,282.9451,0.47956,-0.13873,0.09106,0.50746,50.72803,3.88461,0.82609,-0.40871,57.35278,271.2899,30.10495,-0.15668,0.04251,0.05839,0.17253,26.33156
21.49461,4.00091,1.61563,-0.54294,13.00041,254.1752,0.16646,-0.01816,0.04576,0.26285,0.26742,51.81917,4.00202,0.79861,-0.76084,46.45552,231.3638,281.9833,0.47618,-0.12521,0.09561,0.50156,51.29128,3.88156,0.82689,-0.40723,57.32304,270.9801,30.2124,-0.14715,0.03918,0.06236,0.16455,22.01103
21.52794,4.00091,1.61555,-0.53494,12.76681,255.2664,0.24308,-0.00465,0.00973,0.24579,0.24603,37.74842,4.01703,0.79514,-0.75582,47.652,229.9226,280.639,0.4568,-0.10937,0.13682,0.48923,47.81559,3.87729,0.82849,-0.40484,57.17958,270.2154,29.92604,-0.13275,0.04577,0.06936,0.15662,17.90428
21.56127,4.00118,1.61521,-0.52702,12.6962,256.0948,0.34457,0.00501,-0.00517,0.2397,0.23981,27.71507,4.02943,0.79171,-0.75046,48.3597,228.9678,279.8358,0.39315,-0.10443,0.15481,0.43525,33.48386,3.87273,0.83005,-0.40227,56.77037,269.1079,28.6338,-0.13588,0.04673,0.07538,0.16226,20.10912
21.5835,4.00102,1.61477,-0.5221,12.71529,256.1845,0.64722,-0.00662,-0.01202,0.2253,0.22571,13.6192,4.03464,0.79036,-0.74672,48.24757,228.7654,280.1667,0.28403,-0.07088,0.15921,0.33323,20.37224,3.87161,0.82934,-0.39971,56.87905,268.4504,27.63294,-0.06817,-0.01243,0.10042,0.12201,19.91852
21.60572,4.00029,1.61523,-0.5176,12.69457,256.0973,1.00534,-0.01975,0.00449,0.21393,0.21489,13.25279,4.03985,0.79003,-0.74394,47.91165,228.0368,280.2341,0.2594,-0.04303,0.14212,0.29889,28.32239,3.87129,0.82831,-0.39754,57.17449,267.9255,27.4873,-0.0413,-0.02937,0.09908,0.11129,16.27761
21.62794,3.99914,1.61694,-0.51378,12.71674,255.6356,0.94899,-0.04328,0.0598,0.18167,0.1961,14.60127,4.04526,0.79173,-0.74241,47.65916,225.7896,279.745,0.25114,0.05578,0.0837,0.27054,78.67015,3.87416,0.82604,-0.39435,57.97111,267.6877,28.33311,0.09748,-0.08513,0.13755,0.18886,49.74391
21.65017,3.99857,1.6177,-0.50948,12.74794,255.6312,0.74252,-0.03426,0.04683,0.18759,0.19636,8.20978,4.05199,0.79238,-0.73995,47.83212,224.0729,279.4028,0.27707,0.04258,0.09702,0.29664,72.48276,3.87506,0.82503,-0.39167,58.34729,267.4371,28.99517,0.06899,-0.06522,0.12897,0.16015,46.20561
21.68351,3.99821,1.61732,-0.50297,12.91301,255.6147,0.12534,-0.01671,0.0032,0.19323,0.19398,15.37233,4.05948,0.7957,-0.73387,48.35358,222.0409,280.291,0.23767,0.08532,0.16109,0.29953,80.05362,3.87869,0.82388,-0.38712,58.67305,267.1278,31.20447,0.09902,-0.04209,0.13467,0.17238,67.01197
21.71684,3.99807,1.61622,-0.49591,13.23484,256.019,359.8589,-0.00742,-0.02398,0.20732,0.20884,16.55511,4.06381,0.79707,-0.72598,48.35194,221.8231,282.111,0.15696,0.05209,0.21793,0.27357,62.73372,3.8803,0.82369,-0.38376,58.5964,265.9785,31.21142,0.06086,-0.01482,0.10921,0.1259,41.3525
21.73906,3.99778,1.61557,-0.49089,13.57723,256.6922,0.11752,-0.01239,-0.02758,0.22078,0.22284,28.50612,4.06401,0.79699,-0.719,47.83796,223.428,283.2379,0.04237,0.00909,0.29434,0.29752,40.7571,3.88132,0.8236,-0.38142,58.57722,265.0816,30.18533,0.05157,-0.00802,0.10967,0.12146,18.46415
21.76128,3.99734,1.61523,-0.48624,13.68599,257.187,0.30788,-0.01606,-0.02158,0.21508,0.21676,25.23693,4.066,0.79754,-0.71305,47.52588,224.5892,283.802,0.06585,0.01708,0.28111,0.28923,39.18142,3.88271,0.82295,-0.37835,58.7083,264.7372,30.01224,0.05713,-0.01868,0.12388,0.13769,13.77616
21.7835,3.997,1.61505,-0.48214,13.70642,257.514,0.3942,-0.01445,-0.01026,0.19176,0.19258,16.15942,4.06837,0.79882,-0.7088,47.36895,224.7039,283.6433,0.10218,0.04752,0.20722,0.23588,12.04558,3.88528,0.82181,-0.37478,59.11121,264.8118,30.06516,0.10195,-0.04232,0.14799,0.18462,15.85622
21.80571,3.99675,1.61502,-0.47817,13.79958,257.6906,0.40494,-0.01284,-0.00601,0.18534,0.18588,12.37707,4.07111,0.80052,-0.70593,47.02202,223.7964,283.5989,0.11263,0.06183,0.16813,0.21161,19.80756,3.8881,0.82055,-0.37197,59.74448,264.2493,29.28049,0.11463,-0.04961,0.13718,0.18552,24.48302
21.83905,3.9965,1.61521,-0.47347,13.74071,257.5856,0.20272,-0.00883,0.00281,0.15189,0.15217,4.19151,4.07379,0.80479,-0.70372,46.2421,221.3866,284.5306,0.08841,0.11154,0.09177,0.16935,77.58611,3.89366,0.81689,-0.36864,61.10783,262.9813,27.28592,0.15363,-0.0946,0.1092,0.21089,45.21212
21.86127,3.99649,1.61504,-0.47118,13.63269,257.4283,359.9434,-0.00175,-0.00627,0.11363,0.11381,10.38873,4.07518,0.80829,-0.70275,45.92864,219.6928,286.2627,0.06899,0.14483,0.06001,0.17128,122.1715,3.89954,0.81182,-0.36757,62.54252,262.1211,26.7903,0.24258,-0.20195,0.05964,0.32122,61.57491
21.88349,3.99664,1.6146,-0.46856,13.7352,257.3176,359.9847,0.00263,-0.01313,0.11573,0.1165,5.54654,4.07653,0.81153,-0.70042,45.40292,219.0832,287.5579,0.06493,0.14532,0.08225,0.17916,102.27,3.90412,0.80812,-0.36616,63.45166,261.4539,27.00859,0.22436,-0.1842,0.0615,0.29673,56.77974
21.91681,3.99761,1.61294,-0.4656,14.19015,256.8863,0.04846,0.02244,-0.04061,0.0956,0.10626,15.16253,4.07856,0.81648,-0.69681,44.51674,218.7971,289.296,0.06185,0.14787,0.10191,0.18994,72.86132,3.91118,0.80175,-0.36515,64.42278,260.9035,29.57297,0.21492,-0.18936,0.03816,0.28897,82.55015
21.93903,3.99934,1.61115,-0.46537,14.66477,256.264,359.9469,0.06451,-0.0671,0.03034,0.0979,29.5211,4.08033,0.81954,-0.69488,43.73544,219.2352,290.3749,0.07761,0.13801,0.08799,0.18115,53.99075,3.91421,0.79797,-0.36596,64.36928,260.6996,32.43957,0.14663,-0.17181,-0.02237,0.22698,120.7512
21.96126,4.00047,1.61035,-0.46444,14.8794,255.7649,359.8616,0.05787,-0.05161,0.03596,0.08547,26.52008,4.08263,0.82216,-0.69315,43.1698,218.9357,291.3895,0.09067,0.12803,0.08271,0.17736,56.62812,3.91633,0.79499,-0.36628,64.64434,260.3084,33.45946,0.12116,-0.15294,-0.01836,0.19598,91.80998
21.98347,4.00257,1.60961,-0.4658,15.03656,254.7088,359.6758,0.08157,-0.038,-0.02788,0.09421,39.02305,4.08666,0.82356,-0.69312,43.08046,217.9557,292.5926,0.15696,0.08003,0.02521,0.17798,78.54301,3.91676,0.79317,-0.36738,64.93752,259.8922,33.23786,0.04451,-0.09712,-0.04199,0.11479,29.89842
22.0057,4.00457,1.60906,-0.46687,15.19658,253.7206,359.4502,0.08573,-0.03155,-0.03802,0.09895,41.25686,4.09141,0.82412,-0.69327,43.38359,216.6743,293.5688,0.18527,0.05275,0.00934,0.19286,85.4425,3.91594,0.79268,-0.36909,65.1939,259.5231,32.40503,0.00376,-0.05969,-0.0594,0.08429,14.10121
22.03903,4.00853,1.60884,-0.46981,15.49328,251.9272,359.5107,0.11049,-0.01268,-0.07562,0.13449,51.33242,4.09958,0.82375,-0.69426,44.55426,214.0794,294.7444,0.2301,0.00486,-0.02016,0.23103,103.7788,3.91211,0.7947,-0.37272,64.8398,259.9924,31.82454,-0.08515,0.03066,-0.09653,0.13232,22.86336
22.06126,4.01258,1.60955,-0.47338,15.53518,250.1625,359.7882,0.17866,0.02965,-0.16041,0.24193,82.19813,4.10513,0.82276,-0.69726,45.97711,211.3082,296.8394,0.24077,-0.02673,-0.10672,0.26471,184.2434,3.90765,0.79992,-0.37869,64.24889,259.3542,29.65306,-0.1647,0.18435,-0.23231,0.33923,63.88805
22.08348,4.01575,1.60997,-0.4757,15.53594,248.7945,359.7863,0.16068,0.02424,-0.1325,0.20967,71.71868,4.10932,0.82355,-0.69913,46.55096,209.2666,297.944,0.2147,0.00422,-0.0955,0.23502,159.2722,3.90522,0.80383,-0.38441,63.8182,257.5783,27.12485,-0.13711,0.18021,-0.24476,0.33344,59.356
22.11681,4.02102,1.61119,-0.48017,15.16257,246.566,359.7289,0.1587,0.03353,-0.13371,0.21021,68.16277,4.1136,0.82547,-0.7027,46.69276,207.6622,299.5114,0.14994,0.04436,-0.10436,0.18799,105.5134,3.90237,0.81213,-0.3973,62.92561,252.7411,22.42082,-0.09845,0.23175,-0.35133,0.43224,63.73312
22.13903,4.02542,1.6124,-0.48363,14.71105,245.1035,359.7718,0.18905,0.04754,-0.14853,0.24508,68.53911,4.11576,0.82649,-0.70537,46.22054,207.0903,299.1441,0.1127,0.04458,-0.1126,0.16543,38.9807,3.90114,0.81753,-0.40706,61.90537,250.0772,21.63638,-0.06525,0.23512,-0.41038,0.47744,82.62421
22.16125,4.02949,1.61297,-0.48644,14.46893,243.7217,359.8403,0.18615,0.03662,-0.13736,0.23423,66.21464,4.11813,0.82725,-0.70761,45.94033,206.4037,299.0041,0.10963,0.03953,-0.10676,0.15805,34.0159,3.90006,0.82187,-0.41552,61.03544,247.9483,21.07234,-0.05689,0.21525,-0.39567,0.45401,83.13638
22.19457,4.03614,1.61331,-0.49111,14.26274,241.5344,359.8111,0.19616,0.01681,-0.13945,0.24126,65.73551,4.12133,0.82759,-0.71081,45.90517,205.3745,299.187,0.09941,0.01734,-0.0986,0.14108,34.37426,3.89951,0.82658,-0.42882,60.09948,244.4848,20.14942,-0.02657,0.15985,-0.39807,0.42979,84.75516
22.21679,4.0407,1.61306,-0.49488,14.33927,240.041,359.5541,0.20119,-0.00506,-0.16128,0.25791,65.33731,4.12291,0.82761,-0.71232,45.84636,205.2099,299.2144,0.07992,0.0047,-0.07144,0.1073,12.82261,3.89922,0.82824,-0.43679,59.75655,242.8345,20.04998,-0.01797,0.09667,-0.36625,0.37922,74.5752
22.23901,4.0451,1.61259,-0.49845,14.49457,238.514,359.3696,0.1996,-0.01304,-0.16116,0.25687,66.35272,4.12458,0.8277,-0.71349,45.8769,205.3666,299.4428,0.07763,0.00436,-0.06201,0.09946,7.29786,3.8986,0.82963,-0.44405,59.35458,241.7762,20.63406,-0.02283,0.07958,-0.34647,0.35622,73.68324
22.26123,4.04985,1.61106,-0.5028,15.1202,236.7964,359.1896,0.21033,-0.05858,-0.18901,0.28878,77.52113,4.12659,0.8278,-0.71536,45.46796,205.2718,299.4753,0.08992,0.00322,-0.078,0.11909,13.9104,3.89755,0.82939,-0.45027,59.02168,241.6091,22.14757,-0.04291,0.01205,-0.29508,0.29843,71.755
22.28346,4.05441,1.60999,-0.50683,15.48723,235.2335,359.0279,0.20771,-0.05338,-0.18522,0.28338,74.07965,4.12893,0.82805,-0.71709,45.23581,205.0672,299.6582,0.09753,0.00733,-0.07806,0.12513,16.19727,3.89658,0.83043,-0.45702,58.62131,240.8382,22.72476,-0.04321,0.0294,-0.29954,0.30407,66.24086
22.31679,4.06122,1.6088,-0.51344,15.92259,232.9465,358.9659,0.20517,-0.04011,-0.19494,0.28585,70.45434,4.13316,0.8288,-0.7192,45.29931,205.2255,300.7737,0.11952,0.01861,-0.06697,0.13826,25.29536,3.89443,0.83028,-0.46561,58.18045,240.9048,24.44053,-0.05908,0.0039,-0.26818,0.27464,54.83611
22.33901,4.06638,1.60797,-0.51884,16.09128,231.1708,358.9713,0.23233,-0.03991,-0.243,0.33855,80.70647,4.13802,0.82834,-0.72023,46.30693,204.9845,301.6671,0.21472,-0.01711,-0.04652,0.22037,63.25001,3.89284,0.82907,-0.47039,57.99422,241.4473,25.06275,-0.0728,-0.05695,-0.21346,0.23261,18.6725
22.36123,4.07159,1.60702,-0.52381,16.18814,229.3211,358.8854,0.23352,-0.04148,-0.23328,0.33267,81.49059,4.14245,0.82822,-0.72158,46.70254,204.7518,302.1366,0.20701,-0.01124,-0.05362,0.21414,48.62608,3.89208,0.82811,-0.4756,58.11565,241.5154,25.2233,-0.05339,-0.05011,-0.22395,0.23561,10.68626
22.38345,4.0779,1.60659,-0.53091,16.39561,226.5192,358.7567,0.27285,-0.02085,-0.30479,0.4096,117.2005,4.14961,0.82788,-0.72308,46.96958,204.369,302.1003,0.30076,-0.01325,-0.0675,0.30853,27.01229,3.89261,0.82586,-0.48057,58.33542,241.5936,25.33301,0.0093,-0.09177,-0.22182,0.24024,9.60549
22.40567,4.08388,1.60566,-0.53703,16.61775,224.1679,358.4265,0.27086,-0.03135,-0.29001,0.39806,110.0102,4.15613,0.82814,-0.72452,47.42839,204.16,303.0922,0.29706,-0.00086,-0.06617,0.30435,40.53779,3.89338,0.82388,-0.48544,58.52959,241.8956,26.12855,0.02192,-0.09051,-0.22066,0.2395,17.78878
22.4279,4.08985,1.60493,-0.54274,16.87531,222.0082,357.9886,0.26976,-0.0321,-0.27341,0.38543,101.8825,4.16409,0.82823,-0.72602,48.52489,203.4124,304.438,0.32749,0.00165,-0.06673,0.33423,70.88138,3.89501,0.8219,-0.49043,58.74194,242.1823,26.66317,0.04766,-0.08981,-0.22259,0.24471,17.5725
22.45013,4.09576,1.60461,-0.54799,17.00577,220.2125,357.6697,0.26784,-0.02335,-0.25497,0.37053,89.95612,4.17104,0.82855,-0.72764,49.44908,202.8863,306.0806,0.32028,0.0081,-0.06984,0.32791,86.29955,3.89663,0.82011,-0.4956,58.97689,242.2804,26.84524,0.06033,-0.08518,-0.22747,0.25028,13.94202
22.47234,4.1013,1.60417,-0.55261,16.99521,218.6544,357.6384,0.25871,-0.02146,-0.23139,0.34775,79.57117,4.17769,0.82923,-0.72945,50.19955,201.9217,307.576,0.30966,0.01939,-0.07581,0.31939,97.65076,3.89931,0.81829,-0.50104,59.33878,242.1236,26.54334,0.09042,-0.08344,-0.23621,0.26633,12.94838
22.49457,4.10683,1.60364,-0.55701,17.07813,217.1021,357.6357,0.25372,-0.02272,-0.21478,0.3332,74.64439,4.18405,0.82953,-0.73121,50.99922,201.504,309.254,0.29799,0.01626,-0.07736,0.3083,97.56659,3.90358,0.81638,-0.50721,59.93816,241.3199,25.7442,0.14125,-0.08468,-0.25687,0.30513,21.97825
22.5279,4.11505,1.60377,-0.56234,16.88893,215.0894,357.5787,0.24829,-0.00284,-0.17353,0.30294,63.66124,4.19694,0.83027,-0.73646,50.80828,198.9712,307.4474,0.36452,0.02081,-0.13748,0.39014,47.92717,3.91515,0.81301,-0.51844,60.53696,239.1481,26.43646,0.29565,-0.09692,-0.31692,0.44411,65.94863
22.56123,4.12326,1.60355,-0.5685,16.70218,212.6853,357.371,0.24738,-0.00467,-0.17911,0.30545,67.20252,4.20852,0.83184,-0.74092,50.35698,198.1982,309.1393,0.35603,0.034,-0.13568,0.38252,54.80579,3.92462,0.81041,-0.52916,60.62902,237.5872,28.22723,0.28991,-0.08759,-0.31923,0.44003,80.60824
22.59457,4.13084,1.60308,-0.57379,16.48482,210.6936,357.2839,0.23231,-0.01162,-0.16383,0.2845,61.34282,4.22147,0.83183,-0.74582,49.93246,196.5059,311.4142,0.38027,0.00824,-0.14422,0.40678,97.92194,3.93612,0.80891,-0.54119,60.43308,235.1798,29.73478,0.33125,-0.0555,-0.3505,0.48544,105.3003
22.6279,4.13721,1.60258,-0.57838,16.41713,209.2839,357.4826,0.2014,-0.01417,-0.14432,0.24817,48.46448,4.23564,0.83093,-0.75026,49.33133,193.4783,311.2892,0.41378,-0.01814,-0.13583,0.43588,90.38435,3.94682,0.80802,-0.55368,60.30894,232.2285,29.27205,0.3236,-0.03391,-0.36878,0.4918,83.2317
22.66123,4.1429,1.60189,-0.58272,16.36319,207.93,357.7976,0.17843,-0.0191,-0.1336,0.22372,45.22795,4.25195,0.82697,-0.75236,49.34861,189.2805,306.6683,0.47062,-0.09371,-0.08127,0.48669,75.8082,3.95773,0.80725,-0.56614,60.34806,228.9105,27.52209,0.32624,-0.02592,-0.3725,0.49585,64.25898
22.69457,4.14916,1.60098,-0.58714,16.63639,206.1414,357.5552,0.18535,-0.02521,-0.1329,0.22946,50.25516,4.26539,0.82533,-0.75202,49.88921,188.6599,306.2671,0.41985,-0.06041,-0.01255,0.42436,29.62322,3.96807,0.80606,-0.57707,60.38566,226.5798,27.11964,0.31413,-0.03314,-0.33896,0.46332,60.60231
22.7279,4.15421,1.60007,-0.59042,16.98238,204.6468,357.0406,0.15999,-0.02693,-0.10697,0.19433,45.31858,4.27936,0.82382,-0.75177,50.10095,187.4358,305.1319,0.41948,-0.04896,0.00227,0.42234,26.15932,3.97801,0.8047,-0.58709,60.54509,224.9839,27.55897,0.3024,-0.03896,-0.31011,0.4349,59.64737
22.75012,4.15995,1.60033,-0.59339,16.50445,202.7154,356.1338,0.21555,0.01082,-0.11616,0.24509,70.74213,4.29016,0.82128,-0.7502,50.02919,185.4906,301.0844,0.46831,-0.09294,0.03906,0.47904,88.38592,3.98335,0.80496,-0.59307,60.26393,224.374,27.65695,0.26062,-0.00038,-0.28791,0.38835,36.54613
22.77234,4.16412,1.6009,-0.59577,15.89808,201.4587,355.7947,0.2016,0.01822,-0.11166,0.23118,65.32317,4.30091,0.8196,-0.7508,50.04364,183.1007,299.3271,0.47592,-0.08432,0.00587,0.48337,68.78929,3.98964,0.80472,-0.59994,60.31772,222.8244,26.55063,0.27176,-0.00568,-0.29869,0.40385,34.31184
22.80568,4.17011,1.60176,-0.59891,14.9844,199.7757,355.4034,0.18523,0.02381,-0.09846,0.21112,58.06734,4.3167,0.81802,-0.75183,50.19353,180.1541,298.2701,0.47432,-0.05657,-0.02164,0.47817,60.23661,3.99923,0.80428,-0.60984,60.45897,220.3656,24.5659,0.28373,-0.01123,-0.29739,0.41118,35.38977
22.8279,4.17328,1.60412,-0.60029,13.93401,199.002,355.4536,0.14965,0.08714,-0.07065,0.18702,54.99043,4.32861,0.81697,-0.75161,49.98418,177.9129,297.0105,0.52157,-0.0571,0.01047,0.52479,64.19975,4.00613,0.8041,-0.61472,60.35254,218.7833,24.76363,0.30234,-0.01021,-0.23443,0.38271,67.47791
22.85012,4.17684,1.60572,-0.60193,13.42353,198.11,355.4564,0.15498,0.07954,-0.0722,0.18857,50.14107,4.34075,0.81489,-0.7508,49.63014,175.1513,293.8475,0.53394,-0.07534,0.02337,0.53973,75.3533,4.01238,0.80372,-0.61957,60.40009,217.7042,24.95474,0.29185,-0.01379,-0.2264,0.36963,61.75544
22.88346,4.18195,1.60882,-0.60377,12.40383,196.9847,355.4825,0.15374,0.08975,-0.05958,0.18773,46.78693,4.36084,0.81086,-0.74799,49.07316,169.5596,287.2245,0.58543,-0.10942,0.06906,0.59956,116.7047,4.02071,0.80361,-0.62507,60.57166,216.8864,26.05357,0.26031,-0.00592,-0.18036,0.31674,56.90736
22.90568,4.18499,1.61103,-0.60414,11.63285,196.451,355.7219,0.13782,0.09919,-0.01957,0.17092,45.06749,4.37375,0.80752,-0.74354,49.0732,166.5222,283.0894,0.57046,-0.13179,0.16276,0.60769,116.2899,4.02553,0.80514,-0.62858,60.61654,215.5446,25.23401,0.23132,0.04852,-0.16925,0.29071,36.93539
22.9279,4.18845,1.61247,-0.60514,10.9879,195.5674,355.9438,0.14668,0.082,-0.03226,0.17111,47.91599,4.38558,0.80543,-0.7409,49.1385,163.9817,280.5702,0.55144,-0.11303,0.14074,0.58023,96.24932,4.0311,0.80568,-0.63295,60.6954,214.1578,24.57673,0.24087,0.03636,-0.18301,0.30469,38.239
22.96124,4.19375,1.61437,-0.60599,9.94901,194.2336,356.1428,0.15602,0.06329,-0.0272,0.17055,50.81058,4.39929,0.80288,-0.73503,49.57489,162.453,279.6412,0.44643,-0.08548,0.16731,0.48436,44.18584,4.038,0.80706,-0.63903,60.59872,211.7637,23.16571,0.21558,0.04033,-0.18254,0.28534,39.93867
22.99457,4.19883,1.61533,-0.60724,9.28652,192.9778,356.0079,0.15334,0.03728,-0.03487,0.16161,43.92807,4.41053,0.80075,-0.72971,49.72189,161.7717,279.6882,0.36443,-0.06944,0.16165,0.40467,23.93147,4.04326,0.80746,-0.64435,60.31782,210.4052,23.2078,0.1721,0.01905,-0.16546,0.2395,40.96375
23.01679,4.20174,1.61535,-0.60815,9.12324,192.3234,355.7745,0.13665,0.01388,-0.04005,0.14308,33.19872,4.4173,0.7992,-0.72581,50.25415,160.821,279.4843,0.3231,-0.0695,0.16896,0.37117,36.55559,4.04498,0.80752,-0.64686,60.27689,210.4467,23.70149,0.1065,0.00807,-0.1292,0.16763,23.17897
23.03901,4.20481,1.61605,-0.60911,8.68243,191.5653,355.8218,0.1373,0.02271,-0.0415,0.14523,36.11267,4.42442,0.79807,-0.72296,50.24371,159.8418,279.0801,0.32178,-0.06014,0.14857,0.35949,33.25908,4.04682,0.80806,-0.64976,60.20223,210.3935,23.85925,0.09466,0.01631,-0.12983,0.1615,16.35169
23.07234,4.20893,1.61719,-0.61028,8.06416,190.5775,355.9169,0.12719,0.03141,-0.03687,0.1361,35.50331,4.43328,0.79797,-0.721,49.24286,158.9182,279.6591,0.2799,-0.01728,0.08118,0.29195,43.83284,4.04901,0.80976,-0.65404,60.04586,210.5559,23.91995,0.07272,0.04227,-0.12865,0.1537,4.76733
23.10568,4.21295,1.61844,-0.61186,7.35176,189.667,355.9816,0.12212,0.03594,-0.04476,0.13493,35.02534,4.43922,0.8008,-0.723,47.9891,155.5206,282.9628,0.20353,0.0594,-0.0246,0.21345,154.2342,4.05207,0.8128,-0.65885,60.30313,210.3416,23.04384,0.08725,0.07889,-0.14054,0.18327,15.88636
23.1279,4.21626,1.61951,-0.61333,6.85657,188.6463,356.4865,0.14307,0.04541,-0.06101,0.16203,52.04359,4.44042,0.80392,-0.72485,48.48257,153.2116,287.0815,0.08677,0.12206,-0.06843,0.16465,231.9543,4.05547,0.81698,-0.66282,60.47537,208.7911,20.44991,0.14141,0.16481,-0.17011,0.27586,48.66848
23.15013,4.21957,1.62045,-0.61477,6.44577,187.6338,356.7171,0.14607,0.04374,-0.06301,0.16498,51.54647,4.44134,0.80671,-0.72624,48.64601,151.6218,289.5947,0.06402,0.12379,-0.06534,0.15392,202.692,4.05946,0.8216,-0.66753,60.26489,206.707,17.90422,0.16043,0.18638,-0.19105,0.31141,51.64696
23.18346,4.22459,1.62084,-0.61735,6.26382,186.0203,356.7525,0.14933,0.01986,-0.0738,0.16775,48.81985,4.43704,0.81563,-0.73322,47.46288,151.0186,295.818,-0.0807,0.23161,-0.17348,0.30042,201.5117,4.06618,0.83092,-0.6765,59.32563,203.9381,14.59735,0.19127,0.25623,-0.24968,0.40568,54.7346
23.21679,4.22952,1.62037,-0.6204,6.52252,184.2819,356.7144,0.14828,-0.0057,-0.08705,0.17204,51.09414,4.42629,0.82903,-0.74615,45.25782,153.9919,307.8814,-0.26192,0.35936,-0.33433,0.55634,280.7947,4.07316,0.84425,-0.68849,57.67353,201.6989,9.45663,0.20504,0.36407,-0.33219,0.53379,97.97555
23.23902,4.23275,1.62001,-0.62285,6.713,183.0696,356.7343,0.1446,-0.0108,-0.10198,0.17728,53.36636,4.42022,0.83864,-0.75473,44.80344,152.1546,313.902,-0.25088,0.3952,-0.3501,0.58454,305.5182,4.07997,0.86061,-0.70082,54.42394,199.0802,2.87712,0.28528,0.6489,-0.49728,0.86587,211.8769
23.26124,4.23582,1.62001,-0.62489,6.67653,181.9796,356.7765,0.14133,-0.00539,-0.09699,0.1715,51.20962,4.41574,0.845,-0.75963,45.90224,149.0232,315.5201,-0.22612,0.3406,-0.28522,0.49849,248.8088,4.08493,0.87078,-0.70875,53.35339,198.0985,359.2158,0.25417,0.55316,-0.42726,0.74373,174.3375
23.29457,4.23973,1.61944,-0.62865,7.05048,180.6972,356.6917,0.12344,-0.01399,-0.10877,0.16512,42.40149,4.40497,0.85781,-0.77191,46.98216,148.173,320.064,-0.29885,0.37336,-0.34774,0.5913,180.8057,4.089,0.8859,-0.72043,53.51056,201.9343,357.2135,0.15509,0.4785,-0.36954,0.62416,158.1821
23.3168,4.24116,1.61924,-0.63187,6.94921,180.4247,356.7832,0.08023,-0.00974,-0.13446,0.15688,21.65786,4.39393,0.87036,-0.78345,47.40914,150.3178,326.9193,-0.44737,0.51229,-0.46555,0.82421,230.2382,4.09473,0.89817,-0.72967,53.33699,202.5774,355.726,0.23981,0.50892,-0.37504,0.67614,115.9664
23.33903,4.24277,1.61912,-0.63482,6.85722,179.9208,357.1577,0.07627,-0.00746,-0.13358,0.154,25.37237,4.38448,0.88069,-0.79217,48.12069,151.2698,332.6239,-0.43633,0.48855,-0.42898,0.783,229.4439,4.10302,0.90761,-0.73625,55.23681,198.5314,347.6803,0.30634,0.467,-0.33563,0.6516,176.695
23.37237,4.24415,1.61866,-0.63961,7.11719,179.3916,357.6704,0.05016,-0.01226,-0.14111,0.15026,24.20578,4.3673,0.89707,-0.80601,49.60539,153.5814,341.3241,-0.49562,0.49051,-0.41838,0.8132,220.7086,4.1144,0.93122,-0.74938,51.03366,192.109,335.934,0.33261,0.64781,-0.37915,0.821,230.6305
23.3946,4.24421,1.61759,-0.64308,7.67332,179.3298,357.7336,0.01579,-0.03987,-0.15167,0.15762,21.18197,4.35445,0.90571,-0.81199,54.04982,153.212,347.3749,-0.55963,0.40702,-0.2992,0.7539,320.0181,4.11984,0.94517,-0.75671,47.2777,191.7245,335.3522,0.28117,0.61212,-0.33366,0.75172,154.568
23.41682,4.24488,1.61672,-0.64623,7.97906,179.0688,357.839,0.02302,-0.03939,-0.14676,0.15369,19.86383,4.34341,0.91432,-0.81873,56.42523,154.2331,353.6123,-0.52834,0.39734,-0.30134,0.72652,292.7013,4.12384,0.95709,-0.76386,45.55973,192.4668,334.9088,0.23039,0.5742,-0.32765,0.7001,119.6249
23.45016,4.24477,1.6149,-0.65153,8.34115,178.5314,358.2123,0.00333,-0.05097,-0.15594,0.1641,22.15218,4.32273,0.92665,-0.82796,60.03299,157.2899,0.85881,-0.59717,0.37663,-0.28296,0.76061,209.1461,4.12743,0.97224,-0.77251,44.73734,192.7943,329.7381,0.13855,0.4844,-0.2767,0.57481,141.7681
23.47239,4.24366,1.61402,-0.6559,8.32705,177.9442,358.5052,-0.03629,-0.04054,-0.1864,0.19418,26.74928,4.30885,0.93521,-0.83324,60.7225,157.243,0.54377,-0.61079,0.39714,-0.2519,0.77087,57.78253,4.13242,0.98091,-0.7778,42.98951,188.5949,323.1534,0.19445,0.41485,-0.24793,0.52095,168.701
23.49463,4.24303,1.61349,-0.6599,8.35291,177.467,358.5923,-0.03235,-0.03216,-0.18315,0.18875,24.41676,4.29598,0.94591,-0.83966,60.13937,159.0451,4.35622,-0.59476,0.43916,-0.2703,0.78719,75.56993,4.13496,0.98997,-0.78277,40.89832,188.9377,323.1334,0.15451,0.41114,-0.23568,0.49845,115.5162
23.52798,4.24107,1.61254,-0.66606,8.4383,176.7061,358.7596,-0.05206,-0.02941,-0.18436,0.19382,24.23715,4.27245,0.96338,-0.85028,57.14101,166.7727,9.83156,-0.67796,0.50269,-0.30641,0.89789,117.4918,4.13405,0.99563,-0.78735,39.96475,190.3844,325.5229,0.01798,0.23017,-0.16196,0.28201,47.78935
23.55022,4.23846,1.61166,-0.67061,8.57371,176.1512,358.7234,-0.10898,-0.03726,-0.20272,0.23315,24.6832,4.26285,0.97185,-0.85457,56.09204,169.1684,12.34355,-0.45608,0.39143,-0.20798,0.636,73.95712,4.13468,0.98843,-0.78617,46.2929,184.6692,316.304,0.01741,-0.19596,0.01793,0.19755,317.73
23.57244,4.23644,1.61095,-0.675,8.66768,175.7282,358.6613,-0.10001,-0.03451,-0.20013,0.22637,21.95514,4.25564,0.98044,-0.85924,55.65208,168.6511,13.5541,-0.39021,0.38896,-0.20909,0.5893,62.86133,4.13318,0.98885,-0.78667,47.79523,182.3428,308.8309,-0.025,-0.08865,-0.00213,0.09214,285.9239
23.60579,4.23126,1.61034,-0.6826,8.45291,175.3311,358.4817,-0.14158,-0.02245,-0.22092,0.26335,14.83061,4.24467,0.99485,-0.86758,53.26897,170.5192,17.25586,-0.34416,0.42121,-0.23979,0.59445,91.95283,4.13066,0.98931,-0.78808,49.14575,178.0172,299.4235,-0.06293,-0.01178,-0.03241,0.07176,225.9661
23.63914,4.22548,1.60921,-0.68999,8.32204,175.0238,358.6078,-0.16539,-0.03088,-0.22161,0.27824,11.53844,4.23534,1.00847,-0.8763,49.65723,171.4887,19.63918,-0.29588,0.41156,-0.25615,0.56792,111.8894,4.12877,0.99216,-0.79065,49.68575,174.4574,295.1101,-0.05836,0.06115,-0.0658,0.10712,117.7553
23.66136,4.22058,1.60742,-0.69552,8.53272,174.8893,358.5556,-0.18207,-0.05696,-0.23006,0.29886,9.83821,4.23441,1.01274,-0.87998,48.14392,168.5125,17.9106,-0.17159,0.29269,-0.20379,0.39578,92.30066,4.126,0.99717,-0.79408,47.18434,173.1301,294.307,-0.085,0.15995,-0.11931,0.21689,87.96066
23.68359,4.21363,1.60434,-0.70175,9.51499,175.1906,358.072,-0.24749,-0.09792,-0.25523,0.36876,26.91518,4.23504,1.0064,-0.87859,51.7883,164.9641,17.47272,-0.07148,0.00374,-0.07072,0.10062,109.1191,4.12312,1.00114,-0.79772,44.5573,170.8101,292.0511,-0.1074,0.16945,-0.14152,0.24551,112.9354
23.71694,4.20495,1.60148,-0.71014,9.99956,175.1722,358.0305,-0.25691,-0.08869,-0.25242,0.37092,17.3617,4.22384,1.00267,-0.87938,55.35295,170.6235,23.85666,-0.26969,-0.08293,-0.03537,0.28436,124.6367,4.11772,1.00617,-0.80373,41.46415,168.2462,288.4324,-0.1483,0.15531,-0.17042,0.27415,119.4225
23.73917,4.19897,1.59976,-0.71586,10.2332,174.9104,358.106,-0.26588,-0.07925,-0.25838,0.37912,15.08355,4.22054,1.0012,-0.88042,55.86869,169.5535,22.77234,-0.18361,-0.06457,-0.04387,0.19951,44.6763,4.11293,1.01031,-0.8065,40.79232,169.274,289.4598,-0.18766,0.184,-0.13782,0.29676,51.1398
23.7614,4.19322,1.59809,-0.72181,10.49039,174.6635,357.9852,-0.26227,-0.0771,-0.26308,0.37939,15.37221,4.21665,0.99876,-0.88014,57.54049,168.6483,22.22122,-0.17916,-0.08704,-0.01559,0.19979,61.39725,4.11001,1.01589,-0.80976,38.85719,169.0768,289.1323,-0.15951,0.21756,-0.14225,0.30497,69.12639
23.79476,4.18369,1.59491,-0.73133,11.01396,174.1833,357.6827,-0.27978,-0.0908,-0.27986,0.40601,20.28856,4.20901,0.9933,-0.88022,59.23917,168.8475,21.60689,-0.2166,-0.14458,-0.0057,0.26048,55.00608,4.1072,1.0199,-0.81368,38.5794,167.7246,289.953,-0.10302,0.14463,-0.12381,0.21647,48.7936
23.817,4.1771,1.5932,-0.73727,11.64735,173.5611,357.6462,-0.29028,-0.07498,-0.26932,0.40301,35.07345,4.20391,0.98669,-0.88048,60.87888,171.2189,24.0129,-0.22526,-0.27665,0.00313,0.35677,95.20731,4.1046,1.02626,-0.81802,35.95127,169.131,292.7161,-0.11367,0.26767,-0.19389,0.34952,133.9622
23.83924,4.17093,1.5922,-0.74346,12.11274,173.1384,357.5517,-0.28395,-0.06015,-0.27405,0.39918,31.51891,4.19751,0.97993,-0.87947,64.15326,176.4684,29.90361,-0.25666,-0.29033,0.02414,0.38827,142.631,4.10022,1.03261,-0.82506,32.72886,170.7552,296.7243,-0.15545,0.27663,-0.25533,0.40728,170.7222
23.87259,4.16083,1.58987,-0.75365,12.0877,172.7571,356.9608,-0.29799,-0.06748,-0.2975,0.42645,18.51778,4.18758,0.96984,-0.87648,69.48226,188.2045,42.69769,-0.28739,-0.29961,0.07335,0.4216,199.8535,4.08886,1.03698,-0.83269,31.99095,177.6303,312.1447,-0.29422,0.16754,-0.23549,0.41242,323.8534
23.90595,4.15084,1.58549,-0.76292,12.63729,172.2649,356.8797,-0.29924,-0.11535,-0.28279,0.42758,19.85943,4.18726,0.96477,-0.87707,71.33681,172.5125,27.95881,-0.07908,-0.18887,0.00512,0.20482,117.3871,4.07925,1.04129,-0.83712,31.53722,183.2973,321.6507,-0.28969,0.1387,-0.15847,0.35815,261.2048
23.93929,4.14165,1.58245,-0.77192,13.0095,172.0169,356.3097,-0.28144,-0.09709,-0.27316,0.40405,19.16559,4.18381,0.96083,-0.87876,71.07238,163.5134,19.13417,-0.09726,-0.13586,-0.03676,0.17109,90.8662,4.07538,1.05164,-0.84008,26.06063,182.0145,319.043,-0.15937,0.26761,-0.10611,0.32904,134.273
23.96154,4.1359,1.58097,-0.77756,13.68009,172.1464,355.8712,-0.26411,-0.07609,-0.25925,0.37782,28.70796,4.17217,0.95863,-0.87779,73.814,177.0735,33.64558,-0.39622,-0.10029,0.00771,0.40879,136.6101,4.07783,1.04283,-0.84038,30.77591,175.6941,313.4745,0.04883,-0.22227,-0.03187,0.22979,242.1062
23.99488,4.12867,1.58021,-0.78552,13.69089,171.4765,356.0768,-0.22867,-0.03611,-0.24375,0.33616,16.61087,4.16229,0.96245,-0.88324,70.82922,176.6243,31.34854,-0.32129,0.06083,-0.12065,0.34855,63.28059,4.09153,1.03973,-0.83884,33.16691,156.7853,295.9226,0.32043,-0.12522,0.02675,0.34507,459.8481
24.01711,4.12416,1.57984,-0.79067,13.65043,170.9993,355.9742,-0.21583,-0.02632,-0.23771,0.32215,18.09533,4.16015,0.96291,-0.88454,70.72464,171.317,26.65105,-0.20881,0.04087,-0.08951,0.23083,38.16348,4.08818,1.03918,-0.84028,33.53342,157.0771,294.3095,0.08487,-0.07509,-0.01902,0.1149,244.9814
24.05047,4.11778,1.57907,-0.79821,13.69298,170.3924,355.4953,-0.19729,-0.02406,-0.229,0.30323,19.0811,4.15294,0.96353,-0.88719,70.84012,171.5417,27.53697,-0.21429,0.02412,-0.08207,0.23074,14.99388,4.07666,1.04193,-0.84511,32.80345,164.2603,299.1703,-0.23775,0.04318,-0.11334,0.2669,85.83733
24.08382,4.11134,1.57775,-0.80553,13.83184,169.8705,355.1817,-0.1942,-0.03559,-0.22189,0.29701,17.27854,4.14387,0.96383,-0.89012,71.1879,176.8431,33.37025,-0.2575,0.01274,-0.08629,0.27187,43.97766,4.06863,1.04894,-0.84933,29.84262,168.149,302.3383,-0.24,0.16821,-0.12324,0.31794,120.5429
24.10604,4.10729,1.57567,-0.81005,13.85906,169.4928,355.3722,-0.18638,-0.07856,-0.20822,0.29029,17.73323,4.14294,0.96463,-0.8951,69.77708,172.524,29.03879,-0.09494,0.02986,-0.18274,0.20809,61.14956,4.0697,1.05577,-0.85025,28.18779,165.3066,299.2851,-0.01701,0.25711,-0.05988,0.26454,116.0458
24.12827,4.10322,1.57331,-0.81458,13.97227,169.1154,355.2563,-0.18479,-0.09229,-0.20596,0.29169,17.05327,4.14009,0.96494,-0.89845,69.2025,171.6029,28.38735,-0.11172,0.02183,-0.16661,0.20179,45.38164,4.07063,1.06088,-0.85249,26.68579,162.3336,297.0457,0.01233,0.24353,-0.08027,0.25671,126.7244
24.1616,4.09743,1.56827,-0.82116,14.06345,168.7557,354.7957,-0.17654,-0.13655,-0.19951,0.29936,14.56403,4.13109,0.96306,-0.90047,70.74551,183.6549,41.40257,-0.23027,-0.03677,-0.08716,0.24894,97.10236,4.0757,1.06335,-0.85124,27.78577,155.1461,291.7275,0.11728,0.11643,0.00808,0.16546,175.6487
24.19493,4.09214,1.56376,-0.82735,14.27683,167.9988,354.7607,-0.16307,-0.13567,-0.18917,0.28423,20.32854,4.12652,0.96191,-0.90248,70.99925,185.449,43.46058,-0.16042,-0.03516,-0.06707,0.1774,40.5526,4.07685,1.06651,-0.85343,26.40358,150.9792,288.7797,0.0552,0.10024,-0.04731,0.12382,134.6703
24.21714,4.08984,1.56114,-0.83145,14.58237,167.5692,354.2415,-0.12408,-0.11902,-0.18996,0.25622,23.85555,4.12621,0.96059,-0.90398,70.22093,180.2433,37.20631,-0.06518,-0.05622,-0.07173,0.11205,65.97813,4.06915,1.06446,-0.86007,26.73556,155.1405,292.5987,-0.2704,-0.0457,-0.25285,0.37301,125.6658
24.23935,4.08711,1.55911,-0.83631,14.4403,167.2171,354.0839,-0.12346,-0.10521,-0.20459,0.26109,18.40656,4.1229,0.95883,-0.9052,70.04448,181.1635,37.58849,-0.10712,-0.06776,-0.06321,0.14164,40.01152,4.06553,1.06547,-0.86497,25.66644,156.0631,292.6934,-0.21677,-0.00011,-0.23684,0.32107,81.40329
24.27267,4.08316,1.55617,-0.84417,14.35387,166.6369,354.1201,-0.11984,-0.09237,-0.22811,0.27373,16.95792,4.11633,0.95273,-0.90505,70.53848,186.345,41.90969,-0.17462,-0.15434,-0.0125,0.23339,42.10191,4.05538,1.0614,-0.87214,27.25716,160.3916,293.9242,-0.28276,-0.09153,-0.22052,0.37008,110.1458
24.2949,4.08068,1.55317,-0.8492,15.12966,166.4658,353.8423,-0.11501,-0.12508,-0.22458,0.28161,29.38115,4.11118,0.94413,-0.90194,72.45594,193.551,47.67315,-0.20164,-0.30285,0.08244,0.37306,99.15797,4.05005,1.05849,-0.87477,28.75705,162.4825,292.306,-0.238,-0.10972,-0.15015,0.30204,129.7687
24.31713,4.07842,1.55037,-0.85434,15.72278,166.2091,353.7279,-0.10834,-0.12536,-0.22806,0.2819,29.06225,4.11117,0.93472,-0.89869,75.19637,192.2917,46.21815,-0.10109,-0.36308,0.1143,0.39384,96.13384,4.04761,1.05262,-0.87681,31.73771,163.2994,291.045,-0.17392,-0.18698,-0.12111,0.28263,135.2824
24.33937,4.07625,1.548,-0.85989,15.59963,165.9086,353.5076,-0.10301,-0.11603,-0.23885,0.28482,16.78597,4.11019,0.92751,-0.89622,77.38714,193.4365,48.40129,-0.07253,-0.34369,0.11285,0.36894,96.16911,4.04354,1.0498,-0.87808,33.4393,164.6544,290.9405,-0.17841,-0.15691,-0.08897,0.25371,116.2783
24.3616,4.07472,1.54557,-0.8655,15.61143,165.6827,353.1258,-0.08598,-0.11265,-0.24551,0.28347,15.73627,4.1089,0.92154,-0.89459,79.5155,193.5937,48.50447,-0.06538,-0.30615,0.09293,0.32656,95.20892,4.05385,1.04627,-0.87759,33.30876,154.5435,283.3935,0.14265,-0.15777,-0.03355,0.21533,187.089
24.38383,4.07293,1.54293,-0.87094,15.68321,165.3837,352.835,-0.08315,-0.1158,-0.2452,0.28363,15.97195,4.10509,0.91578,-0.89309,81.00763,203.9902,57.88208,-0.11826,-0.28264,0.08028,0.31673,95.53837,4.05663,1.03999,-0.87709,35.48529,150.5654,279.5673,0.13377,-0.22016,-0.00558,0.25768,184.4358
24.40606,4.07185,1.53988,-0.87686,15.59177,165.0742,352.7316,-0.06605,-0.12642,-0.25554,0.29265,13.72931,4.10095,0.91194,-0.89114,81.70675,220.4041,74.23787,-0.15219,-0.22766,0.08387,0.2864,101.2675,4.05414,1.03362,-0.87871,36.94529,151.0532,276.6199,0.01091,-0.25334,-0.03927,0.2566,142.9759
24.42829,4.07168,1.53523,-0.88351,15.57707,164.9298,352.8469,-0.02306,-0.19372,-0.28567,0.34593,9.92485,4.09928,0.90813,-0.89161,81.1062,229.3711,86.03707,-0.07177,-0.19585,0.00325,0.20861,107.0011,4.04369,1.03272,-0.88256,37.02615,159.4257,280.8451,-0.33492,-0.06781,-0.13197,0.36632,204.4148
24.45048,4.07087,1.53079,-0.88937,15.98367,164.7532,352.7498,-0.0297,-0.19682,-0.27495,0.33944,13.65283,4.10003,0.90275,-0.88807,83.776,243.2111,102.6078,-0.01882,-0.21915,0.08145,0.23456,139.6414,4.04005,1.03129,-0.88508,36.77457,161.7655,281.4602,-0.2497,-0.06606,-0.12284,0.28601,147.6633
24.47269,4.07107,1.52539,-0.89602,16.342,164.5973,352.7528,0.00121,-0.22918,-0.29793,0.37588,15.27904,4.09785,0.89762,-0.8871,85.0877,251.77,109.9041,-0.10474,-0.22077,0.0383,0.24734,67.33471,4.03604,1.02837,-0.88764,37.86182,165.0938,286.7885,-0.18162,-0.11058,-0.11587,0.24215,162.668
24.49489,4.07103,1.52084,-0.90282,16.30693,164.317,352.8077,-0.00019,-0.21711,-0.30206,0.37199,12.21842,4.09315,0.89366,-0.88786,83.72849,253.4479,109.9892,-0.15823,-0.19951,0.00187,0.25465,60.72475,4.03594,1.02732,-0.89003,37.64093,165.2255,288.5598,-0.09293,-0.07893,-0.1119,0.16549,111.5509
24.52824,4.07105,1.51321,-0.91235,16.44866,163.8641,352.7298,0.00043,-0.2259,-0.28977,0.36742,13.25604,4.08639,0.88662,-0.88854,81.28181,258.6198,114.2713,-0.19158,-0.20821,-0.01464,0.28332,70.55304,4.03453,1.02619,-0.89439,37.52899,167.5188,293.9271,-0.05501,-0.04526,-0.12593,0.14468,125.7766
24.56158,4.07273,1.50516,-0.92138,17.50633,163.0818,352.4763,0.03796,-0.23763,-0.27562,0.36589,31.89935,4.08063,0.87424,-0.88196,78.18876,295.3004,155.1529,-0.17759,-0.33049,0.14419,0.40193,192.9674,4.034,1.02361,-0.9012,37.52095,169.6812,299.2855,-0.02565,-0.06934,-0.18478,0.19902,130.1517
24.58381,4.07396,1.50109,-0.9287,16.90254,162.6277,352.5628,0.05214,-0.19603,-0.32173,0.38034,27.72763,4.07973,0.86658,-0.87964,77.15228,310.4692,170.3676,-0.08793,-0.32083,0.11028,0.35047,143.4727,4.02999,1.02437,-0.90761,36.47799,174.8287,307.1886,-0.1432,0.0222,-0.25616,0.2943,243.6894
24.60603,4.07464,1.49604,-0.93588,16.52968,162.4373,352.367,0.04139,-0.21169,-0.32223,0.38776,22.23331,4.07722,0.86189,-0.87919,75.89214,314.7449,174.4697,-0.10039,-0.26601,0.06536,0.29174,106.8065,4.02693,1.02657,-0.91382,33.36256,178.2222,311.8307,-0.14057,0.06065,-0.26781,0.30848,228.3827
24.62826,4.07543,1.48953,-0.94391,17.21252,162.5419,351.9149,0.03751,-0.27723,-0.35678,0.45338,29.83335,4.07088,0.86047,-0.88635,75.71626,305.3738,163.9485,-0.23633,-0.1221,-0.21135,0.33975,72.47057,4.02623,1.02112,-0.92009,34.74832,178.3438,312.4737,-0.05689,-0.16603,-0.27176,0.32351,68.70335
24.65048,4.07606,1.48362,-0.95189,17.58272,162.5494,351.8742,0.0329,-0.27174,-0.35793,0.4506,22.58289,4.06533,0.85795,-0.89064,74.35326,303.606,161.7681,-0.24308,-0.11784,-0.20228,0.33748,66.72507,4.02559,1.01807,-0.92534,35.35322,178.6583,312.7824,-0.04279,-0.1517,-0.25413,0.29905,45.43712
24.68382,4.07709,1.47297,-0.96579,17.44662,162.7133,352.4896,0.03141,-0.30756,-0.40216,0.50727,11.13656,4.05821,0.85241,-0.89361,69.78821,311.0145,169.9854,-0.22104,-0.15406,-0.11733,0.29387,122.8921,4.02393,1.02101,-0.93479,32.88385,181.1538,315.8019,-0.04809,0.02829,-0.27601,0.28159,84.50404
24.70603,4.07758,1.4637,-0.97537,18.36203,162.5477,352.9149,0.02455,-0.39087,-0.42688,0.57931,40.38456,4.05353,0.84775,-0.89237,64.6685,323.1427,178.8696,-0.2163,-0.19008,0.01091,0.28816,274.9803,4.02502,1.02062,-0.94164,32.35902,180.6407,317.4936,0.02011,-0.00745,-0.30373,0.30449,83.68578
24.72823,4.07816,1.45632,-0.98438,18.89101,162.3994,352.907,0.02532,-0.3616,-0.41639,0.55206,32.03105,4.04791,0.84485,-0.89369,61.70441,328.2995,180.6572,-0.23465,-0.16035,-0.02438,0.28525,240.3263,4.024,1.01742,-0.94845,32.28568,181.0762,318.3872,-0.01288,-0.07574,-0.30511,0.31464,56.51823
24.76154,4.07908,1.44485,-0.99925,19.01743,161.9589,352.8432,0.02706,-0.3485,-0.43888,0.56107,15.55482,4.03876,0.83914,-0.89799,59.93525,331.0611,178.5522,-0.26468,-0.1685,-0.10278,0.33017,165.3257,4.02013,1.0121,-0.95827,32.79494,183.036,320.2651,-0.09048,-0.13869,-0.29738,0.34038,50.44594
24.78373,4.07931,1.43615,-1.00988,19.20347,162.0366,352.2895,0.01396,-0.37962,-0.46775,0.60258,22.56032,4.03037,0.83462,-0.90044,58.60884,324.5317,175.6259,-0.35356,-0.18783,-0.10706,0.41442,142.0305,4.01816,1.01081,-0.96565,31.36818,184.1242,322.5986,-0.09595,-0.06507,-0.32802,0.34791,98.12259
24.80595,4.0796,1.42803,-1.02011,19.79931,162.1293,351.9469,0.01342,-0.37249,-0.4641,0.59525,26.60611,4.02127,0.83137,-0.90264,55.22437,319.0934,173.1698,-0.38156,-0.1669,-0.10296,0.42901,182.2778,4.01521,1.00821,-0.97227,30.64978,185.5595,322.8771,-0.1145,-0.09111,-0.31297,0.34549,71.73818
24.82817,4.0797,1.41943,-1.03085,20.79538,162.196,351.8643,0.00558,-0.38508,-0.48088,0.61609,39.73607,4.00738,0.83029,-0.90092,47.30461,311.2672,173.0207,-0.5737,-0.07209,0.05087,0.58045,433.0596,4.01052,1.00423,-0.97856,30.33119,187.6855,321.4749,-0.17506,-0.15068,-0.2918,0.37215,99.23662
24.85039,4.07961,1.41076,-1.04156,21.21037,162.398,351.9749,0.00093,-0.38764,-0.48143,0.61809,29.509,3.99587,0.82867,-0.89913,41.49525,306.2033,175.5197,-0.54565,-0.07245,0.0657,0.55434,420.6208,4.00787,0.99931,-0.98445,30.89638,189.5073,322.6625,-0.14698,-0.18596,-0.27828,0.36554,75.25425
24.88369,4.07949,1.39762,-1.05739,21.65402,162.8262,352.1,-0.00252,-0.39272,-0.47683,0.61774,20.14388,3.98927,0.82069,-0.90332,42.24216,304.0755,175.0274,-0.28502,-0.19776,-0.07781,0.35553,128.5395,4.00366,0.99122,-0.99355,32.11112,190.6204,322.8519,-0.1317,-0.22873,-0.27466,0.38092,50.25191
24.91703,4.07985,1.3835,-1.0725,22.64146,162.7939,351.8955,0.0075,-0.41592,-0.45917,0.61958,26.99145,3.98077,0.81929,-0.90466,36.53227,304.3959,178.4751,-0.26252,-0.08113,-0.04965,0.27922,170.3991,3.99712,0.98275,-1.00083,32.85605,191.8387,320.3261,-0.17996,-0.24776,-0.23225,0.38433,85.7659
24.93925,4.08096,1.37504,-1.0813,23.09121,162.2688,351.3367,0.04161,-0.38341,-0.40636,0.56024,30.53435,3.97736,0.81638,-0.90405,34.24175,303.3829,186.8925,-0.14908,-0.14224,-0.01227,0.20641,307.6943,3.99057,0.97877,-1.00507,32.72536,194.2781,321.0603,-0.24877,-0.20907,-0.20678,0.38517,80.06793
24.96147,4.08148,1.36692,-1.09038,23.49233,162.0144,351.1071,0.03241,-0.37437,-0.40753,0.55433,25.88908,3.97653,0.81078,-0.90791,36.44489,302.312,188.0927,-0.0933,-0.19722,-0.09298,0.23716,193.3833,3.98742,0.97315,-1.00972,33.84431,194.177,319.5117,-0.19547,-0.23093,-0.20807,0.36719,70.74259
24.99477,4.08195,1.35557,-1.10289,24.05056,161.6193,350.9423,0.01871,-0.34929,-0.3837,0.51921,21.11305,3.97132,0.80503,-0.91582,36.27359,297.118,186.6332,-0.1406,-0.17878,-0.20141,0.30381,131.1635,3.98225,0.96664,-1.01711,34.17516,194.715,317.9993,-0.16516,-0.20434,-0.21837,0.34164,59.62037
25.01699,4.082,1.35016,-1.11056,23.59152,161.4731,351.0428,0.00468,-0.27646,-0.358,0.45235,11.39955,3.97099,0.8009,-0.92021,36.15146,294.9411,192.2953,-0.01572,-0.20547,-0.18955,0.27999,262.641,3.97646,0.96201,-1.02053,34.83066,197.0614,318.8701,-0.23063,-0.19413,-0.17143,0.3468,77.0495
25.03922,4.08178,1.34317,-1.11837,23.74828,161.5725,350.9619,-0.0026,-0.29532,-0.3547,0.46156,1.44916,3.97258,0.79547,-0.92483,38.83166,294.6208,195.6996,0.028,-0.22509,-0.19872,0.30156,223.5084,3.9724,0.95807,-1.02439,35.18779,198.3773,318.5088,-0.20663,-0.18565,-0.17264,0.32706,73.45219
25.07256,4.08125,1.33297,-1.12915,23.84199,161.8449,350.9469,-0.01238,-0.30345,-0.33107,0.44927,6.45852,3.97307,0.78939,-0.93797,41.48118,289.5216,193.0071,0.01799,-0.19285,-0.34535,0.39595,139.2232,3.96862,0.95447,-1.02994,34.90893,199.1456,317.7169,-0.13675,-0.12733,-0.16799,0.25127,47.7621
25.09478,4.08071,1.32748,-1.13524,23.57734,162.1749,350.957,-0.02071,-0.25721,-0.28395,0.38368,15.08535,3.97517,0.78512,-0.94904,43.80329,286.1441,189.5453,0.10741,-0.19946,-0.47047,0.52217,158.2691,3.96539,0.95436,-1.03242,33.77153,200.9291,318.7518,-0.1354,-0.02881,-0.12194,0.18448,71.29517
25.117,4.08078,1.32154,-1.14171,23.71757,162.3192,350.729,-0.00868,-0.26205,-0.28751,0.38911,12.93529,3.97649,0.78095,-0.95761,45.81349,283.6902,188.3926,0.08355,-0.19359,-0.42808,0.47719,137.014,3.9638,0.9515,-1.03536,33.93141,201.578,318.4189,-0.10355,-0.07883,-0.12732,0.18206,49.88874
25.15034,4.08206,1.31392,-1.15009,23.66014,162.1145,350.5302,0.02654,-0.23708,-0.2605,0.35323,5.53058,3.97529,0.77634,-0.97356,45.44089,276.9966,183.2965,-0.00629,-0.15212,-0.4658,0.49005,130.4521,3.96462,0.94823,-1.04072,33.15887,202.0508,319.5484,-0.00731,-0.09325,-0.15228,0.17871,31.44335
25.17256,4.08377,1.31027,-1.15434,23.42756,161.5796,350.6097,0.0636,-0.18334,-0.20538,0.28256,19.18905,3.97424,0.77333,-0.98511,44.4219,272.5459,178.3359,-0.03275,-0.14417,-0.5,0.5214,151.907,3.96667,0.94444,-1.04399,33.38515,202.3157,320.2354,0.06078,-0.15084,-0.14671,0.21903,24.78248
25.19478,4.08465,1.3052,-1.15969,23.4681,161.4216,350.5793,0.05161,-0.20584,-0.22314,0.30794,12.53613,3.97424,0.77013,-0.99426,44.37646,269.846,175.6355,-0.01631,-0.14409,-0.4559,0.4784,122.2882,3.96731,0.94139,-1.04693,33.46741,202.9622,321.0942,0.04476,-0.14401,-0.13963,0.20552,28.93971
25.22812,4.08676,1.29869,-1.16551,23.94386,161.0545,350.5123,0.06032,-0.19792,-0.18666,0.27866,14.8395,3.97431,0.76733,-1.00728,43.70081,266.2579,171.6765,-0.00239,-0.09908,-0.4068,0.4187,98.92654,3.96958,0.93824,-1.05084,32.84859,203.3229,322.3846,0.06217,-0.10687,-0.1229,0.17432,34.76258
25.26146,4.08681,1.29216,-1.1721,24.57803,161.9787,350.4984,0.01617,-0.19629,-0.19484,0.27704,24.8158,3.9735,0.76524,-1.01939,41.89948,262.5538,166.2012,-0.01897,-0.07177,-0.37426,0.38155,122.693,3.97277,0.93389,-1.05421,32.80276,202.966,323.3345,0.0873,-0.12459,-0.1064,0.18565,33.7517
25.28368,4.08709,1.28891,-1.17535,25.01254,162.3421,351.049,0.01254,-0.14333,-0.14094,0.20141,30.81638,3.97514,0.76622,-1.02546,41.89663,261.9174,163.4679,0.07083,0.048,-0.2699,0.28314,112.1221,3.97313,0.9305,-1.05429,33.29893,203.8655,323.7149,0.02533,-0.15323,-0.00004,0.15531,38.63066
25.3059,4.08781,1.28533,-1.17929,25.47556,162.3837,351.1267,0.02248,-0.15218,-0.15923,0.2214,24.52566,3.97664,0.76611,-1.03048,42.02028,261.3365,161.9135,0.06906,0.02149,-0.24788,0.25822,83.70041,3.97418,0.92761,-1.05522,33.66537,204.0798,323.7344,0.03627,-0.14168,-0.02094,0.14774,27.90978
25.33924,4.08911,1.28138,-1.18502,25.30845,162.58,351.4938,0.03497,-0.12699,-0.16852,0.21389,10.79846,3.97826,0.76364,-1.03282,42.08714,261.6947,161.1432,0.05381,-0.05019,-0.11458,0.13617,43.11096,3.9757,0.92364,-1.05617,34.95928,203.8711,324.0085,0.04338,-0.12462,-0.02664,0.13462,34.87339
25.36146,4.09119,1.28132,-1.18824,24.79256,161.6118,351.5566,0.08664,-0.02197,-0.14401,0.1695,38.42986,3.98317,0.7615,-1.02659,44.63044,264.4419,162.8209,0.20216,-0.08608,0.23426,0.32118,130.917,3.97435,0.92336,-1.05606,35.32596,204.4491,323.769,-0.05788,-0.01854,0.01001,0.06159,38.36394
25.38369,4.09236,1.27863,-1.19193,24.996,161.3143,351.5083,0.06968,-0.0714,-0.15496,0.1843,24.3828,3.98569,0.75961,-1.02423,45.91123,266.0632,164.0828,0.15758,-0.08563,0.17024,0.24727,103.8286,3.97377,0.92234,-1.05659,35.66538,204.8401,323.4628,-0.04189,-0.0323,-0.00701,0.05335,35.0052
25.41703,4.09407,1.27572,-1.19606,26.15292,160.6361,350.9628,0.05578,-0.08333,-0.13152,0.16539,32.21013,3.98943,0.75662,-1.01588,47.52676,270.5453,169.3924,0.1237,-0.08853,0.23029,0.27599,112.4931,3.97345,0.92159,-1.05808,35.91175,205.0432,323.5285,-0.01771,-0.02499,-0.03521,0.04667,14.79203
25.43926,4.09452,1.27423,-1.19958,26.29759,160.5135,351.1734,0.03339,-0.07885,-0.15139,0.17392,16.75351,3.99174,0.75442,-1.00576,48.14525,275.4929,176.2003,0.10528,-0.09385,0.40029,0.42441,182.3623,3.97335,0.91987,-1.05968,36.88376,204.7033,322.9687,-0.01077,-0.07046,-0.06176,0.09431,44.91426
25.46148,4.09468,1.27259,-1.20266,26.67747,160.5112,351.143,0.02028,-0.07632,-0.14498,0.16509,15.65415,3.9935,0.75309,-0.9984,48.3474,279.2798,181.3206,0.09222,-0.07675,0.36573,0.3849,167.9822,3.97306,0.91825,-1.06094,37.73921,204.6622,322.4225,-0.01186,-0.0717,-0.05917,0.09372,44.85357
25.49482,4.09444,1.26951,-1.20679,27.81711,160.8667,351.0754,-0.00027,-0.08829,-0.12919,0.15648,30.2508,3.99504,0.75349,-0.98418,47.38916,285.891,191.1386,0.05766,-0.01015,0.41132,0.41546,191.9381,3.97327,0.9172,-1.06382,38.53709,203.7881,321.2333,0.00165,-0.04151,-0.07958,0.08978,38.06979
25.51704,4.09413,1.26899,-1.20988,27.90875,160.9869,351.1906,-0.00908,-0.03804,-0.13427,0.13985,10.50397,3.99516,0.75524,-0.97525,46.25977,289.8079,197.1226,0.02013,0.05455,0.39693,0.40116,188.4844,3.97353,0.91867,-1.0666,37.76778,203.6202,322.4692,0.00034,0.04174,-0.11071,0.11832,47.45306
25.53927,4.09447,1.26821,-1.21255,27.96833,160.9747,351.2012,0.00321,-0.03661,-0.12713,0.13234,6.51165,3.99596,0.75652,-0.968,45.62246,293.4083,202.0262,0.02793,0.05601,0.36154,0.36692,171.703,3.9728,0.91951,-1.06863,37.18713,204.1068,323.2833,-0.01642,0.03981,-0.10103,0.10982,41.11028
25.57262,4.09531,1.26768,-1.21616,28.05591,160.7672,351.1632,0.01965,-0.02098,-0.11284,0.11644,5.3937,3.99554,0.75934,-0.96028,44.33056,297.3558,207.369,-0.00246,0.07741,0.26405,0.27518,132.7119,3.97085,0.91926,-1.07093,37.3215,204.7264,323.2365,-0.04796,0.00428,-0.07692,0.09075,13.21376
25.59486,4.09591,1.26707,-1.21813,28.18175,160.5628,351.1153,0.02534,-0.02264,-0.09405,0.1,9.11279,3.99317,0.76089,-0.95953,43.10367,297.6153,207.9967,-0.0791,0.06987,0.08459,0.13526,67.42495,3.96949,0.91771,-1.0722,38.15125,204.6292,322.269,-0.0601,-0.04804,-0.06304,0.09947,38.22861
25.6171,4.09635,1.26627,-1.22073,28.29557,160.4244,351.079,0.02259,-0.02939,-0.10554,0.11186,8.25093,3.99191,0.762,-0.95767,42.20161,298.6046,209.2053,-0.06785,0.05985,0.08399,0.12345,62.1213,3.96852,0.9172,-1.07365,38.42758,204.7633,322.0418,-0.05188,-0.03545,-0.06425,0.08987,28.60564
25.65044,4.09684,1.26493,-1.22372,28.5331,160.3129,350.9324,0.01656,-0.03759,-0.0936,0.10221,7.69491,3.98794,0.76223,-0.96261,41.51557,297.5116,206.6409,-0.10614,0.02017,-0.09009,0.14067,44.74046,3.96761,0.91751,-1.07569,38.47107,204.9383,321.9065,-0.03324,-0.00199,-0.06188,0.07027,12.84236
25.67267,4.09683,1.26394,-1.22512,28.65137,160.3954,351.0049,0.00076,-0.04236,-0.0647,0.07734,5.03202,3.98387,0.76169,-0.97014,40.86149,294.9131,202.8929,-0.18496,-0.02573,-0.34784,0.3948,135.3477,3.96779,0.91783,-1.07718,38.56146,204.8566,321.9449,0.00506,0.01482,-0.06695,0.06875,5.18207
25.6949,4.09709,1.26313,-1.22675,28.69722,160.3329,351.0941,0.00631,-0.03956,-0.06904,0.07982,4.58942,3.98091,0.761,-0.97609,40.52613,293.2448,199.7546,-0.15913,-0.0285,-0.30769,0.34757,121.7524,3.96789,0.91813,-1.0788,38.66119,204.787,322.1961,0.00494,0.01434,-0.06998,0.0716,9.13426
25.71714,4.09731,1.26241,-1.22801,28.7128,160.1637,350.9865,0.00855,-0.03309,-0.05935,0.06849,5.17135,3.97769,0.7596,-0.98715,40.8236,290.086,193.6834,-0.14932,-0.05283,-0.45789,0.48451,188.6769,3.96807,0.91942,-1.08045,38.1656,204.8138,322.5794,0.00684,0.0455,-0.07048,0.08417,19.3365
25.73938,4.09766,1.2617,-1.22939,28.75621,159.9675,350.9124,0.0122,-0.03259,-0.06089,0.07013,6.54285,3.97472,0.75902,-0.99633,40.62403,287.4181,189.0698,-0.14137,-0.03948,-0.43545,0.45952,173.4155,3.96789,0.91973,-1.08177,38.17597,204.7614,322.4346,-0.00083,0.02969,-0.06493,0.0714,8.21251
25.76163,4.09787,1.26095,-1.23034,28.87371,159.8311,350.7827,0.00874,-0.0347,-0.04747,0.05945,7.28543,3.97244,0.7583,-1.00742,40.91048,284.3948,183.4777,-0.11013,-0.0331,-0.47632,0.49001,185.3859,3.96672,0.91966,-1.08277,38.33845,204.8644,321.8824,-0.04335,0.00327,-0.04757,0.06444,21.41493
25.78385,4.09794,1.25998,-1.23154,28.99558,159.8313,350.7712,0.00597,-0.039,-0.05066,0.06422,5.9104,3.97073,0.75786,-1.01797,41.36998,281.6821,178.1031,-0.09343,-0.02641,-0.4756,0.48541,185.7698,3.96579,0.91991,-1.08371,38.23853,205.2079,321.7458,-0.04266,0.00731,-0.04501,0.06245,19.83456
25.81719,4.09785,1.25885,-1.23316,28.9657,159.7934,351.0218,-0.00042,-0.03523,-0.04926,0.06056,5.90249,3.96911,0.75783,-1.0337,42.13142,277.637,170.2544,-0.05973,-0.00732,-0.47253,0.47635,181.5318,3.96504,0.91936,-1.085,38.44284,205.0906,321.2426,-0.02753,-0.01056,-0.04014,0.0498,14.94546
25.83941,4.09768,1.25843,-1.2342,28.98029,159.5866,350.9576,-0.00543,-0.02472,-0.04772,0.05401,5.90967,3.96959,0.75828,-1.0432,42.97346,274.9995,165.4713,0.00097,0.01302,-0.4309,0.43109,167.1412,3.96455,0.91911,-1.08579,38.4068,205.1153,321.6755,-0.02679,-0.00927,-0.03591,0.04576,10.2623
25.86163,4.09765,1.25764,-1.23538,29.02387,159.5674,350.8345,-0.0033,-0.03023,-0.05041,0.05888,4.29194,3.96963,0.75872,-1.05157,43.65092,272.6746,161.0709,0.00146,0.01644,-0.40365,0.40399,158.7324,3.96358,0.9191,-1.08649,38.38372,205.3873,321.7789,-0.03512,-0.00473,-0.03376,0.04895,7.12672
25.88386,4.09735,1.25666,-1.23647,29.20716,159.618,350.7178,-0.01094,-0.0412,-0.04814,0.0643,8.11566,3.97051,0.76118,-1.05931,45.03515,271.2562,158.6269,0.02672,0.10982,-0.37175,0.38855,104.146,3.9618,0.91926,-1.08685,38.17227,205.9614,321.7669,-0.06949,0.00087,-0.01862,0.07195,20.20088
25.90609,4.09695,1.25562,-1.23732,29.41378,159.6566,350.8152,-0.01446,-0.04405,-0.04311,0.0633,8.00893,3.97036,0.76338,-1.06635,45.56509,269.6796,156.1271,0.01017,0.10448,-0.34421,0.35987,92.99097,3.96112,0.91902,-1.0876,38.3404,205.886,321.74,-0.05003,-0.00483,-0.02627,0.05671,8.511
25.92832,4.09674,1.25526,-1.2385,29.2071,159.4608,350.8167,-0.01061,-0.01982,-0.05157,0.05625,9.21306,3.97204,0.76346,-1.06568,46.39427,269.7162,156.8331,0.06797,0.02031,-0.01717,0.07299,44.69366,3.96044,0.91959,-1.08832,38.16777,206.04,322.1185,-0.03644,0.02485,-0.02992,0.0533,14.13025
25.95054,4.09664,1.25463,-1.23935,29.23611,159.381,350.7047,-0.00756,-0.02417,-0.04495,0.05159,5.27461,3.97275,0.76351,-1.06778,46.97734,269.0307,156.0576,0.04988,0.01112,-0.056,0.07581,35.4088,3.95955,0.91998,-1.08902,38.05004,206.2685,322.412,-0.03817,0.02124,-0.0306,0.05334,12.91094
25.98388,4.09619,1.25345,-1.24042,29.39686,159.3967,350.6755,-0.01211,-0.03263,-0.03534,0.0496,3.24939,3.97414,0.7621,-1.06381,47.76733,270.2049,159.3447,0.04391,-0.02881,0.07538,0.09187,63.11324,3.95825,0.92037,-1.08963,38.08583,206.4386,322.1091,-0.03891,0.01405,-0.02132,0.04654,8.88454
26.01723,4.09582,1.2529,-1.24172,29.36333,159.2976,350.6765,-0.01131,-0.02049,-0.03803,0.04465,2.33694,3.97475,0.7602,-1.05495,47.49376,272.8326,165.5671,0.02451,-0.05006,0.21813,0.22514,118.6642,3.95847,0.92058,-1.09041,38.11129,206.1481,322.0287,-0.00479,0.00832,-0.02287,0.0248,3.93686
26.03946,4.09558,1.25275,-1.24242,29.32435,159.2901,350.6235,-0.01103,-0.01358,-0.03476,0.03892,1.64716,3.9749,0.75872,-1.04757,47.11378,274.9507,170.2843,0.01576,-0.05815,0.27514,0.28166,137.7343,3.95875,0.92078,-1.09086,37.9955,206.0945,322.4393,0.0039,0.00851,-0.02162,0.02356,10.85763
26.06169,4.09531,1.2528,-1.24287,29.34122,159.2864,350.5169,-0.01143,-0.00325,-0.02303,0.02592,4.16493,3.97495,0.75705,-1.03595,46.44948,278.4347,177.2799,0.00505,-0.06728,0.45552,0.46049,203.9529,3.95888,0.92029,-1.09097,38.10651,206.0792,322.498,0.0064,-0.02033,-0.00779,0.02269,7.78969
26.08392,4.0951,1.25248,-1.24329,29.32286,159.277,350.5806,-0.0105,-0.00871,-0.02113,0.02515,0.6053,3.97475,0.7566,-1.0271,45.6244,280.9536,182.5591,-0.00183,-0.04373,0.42679,0.42903,191.2283,3.95895,0.91937,-1.09101,38.46049,205.7423,321.9149,0.00459,-0.03092,-0.00486,0.03163,15.7112
26.10615,4.09485,1.25236,-1.24393,29.14939,159.2578,350.6731,-0.01097,-0.00717,-0.02496,0.02819,4.48391,3.97425,0.75662,-1.01776,44.47482,283.3442,187.5936,-0.01217,-0.02141,0.42339,0.4241,183.6142,3.95921,0.91828,-1.09094,38.79481,205.4177,321.5772,0.00826,-0.04002,-0.00081,0.04088,17.67497
26.12838,4.09459,1.25214,-1.24458,29.11544,159.2094,350.6098,-0.01149,-0.01277,-0.02514,0.03045,2.8297,3.97436,0.75642,-1.00804,43.7751,286.1159,192.2439,0.00437,-0.01489,0.42686,0.42714,159.2237,3.95935,0.9171,-1.09094,38.96334,205.2622,322.188,-0.00142,-0.0477,0.00261,0.04779,24.54154
26.15061,4.09435,1.25145,-1.24489,29.23532,159.1778,350.5501,-0.01108,-0.02184,-0.01955,0.03133,3.65887,3.97492,0.75632,-0.99978,43.38751,288.7751,196.6055,0.01463,-0.00968,0.39917,0.39955,151.1446,3.95849,0.9163,-1.09065,38.95736,205.6615,322.4696,-0.02005,-0.04175,0.00779,0.04696,14.36297
26.17285,4.09401,1.25043,-1.24523,29.29226,159.2131,350.6116,-0.0135,-0.03664,-0.02008,0.04391,1.31872,3.97536,0.75658,-0.99277,43.04596,291.2524,200.2594,0.01632,0.00829,0.32721,0.32772,123.7092,3.95716,0.91457,-1.08974,39.3813,206.0494,322.4072,-0.04523,-0.07038,0.03088,0.08917,19.84628
26.19508,4.09385,1.24999,-1.24592,29.19751,159.1626,350.593,-0.01035,-0.02808,-0.02538,0.03924,2.3811,3.97521,0.7571,-0.98687,42.33383,292.8968,202.9337,0.00484,0.01587,0.29634,0.2968,108.7311,3.95673,0.91321,-1.08933,39.7944,205.7745,322.0957,-0.03225,-0.06589,0.02448,0.07734,18.87449
26.22843,4.09358,1.24901,-1.24672,29.49642,159.0161,350.4179,-0.00872,-0.02906,-0.02446,0.03897,7.20432,3.97509,0.75734,-0.98117,41.84888,294.6978,204.7819,-0.00167,0.00937,0.20232,0.20255,60.88259,3.95557,0.91224,-1.0884,39.90746,206.091,322.6435,-0.0341,-0.03828,0.02703,0.05796,10.71433
26.26177,4.0932,1.24824,-1.24758,29.39503,158.9775,350.419,-0.01066,-0.02459,-0.02541,0.03693,1.9405,3.97466,0.75671,-0.98017,41.97387,295.7732,204.9098,-0.00993,-0.01169,0.07308,0.07467,29.94294,3.95418,0.91151,-1.08757,39.96564,206.6493,323.025,-0.03978,-0.0259,0.02561,0.05394,11.55369
26.29512,4.09289,1.24763,-1.24823,29.46259,158.8418,350.2433,-0.00971,-0.01995,-0.0209,0.03048,4.20297,3.97274,0.75566,-0.98361,41.83659,294.8264,202.4454,-0.04567,-0.02656,-0.05919,0.07934,43.34853,3.95355,0.9108,-1.08708,40.19513,206.5804,322.6906,-0.02421,-0.02249,0.01728,0.03729,8.57136
26.31736,4.09242,1.24733,-1.24877,29.52638,158.8104,350.1476,-0.0189,-0.01533,-0.02415,0.03429,2.84916,3.97116,0.75401,-0.98943,42.18047,293.2364,198.7001,-0.06379,-0.06124,-0.20432,0.22263,105.6151,3.95336,0.91067,-1.08714,40.20245,206.6421,322.8806,-0.01476,-0.00829,0.00169,0.01701,3.76854
26.33959,4.09211,1.24686,-1.24925,29.6209,158.8041,350.1016,-0.0164,-0.01825,-0.02278,0.03348,3.49326,3.97017,0.75316,-0.99417,42.4225,292.025,195.9086,-0.05412,-0.04971,-0.20869,0.22125,101.8793,3.95294,0.91025,-1.08703,40.39859,206.7523,322.9432,-0.01676,-0.01357,0.00338,0.02183,5.82307
26.37294,4.09167,1.24634,-1.24986,29.75608,158.8654,350.064,-0.01388,-0.01618,-0.01942,0.02883,4.35842,3.96774,0.75115,-1.00589,43.14203,288.6865,189.3854,-0.06814,-0.05754,-0.31569,0.32805,136.8749,3.95263,0.91035,-1.08737,40.36133,206.747,323.0029,-0.0113,-0.00126,-0.00679,0.01324,1.86789
26.40628,4.09128,1.24648,-1.25049,29.62202,158.8969,350.1318,-0.01236,-0.00093,-0.01895,0.02265,2.35543,3.96551,0.74971,-1.01851,43.82402,284.7474,182.4513,-0.0672,-0.0468,-0.36279,0.37192,149.7764,3.95182,0.91006,-1.08794,40.48214,206.8095,322.8612,-0.02106,-0.00691,-0.01447,0.02647,4.78977
26.42846,4.09119,1.24651,-1.25066,29.62862,158.8226,350.0691,-0.00553,0.00011,-0.00934,0.01086,2.24293,3.96443,0.74943,-1.02687,44.27927,282.1116,178.2458,-0.05232,-0.01777,-0.38136,0.38535,141.4531,3.95147,0.91026,-1.08852,40.28635,207.0082,323.034,-0.01276,0.00679,-0.02634,0.03005,9.46256
