time_s,head_pos_x,head_pos_y,head_pos_z,head_rot_x,head_rot_y,head_rot_z,head_vel_x,head_vel_y,head_vel_z,head_speed,head_spin_deg_s,left_pos_x,left_pos_y,left_pos_z,left_rot_x,left_rot_y,left_rot_z,left_vel_x,left_vel_y,left_vel_z,left_speed,left_spin_deg_s,right_pos_x,right_pos_y,right_pos_z,right_rot_x,right_rot_y,right_rot_z,right_vel_x,right_vel_y,right_vel_z,right_speed,right_spin_deg_s
0,-0.29636,2.30377,-0.98829,29.77082,158.8636,350.0488,0,0,0,0,0,-0.42679,1.82425,-0.78377,43.06152,279.5036,177.586,0,0,0,0,0,-0.43696,1.96802,-0.82738,40.0225,207.2261,322.8869,0,0,0,0,0
0.02,-0.29743,1.19735,-0.98165,28.9784,158.9418,350.2212,-0.01533,-12.46345,0.09084,12.46379,12.41438,-0.42637,0.70505,-0.79402,42.53524,274.3112,171.5144,0.00807,-12.6557,-0.05335,12.65582,47.98766,-0.43784,0.85881,-0.82858,38.72733,207.4498,322.3042,-0.00967,-12.50081,-0.00799,12.50082,20.1993
0.0422,-0.29777,1.20017,-0.97972,28.74985,159.0924,350.5021,-0.01535,-6.16824,0.08888,6.1689,13.49408,-0.42551,0.70661,-0.79345,42.34063,274.6818,172.4345,0.02328,-6.2927,-0.01405,6.29276,17.39788,-0.43789,0.86089,-0.82841,38.51515,207.3671,322.0197,-0.00579,-6.20372,-0.00007,6.20372,17.16218
0.0644,-0.29826,1.20367,-0.9771,28.59726,159.3441,350.7681,-0.01854,-3.00532,0.10347,3.00716,13.15913,-0.4237,0.7084,-0.7905,42.48579,276.0553,174.5321,0.05242,-3.10604,0.0595,3.10706,32.13507,-0.43819,0.86397,-0.82774,38.12392,207.4144,321.9502,-0.00962,-3.03232,0.01495,3.03237,17.10266
0.0866,-0.29877,1.20805,-0.9736,28.53825,159.5648,350.8237,-0.0218,-0.60212,0.14486,0.61968,9.44128,-0.42299,0.71054,-0.78255,43.19161,278.2693,177.0583,0.03144,-0.70165,0.29944,0.76352,76.23831,-0.43831,0.86733,-0.82661,37.85512,207.1578,321.416,-0.00577,-0.64763,0.04189,0.64901,20.01722
0.10881,-0.29934,1.21331,-0.96964,28.34252,159.6471,350.8682,-0.02519,0.02733,0.1697,0.17372,9.01624,-0.42269,0.7131,-0.7744,43.25499,280.3901,179.6576,0.02371,-0.08979,0.33502,0.34765,82.84259,-0.43823,0.87076,-0.82531,37.58836,206.9461,321.1347,0.00177,-0.04302,0.05475,0.06965,16.95031
0.13102,-0.2999,1.21994,-0.96471,28.03952,159.5009,350.8284,-0.0252,0.24091,0.2156,0.32427,13.28974,-0.42006,0.71583,-0.76775,43.38332,282.998,182.9785,0.09945,0.07022,0.31538,0.33806,105.6077,-0.43788,0.8744,-0.82401,37.23315,206.7415,321.2335,0.01529,0.11532,0.06189,0.13177,18.44942
0.15325,-0.30056,1.22753,-0.95937,27.64488,159.5597,350.8357,-0.02909,0.31369,0.23191,0.39119,16.81403,-0.41885,0.71847,-0.76002,43.65876,285.4116,185.8007,0.06366,0.10715,0.34376,0.36565,97.05235,-0.43775,0.87812,-0.8225,36.95821,206.4234,321.1826,0.00553,0.15532,0.06729,0.16936,17.58937
0.17546,-0.30138,1.23727,-0.95286,26.91938,159.7833,351.1306,-0.03498,0.41387,0.28102,0.50149,31.2557,-0.41783,0.72262,-0.75073,44.16183,287.9681,188.5663,0.05537,0.1754,0.39634,0.43694,96.95467,-0.4385,0.88336,-0.82013,36.64488,206.1819,320.7954,-0.02646,0.22245,0.09906,0.24494,18.66543
0.19766,-0.30207,1.24706,-0.94617,26.24678,159.8728,351.4356,-0.03232,0.43589,0.29869,0.5294,32.22353,-0.41536,0.72784,-0.74475,44.47026,290.193,191.3486,0.09824,0.22481,0.30018,0.38769,92.54751,-0.4396,0.88976,-0.81788,36.02612,206.0954,320.4335,-0.04674,0.28244,0.10381,0.30453,29.68095
0.21988,-0.3032,1.25767,-0.93857,25.67638,160.06,351.7071,-0.04708,0.46625,0.33268,0.5747,28.71747,-0.41423,0.73383,-0.73758,45.09129,292.1228,193.4652,0.05098,0.25904,0.32978,0.42245,77.43618,-0.44055,0.89694,-0.81522,35.34148,205.9657,320.2483,-0.04449,0.32208,0.11944,0.34638,31.41666
0.2421,-0.30459,1.26923,-0.92943,25.11959,160.4789,352.2927,-0.05737,0.50336,0.38886,0.63865,33.91874,-0.41401,0.74022,-0.73117,45.68202,293.3371,194.539,0.02155,0.28406,0.28914,0.4059,52.63435,-0.44129,0.90475,-0.81249,34.5718,205.7443,320.2883,-0.03791,0.35161,0.12433,0.37487,36.29799
0.26431,-0.30585,1.28061,-0.92086,24.41732,160.9364,352.8439,-0.06022,0.53122,0.40315,0.66959,41.61121,-0.41273,0.74686,-0.72712,46.06385,294.4144,195.7011,0.04843,0.29461,0.20915,0.36453,44.58803,-0.44231,0.91288,-0.80975,33.59635,205.772,320.4651,-0.0428,0.36208,0.12289,0.38475,42.48318
0.28654,-0.30749,1.29574,-0.90919,23.36291,162.0287,353.5693,-0.06818,0.63498,0.49242,0.80643,58.00947,-0.41374,0.75474,-0.72489,46.7924,293.8564,194.7413,-0.02971,0.33244,0.13662,0.36064,31.34648,-0.44411,0.923,-0.80529,32.59935,205.7206,319.8792,-0.0728,0.42635,0.18383,0.46997,45.6233
0.30875,-0.30891,1.30983,-0.89743,22.3719,162.7701,354.4688,-0.06623,0.6372,0.52287,0.82692,60.31394,-0.41503,0.76204,-0.7228,47.44994,293.1583,193.5294,-0.05194,0.33234,0.09681,0.35003,46.76934,-0.44591,0.93236,-0.80093,31.81514,205.8575,319.5689,-0.0795,0.42622,0.19624,0.47591,41.56921
0.33096,-0.31035,1.32447,-0.88518,21.24566,163.4641,355.5002,-0.0656,0.66001,0.55049,0.86195,66.51476,-0.41616,0.77007,-0.72263,48.03846,291.7824,191.5643,-0.05699,0.35801,0.02109,0.36313,64.31686,-0.4471,0.94245,-0.79641,30.85298,205.7045,319.2195,-0.05879,0.45273,0.20462,0.50029,43.88695
0.35319,-0.31143,1.33936,-0.87213,20.16234,164.2482,356.3796,-0.05267,0.67352,0.58676,0.89481,65.29641,-0.4186,0.77829,-0.72231,48.42409,289.7827,188.9689,-0.09933,0.36609,0.01944,0.37983,75.61584,-0.44801,0.95344,-0.79159,29.65124,205.4074,319.23,-0.04493,0.48566,0.21481,0.53294,52.4097
0.37542,-0.31213,1.355,-0.85709,18.85569,164.9557,357.0389,-0.03666,0.68907,0.64606,0.94528,66.76099,-0.42305,0.78712,-0.72278,48.42672,286.4376,184.8852,-0.17038,0.38837,-0.00917,0.4242,108.0525,-0.44886,0.96482,-0.78625,28.38466,205.0639,319.099,-0.04067,0.49557,0.22953,0.54766,54.63036
0.39764,-0.3125,1.37104,-0.84054,17.47299,165.5347,357.6832,-0.02167,0.71531,0.72403,1.01801,68.83997,-0.42761,0.797,-0.72529,47.8457,282.0901,179.7763,-0.19783,0.43129,-0.08751,0.48249,146.4374,-0.44955,0.97568,-0.78002,27.47433,204.6873,318.7339,-0.03441,0.49087,0.27132,0.56192,47.18661
0.41986,-0.31356,1.38663,-0.82427,16.46151,166.3062,358.2251,-0.04267,0.70725,0.7397,1.0243,60.12683,-0.43266,0.80676,-0.72659,47.06469,278.171,175.0525,-0.2321,0.44052,-0.06521,0.50218,152.9297,-0.45043,0.98594,-0.77324,26.6058,204.478,318.4196,-0.03771,0.46785,0.30347,0.55892,40.8671
0.44209,-0.31464,1.40143,-0.80906,15.6033,167.1115,358.763,-0.0449,0.67263,0.68392,0.9603,56.01628,-0.43683,0.81642,-0.72728,46.31527,274.9059,171.116,-0.1873,0.43276,-0.03821,0.4731,128.4097,-0.4511,0.99601,-0.76692,25.75939,204.0928,318.1583,-0.03356,0.45774,0.2821,0.53873,41.56929
0.46431,-0.31474,1.41587,-0.78967,14.82911,167.7533,359.1349,-0.00828,0.69501,0.92464,1.15675,48.91216,-0.44233,0.82702,-0.72731,44.9255,271.022,166.7217,-0.21736,0.45989,-0.00897,0.50874,140.7452,-0.45287,1.00543,-0.75825,25.29603,204.3003,317.8779,-0.06646,0.4312,0.3554,0.56272,29.91581
0.48652,-0.31427,1.42997,-0.77131,14.11378,167.8267,359.5461,0.01354,0.6488,0.84914,1.06872,37.26168,-0.44692,0.83794,-0.72574,43.56266,268.1523,163.6867,-0.20843,0.48349,0.05075,0.52894,125.182,-0.45399,1.01535,-0.75046,24.6391,204.0512,317.214,-0.05304,0.44443,0.3514,0.56905,36.72716
0.50874,-0.31356,1.44305,-0.75215,14.07948,168.2877,359.3851,0.0254,0.60309,0.85363,1.04549,22.75963,-0.45145,0.84947,-0.72234,42.05625,265.7192,161.0595,-0.19909,0.50499,0.12085,0.5561,115.7774,-0.45487,1.0265,-0.74158,23.48179,203.9049,317.7661,-0.04147,0.48856,0.38403,0.62281,50.22161
0.53094,-0.31324,1.45611,-0.73417,13.8409,169.0538,359.01,0.01604,0.59402,0.81649,1.00984,37.42514,-0.45477,0.8604,-0.7176,41.06926,263.846,158.9266,-0.16194,0.49323,0.18646,0.55161,93.71088,-0.4558,1.0374,-0.73259,22.24783,203.8456,317.8943,-0.0434,0.48686,0.3972,0.62983,52.60346
0.55316,-0.3129,1.46843,-0.71602,13.61492,169.9635,358.6462,0.01555,0.5634,0.81832,0.99364,45.09816,-0.45778,0.87017,-0.71112,40.24585,262.6214,157.9655,-0.1423,0.45092,0.26345,0.54128,64.57099,-0.45783,1.04763,-0.72283,21.13278,204.5759,318.5049,-0.08207,0.4645,0.42705,0.63629,56.56306
0.57537,-0.31251,1.47919,-0.69682,13.68464,170.9285,358.6151,0.01666,0.50862,0.8485,0.9894,42.59975,-0.4597,0.87763,-0.70182,40.42273,262.213,157.9991,-0.10466,0.37551,0.35609,0.52798,28.09068,-0.46068,1.05555,-0.71308,21.0757,205.4578,319.0625,-0.11093,0.38723,0.43053,0.58958,33.94494
0.59758,-0.31225,1.48898,-0.6781,13.92464,172.0025,359.1113,0.01231,0.45919,0.83909,0.9566,45.78222,-0.46081,0.88417,-0.69068,40.9546,262.2925,158.4721,-0.06668,0.32156,0.46227,0.56704,19.99468,-0.46433,1.06154,-0.70258,21.95286,205.6575,317.4655,-0.14391,0.3101,0.45777,0.57134,60.61985
0.6198,-0.31195,1.49906,-0.66072,13.57357,172.9928,359.4821,0.01335,0.45865,0.79537,0.91823,45.19246,-0.46256,0.89124,-0.67818,40.62705,262.8943,160.1062,-0.07911,0.32288,0.52022,0.61736,44.53192,-0.46709,1.06809,-0.69201,22.29873,205.4216,315.3356,-0.12635,0.30908,0.46589,0.57319,71.13881
0.64202,-0.31155,1.50713,-0.6443,13.03203,174.0999,359.4879,0.01686,0.39298,0.75842,0.85436,51.19328,-0.46246,0.89456,-0.6624,41.91282,264.7263,163.0742,-0.00779,0.18482,0.66017,0.6856,95.45074,-0.47023,1.07544,-0.68129,21.72066,206.9766,317.6399,-0.13878,0.32843,0.47824,0.59652,72.98825
0.66425,-0.31101,1.5135,-0.62718,13.31201,175.5109,358.9141,0.02262,0.30459,0.76805,0.82655,69.47327,-0.46048,0.89673,-0.64615,44.99672,266.9182,165.4863,0.07654,0.1099,0.73544,0.74753,152.1501,-0.47264,1.08371,-0.67019,20.38326,207.894,319.284,-0.1129,0.36024,0.48896,0.61774,76.05313
0.68647,-0.31078,1.51975,-0.61032,13.66731,177.0098,358.797,0.01294,0.29216,0.75976,0.8141,68.4253,-0.46051,0.90139,-0.62855,45.93261,269.6683,169.5844,0.01083,0.19224,0.75079,0.77509,124.7373,-0.47542,1.09052,-0.65894,19.79638,208.385,319.3174,-0.12239,0.32222,0.4976,0.60532,39.64652
0.70868,-0.31072,1.5254,-0.5954,13.3003,178.6064,358.9815,0.00472,0.26497,0.68583,0.73525,70.38287,-0.46142,0.90511,-0.60869,45.75765,273.1931,174.9745,-0.02095,0.15926,0.86595,0.88073,155.2373,-0.4809,1.09309,-0.64685,20.81052,209.3763,317.877,-0.22871,0.14758,0.53865,0.60352,84.08909
0.73089,-0.31145,1.53036,-0.58313,12.34285,180.5527,359.2801,-0.0248,0.23576,0.58906,0.63497,88.97061,-0.46041,0.90643,-0.58993,47.44258,276.7683,178.8775,0.03409,0.07365,0.85807,0.8619,146.9207,-0.48581,1.0951,-0.63495,21.65994,210.4182,316.4804,-0.21913,0.09884,0.53349,0.58515,93.82926
0.75312,-0.31297,1.53462,-0.57077,11.91032,183.0396,359.4771,-0.06027,0.1991,0.56276,0.59997,107.6133,-0.4604,0.90711,-0.57019,47.99113,280.9131,184.0578,0.0031,0.04519,0.87895,0.88011,154.9658,-0.48859,1.09566,-0.62397,22.63004,210.9103,316.4,-0.14283,0.05115,0.50001,0.52252,49.7375
0.77534,-0.31533,1.53816,-0.55874,11.91458,185.9418,359.8775,-0.09477,0.17125,0.54863,0.5825,121.9167,-0.46171,0.90771,-0.55026,47.28038,284.7418,189.4936,-0.04323,0.02856,0.89035,0.89186,160.9059,-0.49035,1.09657,-0.6139,22.49285,212.2883,320.2415,-0.09977,0.04425,0.46831,0.48086,125.602
0.79757,-0.31886,1.54055,-0.54811,12.35806,189.7715,359.9,-0.14972,0.11541,0.48632,0.52177,166.9107,-0.46212,0.90769,-0.53112,47.49234,288.671,193.7028,-0.02239,0.0111,0.86565,0.86601,137.2315,-0.49362,1.09779,-0.60284,22.4828,214.1395,322.6848,-0.13866,0.04858,0.49293,0.51436,109.3054
0.81979,-0.3225,1.54309,-0.53761,12.91815,194.2081,359.3214,-0.169,0.10659,0.46801,0.50888,206.6573,-0.46304,0.90935,-0.51275,47.3826,292.2652,197.5877,-0.04024,0.06481,0.83486,0.83834,126.5739,-0.49746,1.09786,-0.59113,23.07733,215.5863,322.7146,-0.16406,0.01066,0.51922,0.54463,65.57449
0.842,-0.32692,1.54542,-0.5273,13.77863,199.4749,359.0179,-0.18077,0.11513,0.47774,0.52361,222.9258,-0.46688,0.91318,-0.49514,45.28184,294.3014,201.5208,-0.13035,0.14026,0.80286,0.82537,141.1594,-0.50015,1.09648,-0.57958,24.54882,215.9843,320.8379,-0.1254,-0.03761,0.51594,0.53229,88.55984
0.86422,-0.33153,1.54684,-0.51775,14.47801,205.0852,359.456,-0.20061,0.07248,0.43686,0.48615,242.7977,-0.47188,0.91679,-0.47932,42.70165,294.9308,203.9554,-0.19367,0.15337,0.73285,0.77337,136.8374,-0.50215,1.09671,-0.56874,25.30016,216.7085,320.8475,-0.10173,0.00343,0.49565,0.506,52.96838
0.88644,-0.33541,1.54868,-0.50834,14.61343,209.9961,0.06886,-0.18005,0.08297,0.4277,0.47141,220.2713,-0.47561,0.91917,-0.46489,41.31474,296.085,205.3689,-0.16805,0.1189,0.67698,0.70758,93.01068,-0.50475,1.09766,-0.5577,25.51185,218.547,321.947,-0.11393,0.0323,0.49703,0.51094,66.95912
0.90866,-0.33934,1.55007,-0.4997,14.37082,214.871,0.68603,-0.17865,0.06334,0.39693,0.43986,216.0558,-0.48041,0.92309,-0.45102,38.00327,298.627,207.9613,-0.19697,0.16697,0.63585,0.68628,153.609,-0.50732,1.0994,-0.54639,25.14448,221.6282,324.0382,-0.1165,0.06937,0.5086,0.52637,114.8718
0.93089,-0.34325,1.55112,-0.49023,14.53292,219.711,1.27446,-0.1768,0.04911,0.41926,0.45766,213.8822,-0.48297,0.92574,-0.4403,36.11693,302.9423,204.2604,-0.13379,0.12879,0.51859,0.55084,274.8924,-0.50843,1.1011,-0.53646,25.17936,222.8059,324.2636,-0.06925,0.07514,0.46357,0.4747,61.47383
0.95311,-0.34727,1.5506,-0.48092,15.10565,224.779,2.19759,-0.17782,-0.00491,0.41973,0.45587,219.0215,-0.48468,0.92763,-0.43049,34.7775,307.7675,199.9378,-0.0933,0.0973,0.46081,0.48012,343.017,-0.51025,1.10112,-0.52577,26.28411,224.2442,323.8847,-0.08078,0.02182,0.47828,0.48555,77.40883
0.97532,-0.35032,1.54995,-0.47205,15.81774,229.4162,2.89002,-0.14348,-0.02534,0.40158,0.4272,207.5555,-0.48668,0.92849,-0.42402,34.05408,311.7434,193.907,-0.09124,0.05419,0.34008,0.35625,368.1421,-0.51259,1.10135,-0.51489,26.9369,226.1798,322.4815,-0.09823,0.02198,0.48811,0.49838,114.4799
0.99753,-0.3519,1.54892,-0.46404,16.82024,233.564,2.72244,-0.08492,-0.04356,0.36967,0.38179,196.6084,-0.48896,0.92828,-0.41954,34.57524,313.7076,188.5739,-0.10246,0.00244,0.22004,0.24274,312.3902,-0.514,1.10438,-0.50469,26.00327,228.413,323.2429,-0.06696,0.12303,0.45902,0.47992,94.92043
1.01974,-0.35242,1.54696,-0.45626,18.12691,237.8952,1.98473,-0.03734,-0.07974,0.35477,0.36553,211.3959,-0.49086,0.929,-0.41475,34.53033,315.5493,186.0526,-0.08399,0.02287,0.21267,0.2298,201.5217,-0.51571,1.10914,-0.49471,23.59883,231.7006,326.4602,-0.07589,0.19617,0.45314,0.49958,170.756
1.04196,-0.35354,1.54525,-0.44832,18.93538,242.4802,2.05155,-0.04458,-0.08189,0.35226,0.36439,208.4405,-0.4904,0.92782,-0.41119,36.37672,318.5305,184.7522,0.00924,-0.05039,0.14626,0.15497,195.1141,-0.51752,1.112,-0.48463,22.19625,234.3651,327.3664,-0.08057,0.14104,0.44946,0.47791,135.1297
1.06419,-0.35491,1.54408,-0.4411,18.92035,246.8354,2.49204,-0.05605,-0.05958,0.32525,0.33538,191.8644,-0.49089,0.92614,-0.40898,38.33379,320.1472,181.6416,-0.01651,-0.07378,0.09941,0.12489,206.0438,-0.51993,1.11219,-0.47492,22.14645,236.8686,327.2649,-0.10689,0.02724,0.43521,0.44897,114.2461
1.08639,-0.35579,1.54303,-0.43469,18.50736,250.8016,2.6164,-0.0437,-0.04998,0.30245,0.30965,182.5952,-0.49212,0.92415,-0.40786,39.90011,320.2617,178.2353,-0.04324,-0.0807,0.07555,0.11871,177.4783,-0.52296,1.11112,-0.46516,22.59744,239.5134,326.686,-0.12772,-0.03055,0.44014,0.45931,127.957
1.10861,-0.35603,1.54194,-0.42784,18.60704,254.9201,2.27761,-0.01704,-0.0488,0.3064,0.31073,188.9464,-0.4923,0.92226,-0.40603,41.66804,321.1215,176.4979,-0.01304,-0.08574,0.07741,0.11625,140.3854,-0.52537,1.11045,-0.45543,22.77248,242.0722,325.7769,-0.11085,-0.02849,0.43559,0.45038,134.1723
1.13083,-0.35484,1.54153,-0.42186,18.63954,258.8132,1.3247,0.02812,-0.0249,0.28209,0.28458,190.3306,-0.49118,0.91997,-0.40463,43.434,321.6998,177.1471,0.03074,-0.09734,0.07135,0.12454,81.5351,-0.52663,1.11127,-0.44798,21.41323,244.541,326.6078,-0.06836,0.02132,0.35923,0.3663,112.106
1.15305,-0.35388,1.54132,-0.41659,18.39814,262.2903,0.74293,0.03924,-0.01448,0.24621,0.24974,171.7634,-0.49074,0.91779,-0.40247,44.91937,322.2956,176.7911,0.02405,-0.09972,0.08956,0.13617,77.79142,-0.52776,1.11186,-0.44011,20.40116,247.0451,327.7463,-0.05291,0.02482,0.35328,0.35808,116.0643
1.17527,-0.35235,1.541,-0.41271,18.07315,265.1139,0.38832,0.06064,-0.0143,0.19219,0.20203,142.1046,-0.49025,0.91538,-0.40002,45.78602,322.2759,176.9506,0.02055,-0.10584,0.10858,0.15302,40.69541,-0.52856,1.11,-0.43303,20.35058,249.4782,327.5665,-0.04065,-0.06845,0.32601,0.33559,107.9567
1.19749,-0.35028,1.54067,-0.40996,18.02248,267.3987,0.24114,0.08427,-0.01563,0.14186,0.16574,114.4729,-0.49106,0.91424,-0.39616,45.01355,321.7137,177.0526,-0.02544,-0.06114,0.16107,0.17416,32.20674,-0.52921,1.10668,-0.42651,21.61244,251.3227,326.1689,-0.03128,-0.13085,0.30002,0.3288,123.4103
1.21971,-0.34837,1.5402,-0.40699,18.26266,269.881,0.08971,0.08479,-0.01974,0.13808,0.16323,115.9313,-0.49218,0.91387,-0.39227,43.91449,320.9824,176.656,-0.04248,-0.02704,0.16756,0.17496,45.99779,-0.52927,1.10393,-0.41984,22.82575,253.1488,324.8167,-0.01532,-0.10967,0.31123,0.33035,121.7942
1.24195,-0.34552,1.54,-0.40652,18.87306,271.4663,359.9218,0.1095,-0.01093,0.05855,0.12465,89.53321,-0.49229,0.91529,-0.38788,42.40876,320.1282,176.5764,-0.00602,0.04067,0.1859,0.19039,59.90056,-0.52656,1.10368,-0.414,23.22651,255.0284,323.5333,0.08954,-0.02083,0.27241,0.2875,115.2298
1.26415,-0.34362,1.53925,-0.40576,19.24532,273.1062,0.11368,0.09187,-0.03162,0.03881,0.10462,75.67384,-0.49166,0.91611,-0.3833,41.52076,320.2661,177.1068,0.02011,0.03659,0.20158,0.20586,47.48957,-0.52459,1.10492,-0.4077,22.55937,257.7607,324.0472,0.08977,0.04027,0.28076,0.2975,114.2558
1.28637,-0.34151,1.53718,-0.40567,19.39793,274.4481,0.32739,0.09438,-0.0807,0.01096,0.12466,61.47116,-0.49006,0.91764,-0.37853,40.29085,320.8593,177.8958,0.05952,0.0633,0.20916,0.22649,58.31646,-0.52084,1.10671,-0.40252,21.71525,260.0341,324.1874,0.15423,0.06419,0.24224,0.29426,104.6488
1.30859,-0.33957,1.53524,-0.406,19.59272,275.6224,0.20556,0.08823,-0.08223,-0.00875,0.12092,57.31407,-0.48902,0.91929,-0.37361,38.40066,321.0363,177.5512,0.05017,0.07339,0.21874,0.23611,82.1935,-0.51625,1.10724,-0.3983,21.56976,261.3591,323.8317,0.19748,0.03343,0.19726,0.28112,73.43577
1.33082,-0.33781,1.53416,-0.40602,20.04325,276.9655,0.07738,0.0804,-0.05714,0.00715,0.0989,66.07041,-0.48796,0.92013,-0.37094,37.00277,321.3457,177.338,0.0417,0.03726,0.11629,0.12904,57.08403,-0.51124,1.10729,-0.39514,21.14541,262.7296,323.9988,0.21505,0.00736,0.16008,0.26819,67.17028
1.35303,-0.33572,1.53263,-0.40593,20.71195,278.0483,0.29922,0.09187,-0.06831,0.00858,0.1148,57.69213,-0.48796,0.92013,-0.37094,37.00277,321.3457,177.338,0.01043,0.00932,0.02907,0.03226,14.27101,-0.50666,1.10674,-0.39159,20.74203,264.6351,324.5601,0.213,-0.02109,0.15349,0.26339,77.07542
1.37525,-0.33316,1.5307,-0.40539,21.24159,279.0804,0.53813,0.11441,-0.08509,0.01741,0.14364,49.01341,-0.48796,0.92013,-0.37094,37.00277,321.3457,177.338,0.00261,0.00233,0.00727,0.00806,3.56775,-0.50167,1.10571,-0.38929,20.7109,265.9207,325.3036,0.22177,-0.04354,0.10818,0.25056,54.76897
1.39746,-0.33064,1.52941,-0.40462,21.62985,280.2101,0.53601,0.11195,-0.06285,0.03151,0.1322,52.45845,-0.48796,0.92013,-0.37094,37.00277,321.3457,177.338,0.00065,0.00058,0.00182,0.00202,0.89194,-0.49662,1.10484,-0.38728,21.13708,266.575,325.7424,0.22462,-0.03401,0.10063,0.24847,38.4505
1.41967,-0.32839,1.52924,-0.40368,21.86292,281.3143,0.37364,0.1031,-0.01877,0.04084,0.11247,52.90553,-0.48796,0.92013,-0.37094,37.00277,321.3457,177.338,0.00016,0.00015,0.00045,0.0005,0.22298,-0.49118,1.10628,-0.38433,20.40338,267.6057,325.9986,0.24024,0.04205,0.12826,0.27556,49.04891
1.4419,-0.32635,1.52949,-0.40219,21.96906,282.3179,0.24202,0.09368,0.00711,0.06293,0.11308,48.16756,-0.48796,0.92013,-0.37094,37.00277,321.3457,177.338,0.00004,0.00004,0.00011,0.00013,0.05575,-0.48555,1.10883,-0.37977,19.36471,269.3335,326.9973,0.25232,0.10694,0.19221,0.33474,81.5691
1.46411,-0.32453,1.52974,-0.40011,22.05117,283.5001,0.04568,0.08424,0.01019,0.0874,0.12181,55.52218,-0.48796,0.92013,-0.37094,37.00277,321.3457,177.338,0.00001,0.00001,0.00003,0.00003,0.01394,-0.48004,1.11134,-0.37512,18.36944,270.8857,327.6094,0.2463,0.10024,0.199,0.33213,76.33859
1.48633,-0.32323,1.53063,-0.39626,21.64778,285.0317,359.9417,0.06452,0.03194,0.15551,0.17136,68.28545,-0.48796,0.92013,-0.37094,37.00277,321.3457,177.338,0,0,0.00001,0.00001,0.00348,-0.47481,1.11203,-0.37027,18.64426,271.7624,327.6939,0.23689,0.04687,0.21794,0.32529,47.16718
1.50855,-0.32149,1.53074,-0.39268,21.56881,286.5345,0.02512,0.07395,0.01614,0.1788,0.19416,68.18301,-0.48796,0.92013,-0.37094,37.00277,321.3457,177.338,0,0,0,0,0.00087,-0.47018,1.11195,-0.36311,18.33134,274.3246,329.8624,0.21374,0.0093,0.30651,0.37379,110.9503
1.53077,-0.31902,1.53032,-0.38825,21.87913,288.0042,0.09005,0.10205,-0.01127,0.18914,0.21521,66.69166,-0.48796,0.92013,-0.37094,37.00277,321.3457,177.338,0,0,0,0,0.00022,-0.46589,1.11708,-0.35565,16.0376,275.3082,329.7101,0.20199,0.16508,0.3072,0.40302,88.86332
1.553,-0.31618,1.52952,-0.3834,22.50906,289.5485,0.05857,0.119,-0.02945,0.20783,0.2413,72.19818,-0.48796,0.92013,-0.37094,37.00277,321.3457,177.338,0,0,0,0,0.00005,-0.46155,1.11505,-0.34948,17.65545,276.3578,329.1898,0.19721,-0.04794,0.28638,0.35101,70.40556
1.57522,-0.31352,1.52872,-0.37786,23.07598,291.0237,359.9922,0.11954,-0.03442,0.24244,0.27249,72.03227,-0.48796,0.92013,-0.37094,37.00277,321.3457,177.338,0,0,0,0,0.00001,-0.45839,1.11697,-0.34486,16.95258,276.0375,328.7149,0.15665,0.06616,0.23342,0.2888,28.81706
1.59744,-0.3109,1.52783,-0.37179,23.34676,292.6397,359.7392,0.11919,-0.03868,0.26895,0.29671,77.93734,-0.48796,0.92013,-0.37094,37.00277,321.3457,177.338,0,0,0,0,0,-0.45477,1.11805,-0.33751,16.40879,278.2439,329.4081,0.16033,0.05571,0.30408,0.34824,75.28773
1.61966,-0.30801,1.52717,-0.36455,23.49356,294.604,359.5922,0.12771,-0.03273,0.31423,0.34077,88.13437,-0.48796,0.92013,-0.37094,37.00277,321.3457,177.338,0,0,0,0,0,-0.45206,1.1216,-0.33148,14.85244,278.9901,330.2668,0.13199,0.12908,0.27751,0.33331,71.7357
1.64188,-0.30499,1.52591,-0.3569,23.77461,296.4594,359.511,0.13542,-0.05427,0.34277,0.37252,86.48017,-0.48796,0.92013,-0.37094,37.00277,321.3457,177.338,0,0,0,0,0,-0.44938,1.12404,-0.32577,14.25359,279.3578,330.4281,0.1203,0.11745,0.26228,0.31155,39.87497
1.6641,-0.30168,1.52413,-0.34938,24.33257,298.133,359.3029,0.14762,-0.07677,0.34398,0.38211,84.42844,-0.48796,0.92013,-0.37094,37.00277,321.3457,177.338,0,0,0,0,0,-0.44752,1.12599,-0.31839,14.10429,279.7383,329.195,0.08981,0.08375,0.32524,0.34765,52.86365
1.68632,-0.29836,1.52259,-0.34157,24.71088,300.0613,358.9309,0.1479,-0.06875,0.35145,0.38745,94.59329,-0.48796,0.92013,-0.37094,37.00277,321.3457,177.338,0,0,0,0,0,-0.44577,1.12776,-0.31069,13.88349,280.2683,327.868,0.07877,0.092,0.33714,0.35824,70.99617
1.70854,-0.29559,1.52195,-0.33312,24.65302,302.1639,358.6758,0.12823,-0.03624,0.3744,0.39741,97.53954,-0.48796,0.92013,-0.37094,37.00277,321.3457,177.338,0,0,0,0,0,-0.44382,1.13108,-0.30015,12.31758,282.8246,328.917,0.08788,0.14298,0.43339,0.46475,106.633
1.73076,-0.29304,1.52134,-0.32488,24.54514,304.1364,358.5981,0.11966,-0.0316,0.36776,0.38803,91.47348,-0.48796,0.92013,-0.37094,37.00277,321.3457,177.338,0,0,0,0,0,-0.44159,1.13476,-0.29208,10.28029,284.1996,328.9636,0.09617,0.15773,0.37283,0.41609,105.1168
1.75298,-0.29034,1.52068,-0.31569,24.49496,306.2905,358.6809,0.12227,-0.03152,0.39697,0.41657,93.86302,-0.48796,0.92013,-0.37094,37.00277,321.3457,177.338,0,0,0,0,0,-0.43987,1.13821,-0.28592,8.58843,284.7181,330.3838,0.07946,0.16187,0.29708,0.34752,97.21173
1.7752,-0.28758,1.51997,-0.30728,24.69539,308.311,358.68,0.12364,-0.03072,0.38595,0.40644,92.11812,-0.48796,0.92013,-0.37094,37.00277,321.3457,177.338,0,0,0,0,0,-0.43853,1.14129,-0.27942,7.15275,285.3153,331.5224,0.06285,0.14323,0.29649,0.33521,88.59185
1.79742,-0.28499,1.51957,-0.29863,24.93366,310.3388,358.6954,0.11807,-0.02152,0.38652,0.40473,92.02893,-0.48796,0.92013,-0.37094,37.00277,321.3457,177.338,0,0,0,0,0,-0.43751,1.14315,-0.27124,6.52106,286.3516,331.5352,0.05336,0.09821,0.34736,0.3649,55.49268
1.81964,-0.28274,1.51953,-0.28973,24.85537,312.4081,358.545,0.10522,-0.0073,0.39615,0.40995,95.45148,-0.48796,0.92013,-0.37094,37.00277,321.3457,177.338,0,0,0,0,0,-0.43643,1.14473,-0.26223,6.20489,287.3365,331.1682,0.05279,0.08446,0.39514,0.4075,54.00124
1.84186,-0.2807,1.51937,-0.28086,24.72403,314.5783,358.3987,0.0934,-0.00576,0.39835,0.4092,99.80738,-0.48796,0.92013,-0.37094,37.00277,321.3457,177.338,0,0,0,0,0,-0.43274,1.15334,-0.25132,2.83465,289.6471,331.7815,0.15361,0.36323,0.4753,0.61761,169.0809
1.86408,-0.2787,1.51936,-0.27223,24.81632,316.6958,358.2728,0.09534,-0.00676,0.38827,0.39986,97.3107,-0.48796,0.92013,-0.37094,37.00277,321.3457,177.338,0,0,0,0,0,-0.42879,1.16174,-0.24195,359.7715,291.4421,331.5766,0.16068,0.33639,0.42627,0.56629,149.0866
1.8863,-0.2776,1.5198,-0.26334,24.79774,319.0697,358.264,0.06239,0.00914,0.395,0.4,104.6088,-0.48796,0.92013,-0.37094,37.00277,321.3457,177.338,0,0,0,0,0,-0.42735,1.16369,-0.23545,359.4954,292.1412,333.7527,0.07369,0.12045,0.31886,0.34873,96.99998
1.90852,-0.27626,1.51927,-0.255,24.68229,321.4875,358.1534,0.06283,-0.01774,0.37883,0.38441,109.331,-0.48796,0.92013,-0.37094,37.00277,321.3457,177.338,0,0,0,0,0,-0.42625,1.16586,-0.22803,358.2005,292.1557,336.7203,0.0641,0.1233,0.33949,0.36683,116.999
1.93074,-0.27453,1.51675,-0.2481,24.55889,324.1964,358.0451,0.07794,-0.09378,0.32488,0.34701,118.9906,-0.48796,0.92013,-0.37094,37.00277,321.3457,177.338,0,0,0,0,0,-0.42288,1.16546,-0.21594,358.2231,294.9357,336.7587,0.13649,0.00501,0.4992,0.51755,102.8414
1.95296,-0.27218,1.51315,-0.24237,24.90952,326.7133,358.0748,0.09741,-0.13654,0.28075,0.32704,113.3255,-0.48796,0.92013,-0.37094,37.00277,321.3457,177.338,0,0,0,0,0,-0.41885,1.1662,-0.20582,357.9613,295.7505,336.3509,0.17384,0.03414,0.47012,0.50239,59.63686
1.97518,-0.27025,1.50983,-0.23866,25.93176,329.1158,358.1013,0.08697,-0.13643,0.19875,0.25628,113.6041,-0.48796,0.92013,-0.37094,37.00277,321.3457,177.338,0,0,0,0,0,-0.41354,1.16857,-0.19579,356.1606,297.9609,336.4774,0.22811,0.0897,0.45149,0.51374,113.948
1.99741,-0.26907,1.50869,-0.23508,26.49845,331.2287,358.2818,0.05824,-0.06659,0.16157,0.18421,98.89514,-0.48796,0.92013,-0.37094,37.00277,321.3457,177.338,0,0,0,0,0,-0.40936,1.1703,-0.18848,354.0425,299.638,337.4737,0.18844,0.07636,0.35753,0.4113,121.465
2.01963,-0.26823,1.50862,-0.23144,26.60296,333.368,358.3982,0.04011,-0.01228,0.15736,0.16285,94.99535,-0.48796,0.92013,-0.37094,37.00277,321.3457,177.338,0,0,0,0,0,-0.40841,1.16909,-0.18301,353.6002,300.2511,339.7171,0.08747,-0.01098,0.28754,0.30075,97.98387
2.04185,-0.26783,1.51064,-0.2285,26.06156,335.9385,358.4645,0.024,0.068,0.14174,0.15903,112.2459,-0.48796,0.92013,-0.37094,37.00277,321.3457,177.338,0,0,0,0,0,-0.40937,1.16545,-0.17657,355.2871,301.2431,341.6342,0.00932,-0.10457,0.30949,0.32681,105.2805
2.06407,-0.26717,1.5134,-0.2253,25.39985,338.826,358.8864,0.02877,0.11394,0.13971,0.18257,123.2398,-0.48796,0.92013,-0.37094,37.00277,321.3457,177.338,0,0,0,0,0,-0.40633,1.16655,-0.16803,355.0291,304.0258,340.873,0.10864,0.01688,0.35996,0.37638,106.9367
2.08629,-0.26634,1.51564,-0.22227,25.1266,341.6669,359.4475,0.03573,0.10055,0.139,0.17524,119.8361,-0.48796,0.92013,-0.37094,37.00277,321.3457,177.338,0,0,0,0,0,-0.40323,1.16836,-0.16145,354.7727,305.8144,341.2114,0.13023,0.06621,0.30768,0.3406,86.53728
2.10852,-0.26576,1.51809,-0.21981,24.89954,344.522,0.08228,0.02627,0.11045,0.11417,0.16101,119.9654,-0.48796,0.92013,-0.37094,37.00277,321.3457,177.338,0,0,0,0,0,-0.39987,1.17119,-0.15613,355.1924,307.1536,341.6375,0.15377,0.12458,0.24842,0.31761,72.48706
2.13074,-0.266,1.52085,-0.21781,24.59392,347.3064,0.43606,0.00108,0.11403,0.10182,0.15288,120.2081,-0.48796,0.92013,-0.37094,37.00277,321.3457,177.338,0,0,0,0,0,-0.39489,1.17523,-0.15063,354.944,309.146,340.7616,0.21321,0.17636,0.23838,0.36522,86.98459
2.15296,-0.26666,1.52341,-0.21585,24.0666,349.9726,0.53468,-0.02613,0.11651,0.08714,0.14781,121.0593,-0.48796,0.92013,-0.37094,37.00277,321.3457,177.338,0,0,0,0,0,-0.39019,1.17875,-0.14647,354.6033,310.8147,340.1087,0.2224,0.17482,0.17994,0.33526,83.04017
2.17518,-0.26726,1.52512,-0.21382,23.67774,352.5072,0.72212,-0.02243,0.08458,0.09472,0.12895,114.5093,-0.48796,0.92013,-0.37094,37.00277,321.3457,177.338,0,0,0,0,0,-0.38578,1.18309,-0.14493,353.9177,312.1777,340.8763,0.20445,0.18537,0.10331,0.29468,77.55056
2.19741,-0.26842,1.52583,-0.21292,23.6139,354.8206,0.96655,-0.0444,0.04357,0.05369,0.08217,103.0111,-0.48796,0.92013,-0.37094,37.00277,321.3457,177.338,0,0,0,0,0,-0.38127,1.18629,-0.14194,353.1818,314.2539,341.2585,0.20245,0.1516,0.12985,0.2843,95.35285
2.21963,-0.26987,1.52606,-0.2126,23.92245,357.1619,1.15029,-0.0649,0.01567,0.01809,0.06917,103.1911,-0.48796,0.92013,-0.37094,37.00277,321.3457,177.338,0,0,0,0,0,-0.37728,1.18798,-0.1392,352.5961,316.2366,341.4309,0.18276,0.09055,0.12622,0.23986,94.19204
2.24186,-0.27132,1.52637,-0.2121,24.07678,359.6743,1.20635,-0.05487,0.02128,0.03517,0.06856,109.1444,-0.48796,0.92013,-0.37094,37.00277,321.3457,177.338,0,0,0,0,0,-0.37398,1.18899,-0.13637,352.3972,317.8807,341.8997,0.16451,0.07052,0.13417,0.22369,83.91478
2.26408,-0.27331,1.52617,-0.21254,24.0341,2.35209,1.38167,-0.07036,0.00662,0.00925,0.07127,114.1906,-0.48796,0.92013,-0.37094,37.00277,321.3457,177.338,0,0,0,0,0,-0.37224,1.18739,-0.13427,353.1713,319.4924,343.2253,0.11672,-0.00649,0.11401,0.16329,90.12793
2.28631,-0.27583,1.52554,-0.21402,23.92471,4.9502,1.76274,-0.10088,-0.01792,-0.04409,0.11154,111.4164,-0.48796,0.92013,-0.37094,37.00277,321.3457,177.338,0,0,0,0,0,-0.36898,1.18698,-0.13121,353.7162,322.0629,342.5142,0.14944,-0.00594,0.13788,0.20342,110.8732
2.30854,-0.27653,1.52578,-0.21361,23.8622,6.42714,1.8845,-0.04312,0.00166,-0.00066,0.04316,64.5641,-0.48796,0.92013,-0.37094,37.00277,321.3457,177.338,0,0,0,0,0,-0.36545,1.18791,-0.12829,353.7055,324.0079,342.7056,0.15646,0.02974,0.13272,0.20731,93.54738
2.33076,-0.28136,1.52415,-0.21668,23.52931,9.50025,2.20571,-0.14992,-0.04398,-0.08177,0.17634,107.2467,-0.48796,0.92013,-0.37094,37.00277,321.3457,177.338,0,0,0,0,0,-0.36142,1.18882,-0.12582,353.9254,327.5563,341.4751,0.17229,0.04362,0.10669,0.20729,132.8437
2.35298,-0.28465,1.52219,-0.21897,23.06678,11.5513,2.17654,-0.14622,-0.07602,-0.09664,0.19104,97.79516,-0.48796,0.92013,-0.37094,37.00277,321.3457,177.338,0,0,0,0,0,-0.35753,1.19004,-0.12436,353.6703,329.9751,340.9619,0.17369,0.0526,0.07437,0.19613,114.2935
2.3752,-0.28778,1.5206,-0.2213,23.02749,13.62625,2.10958,-0.13719,-0.06692,-0.09525,0.17992,95.99032,-0.48796,0.92013,-0.37094,37.00277,321.3457,177.338,0,0,0,0,0,-0.35463,1.19082,-0.12487,353.1665,331.9605,340.676,0.13875,0.03332,0.00268,0.14272,98.07807
2.39744,-0.29068,1.51922,-0.22422,23.17437,15.70846,2.37633,-0.1324,-0.06175,-0.12581,0.1928,90.64585,-0.48796,0.92013,-0.37094,37.00277,321.3457,177.338,0,0,0,0,0,-0.35197,1.19071,-0.12499,352.9839,334.248,340.7888,0.12131,0.00189,-0.008,0.12159,102.1811
2.41965,-0.29328,1.51959,-0.22648,23.29703,17.73135,2.48029,-0.1199,0.00324,-0.10633,0.16029,90.56048,-0.48796,0.92013,-0.37094,37.00277,321.3457,177.338,0,0,0,0,0,-0.35014,1.1899,-0.12534,353.1612,336.3798,340.5297,0.09411,-0.02864,-0.00879,0.09876,97.88376
2.44187,-0.29508,1.51986,-0.22775,23.31101,19.34177,2.61505,-0.08521,0.00423,-0.06449,0.10694,70.34763,-0.48796,0.92013,-0.37094,37.00277,321.3457,177.338,0,0,0,0,0,-0.34763,1.18911,-0.12505,353.5222,338.7582,340.2092,0.11293,-0.02549,0.00697,0.11598,103.3234
2.46409,-0.29603,1.52413,-0.22951,22.69926,21.93235,2.92798,-0.0495,0.12238,-0.07281,0.15076,99.44884,-0.48796,0.92013,-0.37094,37.00277,321.3457,177.338,0,0,0,0,0,-0.3444,1.18778,-0.12472,354.1935,342.5869,339.4259,0.14423,-0.0417,0.01002,0.15048,150.3816
2.48633,-0.29632,1.52587,-0.23124,22.10278,24.11434,2.84351,-0.01988,0.08907,-0.07747,0.11971,102.6903,-0.48796,0.92013,-0.37094,37.00277,321.3457,177.338,0,0,0,0,0,-0.33998,1.18637,-0.12455,355.5808,345.5937,338.8284,0.18982,-0.06576,0.00986,0.20113,150.06
2.50855,-0.29447,1.5277,-0.23393,21.56261,26.43757,2.99122,0.0474,0.07787,-0.10972,0.14265,103.0727,-0.48796,0.92013,-0.37094,37.00277,321.3457,177.338,0,0,0,0,0,-0.335,1.18515,-0.12573,357.1034,347.4817,337.5634,0.21798,-0.05199,-0.03882,0.22743,123.9579
2.53078,-0.29349,1.52885,-0.2369,21.50134,28.72991,3.15511,0.0661,0.06005,-0.14048,0.16646,101.6892,-0.48796,0.92013,-0.37094,37.00277,321.3457,177.338,0,0,0,0,0,-0.3289,1.18464,-0.12723,357.9695,349.9663,336.3093,0.25269,-0.02935,-0.05932,0.26121,125.9282
2.553,-0.29188,1.52979,-0.24071,21.85793,31.03183,2.85273,0.06821,0.04503,-0.16355,0.18283,107.8264,-0.48796,0.92013,-0.37094,37.00277,321.3457,177.338,0,0,0,0,0,-0.32179,1.18515,-0.1299,358.2298,352.1981,334.1181,0.29539,0.00373,-0.10089,0.31217,131.0651
2.57522,-0.29085,1.53039,-0.24439,22.1118,33.14784,2.51069,0.05047,0.0312,-0.16476,0.17512,103.434,-0.48796,0.92013,-0.37094,37.00277,321.3457,177.338,0,0,0,0,0,-0.31494,1.18487,-0.13214,358.4447,354.8239,333.4644,0.30309,-0.00969,-0.09857,0.31886,120.0101
2.59745,-0.28938,1.53079,-0.24861,22.36553,34.9431,2.31741,0.06253,0.02113,-0.18361,0.19511,89.18306,-0.48796,0.92013,-0.37094,37.00277,321.3457,177.338,0,0,0,0,0,-0.30864,1.1836,-0.13275,359.1518,357.1004,334.4243,0.28967,-0.04969,-0.03791,0.29633,109.4475
2.61967,-0.28815,1.53139,-0.2524,22.3699,36.72218,2.18154,0.0625,0.02471,-0.17913,0.19132,82.18613,-0.48796,0.92013,-0.37094,37.00277,321.3457,177.338,0,0,0,0,0,-0.3026,1.18249,-0.13384,0.21422,358.3488,333.3237,0.27438,-0.0492,-0.04867,0.28297,86.13326
2.64189,-0.28638,1.53201,-0.25629,22.06794,38.50845,1.99905,0.08145,0.02637,-0.17924,0.19863,83.58431,-0.48796,0.92013,-0.37094,37.00277,321.3457,177.338,0,0,0,0,0,-0.29589,1.18417,-0.13525,359.787,0.06408,334.3407,0.29685,0.0528,-0.06196,0.3078,84.98836
2.66411,-0.28468,1.5326,-0.2599,21.5469,40.26683,1.85874,0.07719,0.02603,-0.16632,0.18519,84.4179,-0.48796,0.92013,-0.37094,37.00277,321.3457,177.338,0,0,0,0,0,-0.28739,1.19035,-0.1371,357.0017,2.36251,335.7106,0.3599,0.20279,-0.07812,0.42042,139.1199
2.68633,-0.28294,1.53308,-0.26351,20.97494,42.06997,1.93649,0.07945,0.02221,-0.1639,0.18349,83.57696,-0.48796,0.92013,-0.37094,37.00277,321.3457,177.338,0,0,0,0,0,-0.27846,1.19383,-0.13848,355.9199,4.59295,334.9534,0.393,0.16197,-0.06174,0.42953,112.5468
2.70856,-0.28039,1.53331,-0.26728,20.35959,43.73046,2.17243,0.10242,0.01372,-0.16775,0.19702,78.08779,-0.48796,0.92013,-0.37094,37.00277,321.3457,177.338,0,0,0,0,0,-0.26804,1.19372,-0.13824,357.3481,6.31182,332.5826,0.43942,0.03346,-0.01317,0.44089,114.4242
2.73078,-0.27753,1.533,-0.27121,20.01626,45.32986,2.41232,0.13371,-0.01319,-0.18048,0.225,71.84335,-0.48796,0.92013,-0.37094,37.00277,321.3457,177.338,0,0,0,0,0,-0.25659,1.19182,-0.13773,359.1835,7.78172,330.9694,0.5272,-0.07465,0.02307,0.53296,130.4453
2.75301,-0.27391,1.53241,-0.27546,19.79186,46.87402,2.54038,0.14911,-0.01853,-0.18677,0.23971,71.07594,-0.48796,0.92013,-0.37094,37.00277,321.3457,177.338,0,0,0,0,0,-0.24418,1.18963,-0.13929,0.51925,10.48495,329.2654,0.55368,-0.0959,-0.05018,0.56416,148.2108
2.77523,-0.27055,1.53243,-0.27962,19.47545,48.54444,2.34612,0.15717,-0.00391,-0.18864,0.24557,77.92023,-0.48796,0.92013,-0.37094,37.00277,321.3457,177.338,0,0,0,0,0,-0.23206,1.18745,-0.14159,1.89211,12.66081,327.9768,0.55297,-0.10219,-0.09404,0.57015,134.5188
2.79745,-0.26571,1.533,-0.28413,18.96307,50.39902,1.93412,0.21804,0.02264,-0.20362,0.29919,91.87368,-0.48796,0.92013,-0.37094,37.00277,321.3457,177.338,0,0,0,0,0,-0.21783,1.18632,-0.14556,2.30651,15.00792,327.2872,0.64505,-0.05749,-0.17275,0.67025,116.2642
2.81968,-0.26073,1.53377,-0.28879,18.56364,52.21734,1.84157,0.24909,0.03775,-0.22005,0.3345,89.40944,-0.48796,0.92013,-0.37094,37.00277,321.3457,177.338,0,0,0,0,0,-0.20143,1.18562,-0.15046,2.00892,18.69562,327.0393,0.77501,-0.03472,-0.23553,0.81076,169.9671
2.8419,-0.25576,1.53422,-0.29368,18.37296,53.82078,1.79587,0.2321,0.02387,-0.22157,0.32176,76.56474,-0.48796,0.92013,-0.37094,37.00277,321.3457,177.338,0,0,0,0,0,-0.18485,1.18378,-0.15573,2.15484,23.07651,327.639,0.74435,-0.06926,-0.2351,0.78366,185.6292
2.86412,-0.25086,1.53451,-0.29859,18.29735,55.24165,1.60888,0.21766,0.01578,-0.21813,0.30855,70.62286,-0.48796,0.92013,-0.37094,37.00277,321.3457,177.338,0,0,0,0,0,-0.16945,1.18065,-0.1608,3.41454,25.75226,327.8796,0.69826,-0.11709,-0.22945,0.74426,138.6549
2.88635,-0.24585,1.53467,-0.30345,18.24133,56.53663,1.10457,0.22388,0.00892,-0.21864,0.31306,69.87714,-0.48796,0.92013,-0.37094,37.00277,321.3457,177.338,0,0,0,0,0,-0.15486,1.17921,-0.16681,4.01842,27.99644,327.347,0.66896,-0.07184,-0.26568,0.72336,113.9969
2.90857,-0.24019,1.53458,-0.30847,18.02065,57.82612,0.63102,0.2493,-0.00151,-0.22463,0.33557,67.73854,-0.48796,0.92013,-0.37094,37.00277,321.3457,177.338,0,0,0,0,0,-0.13905,1.18084,-0.1755,2.98116,30.63303,327.2884,0.70341,0.0456,-0.36616,0.79432,126.7519
2.93079,-0.23469,1.53446,-0.31331,17.62133,59.18216,0.61415,0.2458,-0.00447,-0.21871,0.32905,64.25363,-0.48796,0.92013,-0.37094,37.00277,321.3457,177.338,0,0,0,0,0,-0.12327,1.18394,-0.18549,0.73656,35.20023,329.2326,0.70151,0.11194,-0.42095,0.82574,205.3619
2.953,-0.22932,1.53407,-0.31793,17.26772,60.4907,0.64311,0.24369,-0.01607,-0.2104,0.32235,60.92448,-0.48796,0.92013,-0.37094,37.00277,321.3457,177.338,0,0,0,0,0,-0.10858,1.18682,-0.19526,358.5738,39.14925,330.4013,0.67136,0.13029,-0.44343,0.81507,211.3071
2.97524,-0.22394,1.53353,-0.32224,17.08215,61.72174,0.67012,0.24209,-0.02018,-0.19666,0.31256,56.78115,-0.48796,0.92013,-0.37094,37.00277,321.3457,177.338,0,0,0,0,0,-0.095,1.18752,-0.20449,357.9248,41.39694,330.4779,0.62164,0.04309,-0.4133,0.74774,122.4862
2.99747,-0.21873,1.53343,-0.32649,16.96537,62.96788,0.6692,0.23461,-0.00835,-0.19395,0.30452,57.69645,-0.48796,0.92013,-0.37094,37.00277,321.3457,177.338,0,0,0,0,0,-0.08257,1.18711,-0.21217,357.8076,43.18352,331.9972,0.57967,0.0036,-0.36247,0.68368,104.7994
3.01971,-0.21323,1.53414,-0.33018,17.23727,63.9743,0.86897,0.2431,0.02147,-0.17454,0.30004,47.43756,-0.48796,0.92013,-0.37094,37.00277,321.3457,177.338,0,0,0,0,0,-0.07264,1.18367,-0.21677,359.333,43.10072,333.1042,0.49683,-0.10303,-0.26808,0.57386,76.50777
3.04194,-0.20807,1.53434,-0.33412,17.26066,64.96844,1.05386,0.23428,0.01183,-0.1748,0.29255,42.33253,-0.48796,0.92013,-0.37094,37.00277,321.3457,177.338,0,0,0,0,0,-0.06091,1.18295,-0.22507,358.6547,46.87413,335.4196,0.52045,-0.04051,-0.34881,0.62784,166.937
3.06418,-0.20348,1.53377,-0.33729,17.06352,65.60748,1.05411,0.21038,-0.02044,-0.14731,0.25763,32.13342,-0.48796,0.92013,-0.37094,37.00277,321.3457,177.338,0,0,0,0,0,-0.04964,1.18362,-0.2327,357.9569,49.19872,337.1507,0.50832,0.01099,-0.3357,0.60927,133.0661
3.08641,-0.19924,1.53279,-0.34015,16.75355,66.20531,0.81199,0.20217,-0.02978,-0.14335,0.24961,36.25384,-0.48796,0.92013,-0.37094,37.00277,321.3457,177.338,0,0,0,0,0,-0.03845,1.18335,-0.23925,357.9941,50.663,337.884,0.50961,-0.00405,-0.31471,0.59896,98.43384
3.10863,-0.19565,1.53196,-0.34228,16.712,66.65913,0.26111,0.18264,-0.03851,-0.11186,0.21761,38.41515,-0.48796,0.92013,-0.37094,37.00277,321.3457,177.338,0,0,0,0,0,-0.02751,1.18015,-0.24542,359.6186,51.7987,337.097,0.49987,-0.09949,-0.29934,0.59107,82.64532
3.13086,-0.19185,1.53189,-0.34487,16.89965,67.31428,0.03687,0.17084,-0.00969,-0.11284,0.20497,34.52055,-0.48796,0.92013,-0.37094,37.00277,321.3457,177.338,0,0,0,0,0,-0.01684,1.17966,-0.25378,357.6736,56.17957,339.1851,0.48036,-0.03116,-0.36003,0.60112,209.6989
3.15311,-0.18885,1.53183,-0.34688,17.22181,67.93923,359.646,0.14495,-0.00701,-0.09769,0.17494,39.27257,-0.48796,0.92013,-0.37094,37.00277,321.3457,177.338,0,0,0,0,0,-0.00971,1.18103,-0.26132,351.6673,62.34863,345.3108,0.35262,0.03623,-0.33834,0.49003,405.8987
3.17531,-0.18599,1.53184,-0.349,17.55268,68.83178,359.4177,0.12983,0.00027,-0.09459,0.16063,45.49165,-0.48796,0.92013,-0.37094,37.00277,321.3457,177.338,0,0,0,0,0,-0.00622,1.18361,-0.26627,345.254,64.54262,350.33,0.18318,0.10616,-0.23556,0.31672,396.0155
3.19753,-0.1836,1.53221,-0.35103,17.7987,69.96731,359.3008,0.10727,0.01503,-0.08959,0.14057,52.75217,-0.48796,0.92013,-0.37094,37.00277,321.3457,177.338,0,0,0,0,0,-0.00419,1.18068,-0.26255,345.256,59.6468,355.1466,0.13556,-0.06874,0.02971,0.15487,219.5788
3.21974,-0.18162,1.53275,-0.35309,18.07409,71.19982,359.3897,0.08807,0.02546,-0.09046,0.12879,55.80584,-0.48796,0.92013,-0.37094,37.00277,321.3457,177.338,0,0,0,0,0,0.00014,1.17354,-0.26036,350.5293,56.29121,358.6442,0.1834,-0.25415,0.06283,0.31965,258.8329
3.24198,-0.17972,1.53381,-0.35505,18.22692,72.41982,359.5737,0.07776,0.04995,-0.08502,0.12558,55.17995,-0.48796,0.92013,-0.37094,37.00277,321.3457,177.338,0,0,0,0,0,0.00566,1.17382,-0.26495,352.0927,57.14445,0.59337,0.2375,-0.0307,-0.15326,0.28432,120.8101
3.26421,-0.1781,1.53499,-0.35656,18.05373,73.52625,359.7372,0.07713,0.04813,-0.07362,0.11698,49.3646,-0.48796,0.92013,-0.37094,37.00277,321.3457,177.338,0,0,0,0,0,0.01302,1.17659,-0.27421,352.1829,60.53278,357.5454,0.30531,0.07038,-0.34203,0.46384,124.2404
3.28645,-0.1773,1.53631,-0.35713,17.68722,74.37134,359.6887,0.04489,0.05562,-0.03634,0.08019,42.8684,-0.48796,0.92013,-0.37094,37.00277,321.3457,177.338,0,0,0,0,0,0.01907,1.17868,-0.28784,353.4618,64.6558,351.2116,0.26125,0.07944,-0.50207,0.57152,246.4871
3.30868,-0.17638,1.53719,-0.35797,17.52958,75.22106,359.5427,0.03377,0.0448,-0.03184,0.06451,41.27192,-0.48796,0.92013,-0.37094,37.00277,321.3457,177.338,0,0,0,0,0,0.02183,1.17901,-0.29424,354.373,63.74097,346.5717,0.12802,0.03072,-0.33336,0.35841,256.3345
3.3309,-0.17551,1.5379,-0.35886,17.37486,76.02328,359.4064,0.04369,0.03351,-0.04119,0.06876,38.51648,-0.48796,0.92013,-0.37094,37.00277,321.3457,177.338,0,0,0,0,0,0.02585,1.17915,-0.30038,354.8549,63.83624,344.4003,0.17633,0.01179,-0.2944,0.34336,132.8126
3.35312,-0.17633,1.53891,-0.35905,17.05054,76.93958,358.9156,-0.00686,0.03695,-0.02019,0.04266,47.88046,-0.14631,1.06304,-0.33515,358.7154,140.4444,58.38311,15.38222,6.43397,1.61152,16.75128,6745.034,0.02592,1.18042,-0.30697,353.3167,66.41309,345.1839,0.06708,0.04976,-0.30808,0.3192,109.2426
3.37534,-0.17593,1.53935,-0.35964,16.9588,77.74809,358.7204,0.00567,0.02155,-0.02136,0.03087,41.30714,-0.14338,1.05939,-0.33624,3.94696,141.1978,51.47686,4.00998,1.46567,0.48465,4.29686,1512.385,0.02768,1.18129,-0.3135,352.1556,68.6527,344.789,0.05942,0.0446,-0.29556,0.30476,122.589
3.39757,-0.1766,1.53897,-0.35929,16.93104,78.43075,358.3511,-0.01571,-0.00538,0.003,0.01688,39.28927,-0.1374,1.06184,-0.32045,3.45378,133.8603,52.46588,1.16063,0.47091,0.61825,1.3968,563.4456,0.02885,1.1793,-0.31797,352.4279,69.8637,344.6173,0.05914,-0.06273,-0.21967,0.23598,65.80328
3.4198,-0.1768,1.53844,-0.35924,16.86327,79.23922,358.0848,-0.01204,-0.02163,0.00368,0.02503,41.07305,-0.13716,1.0723,-0.31059,355.667,135.9797,59.15076,0.31758,0.52907,0.54185,0.8212,482.2703,0.03033,1.17373,-0.32079,355.0767,71.19345,346.8269,0.06142,-0.21922,-0.14093,0.26775,143.1284
3.44203,-0.17723,1.53788,-0.35893,17.03762,80.09528,357.8582,-0.01873,-0.02323,0.01302,0.03256,43.06904,-0.14035,1.07697,-0.30823,349.9765,138.6852,64.96714,-0.02562,0.26153,0.21728,0.34098,398.7442,0.03084,1.16679,-0.32192,358.348,71.54914,348.7893,0.02548,-0.29557,-0.06411,0.30351,164.5897
3.46427,-0.17791,1.53775,-0.35855,17.37682,80.98181,357.8282,-0.02883,-0.00989,0.01606,0.03445,42.3276,-0.14069,1.07271,-0.30716,351.3168,139.428,68.7293,-0.01973,-0.07107,0.08336,0.11131,206.7338,0.03134,1.16719,-0.32531,357.6979,72.30497,346.4574,0.02655,-0.03661,-0.13307,0.14054,76.20031
3.48651,-0.17812,1.5377,-0.35849,17.47656,81.6049,357.7563,-0.01202,-0.00384,0.00467,0.01346,30.59581,-0.14158,1.07217,-0.30686,350.7057,141.0762,72.18484,-0.03235,-0.0208,0.03554,0.05237,178.8008,0.03267,1.1657,-0.32928,358.1671,73.33567,345.89,0.05165,-0.06433,-0.16734,0.18657,56.55312
3.50873,-0.18025,1.53828,-0.3563,18.14875,82.01948,357.7648,-0.07987,0.02265,0.08471,0.11861,32.22124,-0.14679,1.0794,-0.30172,343.9294,144.9853,81.15649,-0.19435,0.34095,0.24705,0.46374,500.6714,0.03114,1.16685,-0.33304,357.1773,74.92335,343.513,-0.05439,-0.00289,-0.14596,0.15579,88.40964
3.53095,-0.18169,1.5388,-0.35419,18.4297,82.24944,357.6029,-0.07039,0.02478,0.09965,0.12449,20.6867,-0.15092,1.09479,-0.29843,337.2644,144.2724,79.86617,-0.17198,0.557,0.17026,0.6073,274.9873,0.02972,1.16484,-0.33226,358.2542,75.17208,345.9253,-0.05929,-0.06853,-0.0115,0.09134,78.00861
3.55319,-0.18259,1.5394,-0.35208,18.35663,82.46619,357.4441,-0.04757,0.02847,0.10064,0.1149,12.56812,-0.14824,1.09861,-0.2926,335.9322,141.2535,81.94224,0.08705,0.2391,0.26983,0.37089,160.3945,0.02808,1.16356,-0.33149,359.6898,75.64967,347.679,-0.07641,-0.05564,0.03087,0.09943,94.6765
3.57542,-0.18328,1.54002,-0.35005,18.1088,82.63066,357.3047,-0.03465,0.02693,0.09143,0.10142,14.15781,-0.14147,1.09647,-0.2839,336.7234,136.7185,85.4855,0.23978,-0.01091,0.3517,0.4258,178.7477,0.02593,1.16287,-0.3315,0.73017,75.33411,346.5866,-0.09224,-0.03783,0.00727,0.09996,52.99908
3.59764,-0.1838,1.54058,-0.34771,17.8066,82.70805,357.1836,-0.02832,0.02346,0.09188,0.09896,14.30003,-0.13212,1.08826,-0.27443,339.7394,131.8624,90.78182,0.29784,-0.18656,0.35917,0.50251,217.7862,0.02304,1.16274,-0.33054,0.85777,74.39137,344.6533,-0.10328,-0.02402,0.01484,0.10707,61.06456
3.61987,-0.18409,1.54101,-0.34492,17.58412,82.63599,357.1217,-0.01776,0.01863,0.11403,0.1169,9.47373,-0.12446,1.08266,-0.26682,345.1094,126.2305,88.11234,0.29594,-0.19425,0.32962,0.4837,287.9288,0.01997,1.16465,-0.32984,358.5024,75.41928,345.1381,-0.12225,0.05105,0.02262,0.1344,79.0218
3.6421,-0.18457,1.54079,-0.34247,17.70354,82.71193,356.9756,-0.02152,-0.00274,0.10838,0.11053,8.05966,-0.1262,1.08528,-0.264,344.0516,126.7083,90.81816,-0.00278,0.05506,0.16836,0.17715,103.4357,0.01827,1.1639,-0.32843,357.7419,76.01986,346.4891,-0.08562,-0.01901,0.05727,0.10474,72.08926
3.66434,-0.18523,1.54003,-0.34002,18.11973,82.84023,356.8226,-0.02768,-0.02695,0.11043,0.11699,18.23996,-0.13161,1.09262,-0.26284,339.2487,128.9153,94.15634,-0.14,0.21924,0.10418,0.28022,191.8623,0.01695,1.16203,-0.32654,357.7747,76.45132,347.8623,-0.06783,-0.0606,0.07016,0.11487,59.01971
3.68658,-0.18602,1.53908,-0.3376,18.60625,82.96245,356.8201,-0.03345,-0.0368,0.10779,0.11871,19.81253,-0.12907,1.09284,-0.25455,339.6444,125.968,90.42204,0.08067,0.0315,0.32896,0.34017,152.7335,0.01528,1.16051,-0.32334,357.8544,76.20004,348.8856,-0.07654,-0.06373,0.12445,0.1594,46.93003
3.70881,-0.1869,1.5383,-0.33525,18.87506,83.03114,356.8207,-0.03737,-0.03328,0.10667,0.11782,13.32998,-0.11896,1.08728,-0.23724,342.2159,118.9158,88.9355,0.34599,-0.1563,0.64733,0.75045,276.9588,0.01311,1.15837,-0.31826,358.7694,74.10842,349.8149,-0.0904,-0.08662,0.19896,0.23508,88.6526
3.73103,-0.18759,1.53799,-0.33306,19.01523,83.13124,356.7733,-0.03192,-0.01827,0.10109,0.10757,8.52411,-0.11386,1.08453,-0.22749,342.4246,114.6925,90.43546,0.25868,-0.14266,0.48742,0.56995,204.285,0.0117,1.15697,-0.31444,359.7372,72.93656,350.8824,-0.0669,-0.06581,0.17716,0.20048,84.53328
3.75325,-0.18821,1.53803,-0.33009,18.83869,83.03434,356.6278,-0.02825,-0.00206,0.12607,0.12922,7.74896,-0.1127,1.08456,-0.2196,342.3123,111.038,92.75838,0.09249,-0.02126,0.38416,0.39571,168.2445,0.01077,1.158,-0.31304,359.42,73.76658,352.4679,-0.04862,0.02356,0.08706,0.10246,66.43417
3.77548,-0.18897,1.53795,-0.32735,18.75204,82.99779,356.4166,-0.03374,-0.00145,0.131,0.13528,11.39678,-0.11479,1.08966,-0.2139,338.5853,110.0821,99.66451,-0.09075,0.23628,0.26456,0.36613,355.7515,0.01035,1.16044,-0.31294,358.5927,74.29977,351.789,-0.014,0.12462,0.00103,0.12541,56.24504
3.79771,-0.18981,1.53785,-0.32453,18.7959,82.9864,356.3969,-0.03686,-0.00348,0.12701,0.1323,2.8492,-0.11683,1.0938,-0.20696,334.7411,107.7911,105.0436,-0.08973,0.18788,0.3044,0.36879,285.5886,0.01114,1.16162,-0.31408,358.3344,75.18608,349.29,0.02189,0.06216,-0.03333,0.07385,91.67174
3.81993,-0.19076,1.53801,-0.32189,18.7103,82.98571,356.7248,-0.04105,0.00498,0.11952,0.12648,10.82661,-0.11575,1.09039,-0.2065,341.1302,107.9562,93.77049,0.00243,-0.05015,0.1273,0.13684,316.1361,0.01294,1.16219,-0.31477,358.3778,76.78678,350.2459,0.05782,0.04093,-0.02912,0.0766,68.99315
3.84209,-0.1916,1.53812,-0.3194,18.65114,82.96051,356.8841,-0.03832,0.00466,0.11418,0.12053,8.72101,-0.11755,1.09208,-0.20493,341.416,109.1897,91.4142,-0.0666,0.05327,0.07294,0.11222,149.1624,0.01374,1.16323,-0.31534,357.6976,78.29278,351.587,0.04159,0.04608,-0.02748,0.06789,89.57378
3.86428,-0.19242,1.53822,-0.31691,18.63384,82.86508,356.9938,-0.03738,0.00426,0.11257,0.11869,6.90092,-0.11941,1.09068,-0.20487,343.71,110.1448,88.73387,-0.07191,-0.03445,0.03451,0.08688,138.7054,0.01455,1.16356,-0.31556,357.1794,78.3475,351.0294,0.03746,0.01912,-0.01208,0.04376,29.55487
3.88651,-0.19335,1.53816,-0.31444,18.55574,82.71847,357.0402,-0.04129,-0.00143,0.11151,0.11891,8.20909,-0.12025,1.08998,-0.20184,344.4345,109.7355,87.65028,-0.04843,-0.03415,0.11583,0.1301,72.30918,0.01624,1.16228,-0.31597,357.5638,77.74881,348.9901,0.07793,-0.0519,-0.0217,0.09611,88.55077
3.9087,-0.1943,1.53807,-0.31195,18.54281,82.48625,356.9615,-0.04192,-0.00309,0.11216,0.11978,8.90522,-0.12087,1.08925,-0.19491,344.4129,106.905,89.85971,-0.0299,-0.03535,0.26137,0.26544,101.986,0.01926,1.16012,-0.31677,358.8474,77.78876,347.2447,0.12643,-0.08983,-0.03468,0.15892,95.49822
3.93092,-0.19519,1.53811,-0.30944,18.51631,82.18294,356.9394,-0.04029,0.00045,0.11201,0.11903,12.42645,-0.12098,1.08697,-0.18914,346.7794,104.0278,88.7602,-0.01385,-0.09428,0.25571,0.27289,161.8385,0.0225,1.15742,-0.31725,0.359,77.76502,345.2268,0.14093,-0.11694,-0.021,0.18433,111.404
3.9531,-0.19614,1.53804,-0.30719,18.4945,81.91395,356.921,-0.04211,-0.00191,0.10381,0.11204,11.76555,-0.12089,1.08124,-0.18658,350.0114,104.8545,86.96681,0.0011,-0.22328,0.14601,0.26678,145.0287,0.02474,1.15418,-0.31572,2.27319,76.74393,343.7657,0.10876,-0.13672,0.05168,0.18219,114.589
3.97532,-0.19714,1.53809,-0.30521,18.51943,81.59954,356.8378,-0.04357,0.00263,0.0936,0.10328,12.33619,-0.12178,1.07713,-0.18554,352.4379,106.468,86.3364,-0.03615,-0.17384,0.0673,0.18988,121.5459,0.02638,1.15351,-0.31296,2.86385,75.51136,342.2924,0.08075,-0.04828,0.10346,0.13984,86.51804
3.99751,-0.19797,1.53832,-0.30333,18.38009,81.35081,356.8046,-0.03849,0.00898,0.08626,0.09488,12.46066,-0.12383,1.0768,-0.18419,353.0741,107.9329,85.04174,-0.0736,-0.05924,0.0694,0.11723,87.44398,0.02686,1.15528,-0.31072,2.21003,75.59499,343.0807,0.03193,0.05206,0.10112,0.11814,24.19087
4.01972,-0.19874,1.53852,-0.30154,18.13702,81.17485,356.8112,-0.03566,0.00866,0.08193,0.08977,12.76471,-0.12462,1.07437,-0.1809,355.3324,107.2162,82.71733,-0.04567,-0.10092,0.1345,0.17424,138.9151,0.0264,1.1571,-0.30904,1.52924,75.24545,343.6678,-0.00942,0.08014,0.07983,0.11351,39.3622
4.04192,-0.19953,1.53879,-0.29985,18.01079,81.06106,356.8543,-0.0352,0.01166,0.07813,0.08648,8.63925,-0.12642,1.07375,-0.17526,356.7097,104.2415,78.44659,-0.07536,-0.03643,0.23129,0.24597,230.3015,0.02634,1.15902,-0.30836,1.12135,75.21843,343.6618,-0.00568,0.08944,0.04016,0.0982,22.09371
4.06412,-0.20029,1.53901,-0.29815,17.94606,80.951,356.9148,-0.03458,0.01027,0.07645,0.08453,7.43729,-0.12773,1.07197,-0.16545,358.0316,97.70055,72.79042,-0.06002,-0.07996,0.41754,0.42934,377.7811,0.02642,1.15919,-0.30826,1.72979,75.68163,343.4846,-0.00201,0.01804,0.01454,0.02326,23.66262
4.08634,-0.20106,1.53924,-0.29692,17.82755,80.88654,356.9778,-0.03481,0.00992,0.0617,0.07153,6.75402,-0.12875,1.06434,-0.14918,2.91116,87.40287,69.93052,-0.05133,-0.30337,0.67276,0.73978,489.539,0.02652,1.15838,-0.31024,2.43112,77.99842,343.8807,0.00377,-0.02552,-0.06648,0.07131,89.57526
4.10856,-0.20177,1.53959,-0.29579,17.72486,80.79507,357.0112,-0.03278,0.01402,0.05472,0.06531,6.95626,-0.13114,1.05337,-0.13555,10.71705,79.11742,66.86278,-0.09724,-0.44453,0.61286,0.76332,496.6411,0.02702,1.1575,-0.31241,2.88296,80.26207,343.9996,0.0185,-0.03526,-0.0876,0.09623,97.66768
4.13078,-0.20255,1.53985,-0.29471,17.68116,80.65771,357.0039,-0.03505,0.01149,0.05078,0.06276,6.01787,-0.12863,1.04711,-0.13428,14.1824,81.13683,70.16431,0.0843,-0.28322,0.14832,0.33063,184.8493,0.02808,1.15592,-0.31552,3.37248,82.87274,344.1573,0.04117,-0.06296,-0.12332,0.14445,111.2732
4.153,-0.20342,1.53985,-0.29369,17.65942,80.52031,356.9758,-0.03795,0.00304,0.04664,0.0602,5.69109,-0.12344,1.05537,-0.15002,8.81787,95.09147,72.67253,0.13763,0.19714,-0.44473,0.50556,426.5363,0.0295,1.15382,-0.31718,4.14232,84.24362,343.5352,0.05858,-0.08729,-0.08107,0.13275,80.22122
4.17521,-0.20412,1.54,-0.29264,17.55595,80.41402,356.9974,-0.03166,0.00646,0.04714,0.05715,6.64042,-0.12545,1.06028,-0.15623,8.25637,98.69488,66.20412,-0.01889,0.19588,-0.28055,0.34268,287.0872,0.03111,1.15176,-0.31696,4.93902,84.37743,342.773,0.06964,-0.09025,-0.00691,0.11421,51.02502
4.19742,-0.20454,1.54032,-0.29166,17.34591,80.38017,357.022,-0.02268,0.01239,0.04499,0.05188,8.59827,-0.12482,1.06427,-0.1516,5.3736,95.74256,69.64384,0.01816,0.18356,0.10691,0.2132,154.7874,0.03353,1.14997,-0.31296,6.04227,82.14793,342.3088,0.10191,-0.0817,0.15282,0.20103,97.04981
4.21964,-0.2051,1.54049,-0.29097,17.20024,80.31732,357.0225,-0.02471,0.00859,0.03436,0.04318,7.27999,-0.12497,1.06698,-0.14616,2.44058,93.51335,72.10877,-0.00324,0.12822,0.21043,0.24644,182.9793,0.03354,1.14936,-0.31043,6.1573,81.78555,343.1257,0.01711,-0.03324,0.11672,0.12256,40.50981
4.24185,-0.20568,1.54068,-0.29026,17.11952,80.22335,357.0619,-0.0256,0.00905,0.03307,0.04279,6.49051,-0.12532,1.06558,-0.14609,2.63089,95.35361,70.72134,-0.01274,-0.01559,0.04797,0.05203,54.93238,0.03229,1.15026,-0.30753,5.64353,81.06556,344.8381,-0.03283,0.01604,0.12213,0.12748,71.31799
4.26406,-0.2062,1.54087,-0.2895,17.04724,80.11636,357.0993,-0.02371,0.00878,0.03377,0.04219,6.28372,-0.12608,1.06252,-0.14697,5.12559,97.33631,66.37418,-0.02621,-0.09063,-0.00571,0.09452,163.8101,0.03107,1.15252,-0.30653,4.23712,81.34109,345.8007,-0.04508,0.07365,0.05843,0.10426,63.9673
4.28628,-0.20666,1.54084,-0.28892,17.03503,80.01025,357.1427,-0.02163,0.0013,0.0284,0.03572,5.92856,-0.12659,1.058,-0.14153,7.15482,94.94147,66.05009,-0.02221,-0.13138,0.19614,0.23711,94.78521,0.02999,1.15367,-0.30628,3.7987,81.91045,346.7489,-0.04755,0.05627,0.0245,0.07764,50.99226
4.30849,-0.20708,1.54079,-0.28836,17.08137,79.93508,357.2125,-0.01942,-0.00166,0.02649,0.03289,5.60302,-0.12757,1.06304,-0.13402,2.94524,90.98404,69.92879,-0.04359,0.13852,0.28972,0.32408,236.4392,0.02868,1.15475,-0.30565,3.5025,81.6724,346.269,-0.05432,0.04734,0.03021,0.07813,17.4846
4.33071,-0.20746,1.54078,-0.28779,17.11043,79.90574,357.2608,-0.01723,-0.00046,0.02524,0.03056,2.49953,-0.12774,1.06566,-0.13567,1.18153,92.76387,70.82723,-0.01052,0.11739,-0.01747,0.11915,104.1834,0.02767,1.15515,-0.30435,3.51345,81.07487,345.6815,-0.04837,0.02335,0.05447,0.0765,33.26633
4.35293,-0.20778,1.54078,-0.28746,17.05108,79.91858,357.2007,-0.01584,0.00039,0.01866,0.02448,2.14449,-0.12774,1.06512,-0.13657,2.08849,93.20103,68.19939,-0.00565,0.01125,-0.01785,0.02184,67.5831,0.02678,1.15475,-0.30293,3.81361,80.38405,345.272,-0.04082,-0.00744,0.0588,0.07197,32.48128
4.37514,-0.20813,1.54084,-0.28715,16.98536,79.97038,357.1617,-0.016,0.00254,0.01569,0.02255,1.96475,-0.12875,1.06507,-0.13565,1.48059,93.98948,69.64991,-0.03849,0.0101,0.03916,0.05583,51.66088,0.02622,1.1539,-0.30237,4.19715,80.20115,345.1815,-0.02957,-0.02459,0.0344,0.0516,18.55623
4.39736,-0.20851,1.54096,-0.28678,16.99863,79.98128,357.2064,-0.0169,0.00431,0.01642,0.02395,0.49119,-0.13055,1.06718,-0.13124,0.22282,92.73922,70.94645,-0.06907,0.08172,0.16225,0.19436,83.31926,0.02586,1.15349,-0.30268,4.28989,80.47989,345.2136,-0.01932,-0.01963,-0.00255,0.02766,9.09172
4.41958,-0.2089,1.5409,-0.28649,17.03342,79.94356,357.294,-0.01727,-0.00116,0.01345,0.02192,3.76862,-0.13146,1.07033,-0.12994,357.7998,92.79717,73.24481,-0.04096,0.12288,0.05549,0.14092,132.3835,0.02543,1.15284,-0.3025,4.46717,80.3811,345.1156,-0.01919,-0.02855,0.00623,0.03496,8.81594
4.44181,-0.20913,1.5409,-0.28607,17.0109,79.93363,357.3036,-0.01035,0.00036,0.01764,0.02045,0.94215,-0.13096,1.06945,-0.13142,358.9195,93.24682,70.35819,0.00778,-0.00287,-0.03399,0.03499,107.1367,0.02483,1.15224,-0.3019,4.65378,80.05383,345.0543,-0.02611,-0.02656,0.02323,0.04389,15.01454
4.46402,-0.2093,1.59092,-0.28571,17.01826,79.93123,357.3097,-0.00883,0.00064,0.01646,0.01869,0.23554,-0.13184,1.1189,-0.12729,1.49674,89.22832,62.17204,-0.0272,-0.02283,0.14416,0.14847,351.3886,0.02405,1.20197,-0.30114,4.65297,79.67049,345.2476,-0.03294,-0.01508,0.03041,0.0473,17.24228
4.48623,-0.20975,1.59081,-0.28556,17.08012,79.9386,357.3672,-0.01749,-0.00354,0.00888,0.01993,2.3895,-0.13335,1.11778,-0.12201,3.21521,86.46091,58.09035,-0.06327,-0.03746,0.20449,0.21731,226.6795,0.02325,1.20204,-0.30092,4.53469,79.58138,345.4353,-0.03482,-0.0002,0.01215,0.03688,11.0604
4.50846,-0.21021,1.5907,-0.28556,17.15882,79.90237,357.3552,-0.01961,-0.00451,0.00188,0.02021,1.86435,-0.13281,1.12124,-0.12739,358.5644,92.49382,66.03128,0.01641,0.1117,-0.15125,0.18874,305.0157,0.02269,1.20212,-0.30141,4.42823,79.80184,345.4159,-0.02745,0.00096,-0.01062,0.02945,5.76012
4.53067,-0.21052,1.5907,-0.28544,17.13716,79.84942,357.3613,-0.01529,-0.00066,0.00506,0.01612,1.24587,-0.13185,1.12097,-0.12937,0.41906,93.48033,62.34058,0.02849,0.0213,-0.09542,0.10183,105.7691,0.02229,1.20178,-0.3017,4.57778,80.01084,345.523,-0.02018,-0.01129,-0.01042,0.02537,8.96702
4.5529,-0.21078,1.59088,-0.28518,17.11743,79.7991,357.2839,-0.01266,0.00563,0.00971,0.01692,0.7937,-0.13286,1.12354,-0.12896,358.766,94.27208,62.18126,-0.02613,0.08542,-0.01326,0.0903,72.67586,0.02182,1.20151,-0.30173,4.65704,79.98031,345.6568,-0.02102,-0.01197,-0.0035,0.02445,6.22159
4.57512,-0.21099,1.59096,-0.28494,17.05779,79.75325,357.2307,-0.00999,0.00312,0.00978,0.01432,2.93826,-0.13365,1.12092,-0.12902,0.62988,96.59191,65.57377,-0.02694,-0.06713,0.00472,0.07249,128.8612,0.02148,1.20131,-0.30197,4.7145,79.92561,345.7111,-0.01703,-0.01019,-0.00979,0.02213,4.75244
4.59734,-0.21116,1.59096,-0.2848,16.98032,79.79967,357.1761,-0.00839,0.00058,0.00729,0.01113,4.29649,-0.13395,1.12202,-0.12358,359.6701,93.21523,65.19172,-0.01768,0.04606,0.17221,0.17914,99.28523,0.02121,1.2012,-0.30222,4.67336,79.87088,345.7462,-0.0139,-0.00697,-0.00992,0.01844,3.72067
4.61956,-0.21139,1.59089,-0.28474,16.9875,79.92777,357.1755,-0.01022,-0.00246,0.00367,0.01113,2.6358,-0.13281,1.12195,-0.12585,0.2738,94.37542,63.23095,0.03542,0.00233,-0.0411,0.05431,69.47927,0.02104,1.20096,-0.30252,4.64314,79.90887,345.9624,-0.00922,-0.00927,-0.01362,0.01888,6.85001
4.64178,-0.19682,1.59075,-0.28754,17.04091,80.04169,357.2548,-0.0095,-0.00534,0.00854,0.01384,4.29349,-0.11737,1.12253,-0.13492,0.5642,97.9229,62.25911,0.02204,0.02495,-0.19885,0.20162,123.6826,0.03585,1.20052,-0.30642,4.75921,80.20529,345.9674,-0.00127,-0.01847,-0.03663,0.04104,12.57584
4.664,-0.17872,1.59047,-0.29094,17.10557,80.14409,357.3281,-0.0075,-0.01107,0.01656,0.02129,5.07233,-0.09933,1.12355,-0.13859,359.9541,97.81537,61.67326,0.00256,0.03189,-0.02389,0.03993,39.27692,0.05409,1.19998,-0.31128,4.89472,80.60973,346.018,-0.00053,-0.02396,-0.04593,0.05181,18.44259
4.68622,-0.15724,1.59018,-0.29536,17.20165,80.18942,357.3886,-0.00985,-0.01289,0.01482,0.02197,5.33988,-0.077,1.12195,-0.1414,0.51521,97.03825,62.17543,0.02262,-0.0497,0.06617,0.08579,34.26971,0.07575,1.19919,-0.31651,5.03185,80.76834,346.1515,-0.00237,-0.03115,-0.02749,0.04161,11.50855
4.70844,-0.1358,1.58989,-0.29955,17.28956,80.14848,357.4794,-0.0126,-0.01231,0.01838,0.02546,5.74544,-0.05495,1.12063,-0.14501,0.85311,96.84602,62.45544,0.01445,-0.05664,0.03703,0.0692,23.37058,0.09744,1.19838,-0.32163,5.13376,80.92559,346.2463,-0.00222,-0.03431,-0.0238,0.04181,10.4252
4.73066,-0.11444,1.58975,-0.30362,17.4097,80.01961,357.5015,-0.0146,-0.00746,0.02796,0.03241,7.07224,-0.03418,1.12082,-0.15319,0.26096,99.32779,64.20303,-0.02592,-0.00795,-0.09972,0.10333,83.00425,0.11919,1.19727,-0.32676,5.37615,81.19534,346.6379,0.00043,-0.04551,-0.01714,0.04864,20.28586
4.75288,-0.09285,1.59012,-0.30751,17.38544,79.87362,357.4986,-0.00624,0.01328,0.03623,0.03909,6.71835,-0.01256,1.12123,-0.15885,359.9213,99.21803,62.98027,-0.00454,-0.00514,-0.05871,0.05911,44.12123,0.1409,1.19635,-0.33192,5.6252,81.40514,346.8448,0.00038,-0.04312,-0.02057,0.04778,18.21
4.7751,-0.07118,1.5904,-0.31142,17.22653,79.78022,357.5105,-0.00445,0.0109,0.03337,0.03538,6.23957,0.01024,1.1185,-0.16377,1.76408,98.42252,60.67469,0.03337,-0.09504,-0.01739,0.10222,112.2888,0.16271,1.19541,-0.3372,5.97893,81.75155,347.1158,0.00224,-0.04154,-0.02548,0.04879,22.60785
4.79733,-0.04933,1.59069,-0.31469,17.07543,79.70554,357.5186,-0.00131,0.01223,0.03581,0.03786,6.52184,0.03237,1.11691,-0.16751,2.47919,97.74374,59.36975,0.01522,-0.07166,0.00861,0.07376,76.93752,0.18449,1.19491,-0.3416,6.03756,82.02255,347.3939,-0.00213,-0.0262,-0.01566,0.0306,17.44518
4.81955,-0.02735,1.59078,-0.31658,17.03827,79.69344,357.6182,-0.00312,0.00553,0.03236,0.03297,5.06461,0.05406,1.11639,-0.17075,2.29639,98.11883,59.7821,-0.00645,-0.03908,-0.02097,0.04482,9.60333,0.20648,1.19435,-0.34435,5.99202,82.29498,347.8892,-0.00312,-0.02609,-0.01033,0.02823,21.54377
4.84176,-0.00526,1.59081,-0.31813,17.04452,79.65614,357.769,-0.00033,0.00319,0.03872,0.03886,6.77524,0.07579,1.11578,-0.17337,2.24843,98.10068,59.47402,-0.01289,-0.03046,-0.00231,0.03316,23.11425,0.22861,1.19355,-0.34685,5.84541,82.74971,348.7217,0.00098,-0.03345,-0.00721,0.03424,35.07124
4.86399,0.01679,1.59076,-0.31948,17.08796,79.60679,357.9222,-0.00132,-0.00168,0.04696,0.04701,8.32889,0.0981,1.11312,-0.17466,3.27551,97.20238,57.92333,0.00724,-0.11269,0.04516,0.12162,84.44476,0.2509,1.19249,-0.34944,5.9818,83.31545,349.408,0.00827,-0.04713,-0.00727,0.0484,37.66531
4.88621,0.0388,1.59061,-0.32093,17.13093,79.49097,358.0739,-0.00305,-0.00524,0.04241,0.04284,9.10667,0.12051,1.11017,-0.17585,4.4546,96.21612,56.03674,0.01237,-0.12315,0.05318,0.13471,101.5915,0.27327,1.19108,-0.3515,6.44497,83.39162,349.3498,0.01203,-0.05802,0.01041,0.06016,17.83133
4.90843,0.0609,1.59052,-0.32224,17.16877,79.33975,358.1854,-0.00066,-0.00425,0.0435,0.04372,9.25801,0.14276,1.10788,-0.17736,5.2356,95.75695,55.07952,0.00741,-0.10735,0.03943,0.1146,68.24535,0.2958,1.18962,-0.35335,6.88095,83.42771,348.9646,0.0175,-0.06509,0.01463,0.06897,22.67513
4.93065,0.08299,1.59048,-0.32356,17.19623,79.23281,358.2769,-0.00059,-0.00232,0.04236,0.04243,7.87082,0.16458,1.10631,-0.17887,5.33723,95.66367,54.9968,-0.00706,-0.08063,0.03323,0.08749,24.50978,0.3184,1.18791,-0.35541,7.40584,83.65404,348.9269,0.01882,-0.06998,0.00991,0.07314,22.58761
4.95287,0.10501,1.59062,-0.32483,17.22286,79.10107,358.2993,-0.00314,0.00483,0.04489,0.04526,6.60231,0.18641,1.10551,-0.18064,5.44296,95.52698,53.75203,-0.00883,-0.04742,0.02967,0.05663,58.481,0.34103,1.18628,-0.35744,7.42912,84.00013,349.5447,0.0222,-0.0709,0.00789,0.07471,24.73716
4.97511,0.12711,1.59069,-0.32612,17.20473,78.96643,358.3277,-0.00099,0.00214,0.04325,0.04331,6.40362,0.2085,1.1039,-0.18214,6.22515,94.88769,51.11039,-0.00412,-0.06829,0.03205,0.07555,106.2816,0.3641,1.18438,-0.36057,7.5407,85.22817,350.6444,0.03968,-0.08358,-0.03078,0.09751,60.18827
4.99732,0.14924,1.59061,-0.32731,17.18964,78.87593,358.3577,0.00017,-0.00238,0.04178,0.04184,5.12031,0.23028,1.10295,-0.18362,6.65188,94.31866,48.48631,-0.01292,-0.04524,0.02964,0.05561,119.756,0.38714,1.18199,-0.36324,8.04373,85.95116,350.8942,0.0416,-0.10387,-0.02392,0.11442,39.89357
5.01955,0.17137,1.59047,-0.3286,17.23831,78.82668,358.385,0.00061,-0.00534,0.04031,0.04067,3.31468,0.25188,1.10304,-0.18471,6.59665,93.67314,46.51726,-0.02291,0.00034,0.04709,0.05237,93.40623,0.41016,1.17892,-0.36571,8.63162,86.51434,351.2792,0.0432,-0.13969,-0.01614,0.14711,41.71107
5.04177,0.19347,1.59017,-0.32974,17.35424,78.73582,358.4327,-0.00064,-0.01158,0.04201,0.04358,6.6241,0.27378,1.10147,-0.18517,7.32534,93.3485,46.30646,-0.01285,-0.06109,0.06768,0.09207,37.49712,0.43378,1.17552,-0.36857,9.20569,87.97775,353.1847,0.06341,-0.15449,-0.03397,0.17042,93.45365
5.06399,0.21554,1.58988,-0.33088,17.49458,78.58695,358.4862,-0.00165,-0.01221,0.04564,0.04727,9.2232,0.29548,1.09854,-0.18507,9.50789,92.16835,44.16169,-0.01719,-0.12594,0.09805,0.16053,140.0718,0.4573,1.17147,-0.3712,9.89091,89.38705,355.7858,0.06281,-0.1776,-0.02362,0.18986,124.7095
5.08621,0.23737,1.5896,-0.33355,17.60508,78.34512,358.5233,-0.0028,-0.01173,0.04697,0.04849,11.35368,0.31694,1.09928,-0.18699,8.29956,91.88137,44.34003,-0.02286,0.00222,0.0801,0.08332,34.74898,0.48052,1.16581,-0.37438,11.87137,89.50084,355.7914,0.05612,-0.23566,0.00752,0.24236,85.66968
5.10843,0.25883,1.58948,-0.3381,17.63222,78.09545,358.5713,-0.00059,-0.00693,0.05155,0.05201,12.03053,0.33789,1.09928,-0.19099,8.41552,91.27825,43.26535,-0.02274,-0.00212,0.08009,0.08328,45.91435,0.50299,1.16071,-0.37972,13.48643,89.9271,356.627,0.05564,-0.20664,0.00979,0.21423,69.17029
5.13066,0.27944,1.5894,-0.34518,17.66307,77.85577,358.6307,-0.00054,-0.00468,0.05409,0.05429,11.7026,0.3575,1.09978,-0.19784,7.96724,91.37656,43.86396,-0.03965,0.01804,0.06515,0.07838,26.41259,0.52475,1.16016,-0.38912,12.15196,90.67759,356.5472,0.04777,-0.09445,-0.02614,0.10902,28.77285
5.15288,0.29944,1.58939,-0.35348,17.72863,77.59509,358.7003,-0.00172,-0.00193,0.05685,0.05691,12.8248,0.37642,1.10093,-0.20604,7.08968,91.97198,46.24716,-0.04514,0.04149,0.06748,0.09117,80.67324,0.54534,1.15691,-0.39797,12.76964,90.76001,356.7448,0.03009,-0.13057,0.01962,0.13542,19.24871
5.1751,0.31866,1.58921,-0.36321,17.81393,77.31443,358.8028,-0.00125,-0.00762,0.05753,0.05804,14.7889,0.39527,1.10044,-0.2148,7.45222,91.44501,46.53159,-0.02334,-0.01459,0.09303,0.09702,28.81923,0.56516,1.15426,-0.40674,12.89247,89.8674,356.2763,0.02476,-0.12586,0.07796,0.1501,26.43688
5.19732,0.33751,1.58894,-0.37378,17.88996,77.03716,358.8515,0.0007,-0.01054,0.0557,0.05669,13.78882,0.4135,1.10026,-0.22598,7.68341,91.37611,45.16656,-0.0279,-0.00301,0.03483,0.04473,40.21452,0.58444,1.1496,-0.41636,14.39373,88.60225,354.4199,0.02094,-0.17796,0.07143,0.1929,73.87088
5.21953,0.35558,1.58869,-0.38558,17.95023,76.77723,358.9318,0.00347,-0.01144,0.05596,0.05722,13.60938,0.43051,1.10159,-0.23949,7.11754,92.10901,44.97374,-0.0384,0.04395,-0.00141,0.05838,32.1762,0.60266,1.14627,-0.42967,15.45561,89.05168,353.186,0.01346,-0.16326,0.02379,0.16553,85.87498
5.24176,0.37323,1.58842,-0.39796,18.04364,76.52555,359.0468,0.00535,-0.01174,0.05909,0.06048,14.10077,0.44741,1.1017,-0.25167,7.14509,92.00538,45.66761,-0.02834,0.01092,0.05438,0.06229,22.29401,0.61999,1.14258,-0.44166,16.78473,88.27554,351.3604,-0.00315,-0.16131,0.06025,0.17223,86.66274
5.26398,0.39099,1.58808,-0.41003,18.16376,76.23303,359.0191,0.00672,-0.01536,0.06574,0.06785,13.4779,0.46425,1.10099,-0.26327,7.42989,91.63712,46.15559,-0.03363,-0.02559,0.07973,0.09023,29.95127,0.63778,1.13939,-0.4525,17.98926,87.58412,351.2772,0.00712,-0.14927,0.11394,0.18792,63.00708
5.2862,0.40862,1.58764,-0.42226,18.36812,75.94635,359.0244,0.00221,-0.01938,0.06167,0.06468,15.51947,0.48053,1.10182,-0.27716,6.80341,92.59771,47.29382,-0.05321,0.03398,0.00789,0.06362,49.84579,0.65554,1.13733,-0.46455,18.1223,87.8922,352.5021,0.00675,-0.09998,0.06878,0.12154,40.15269
5.30843,0.42632,1.58714,-0.43439,18.58917,75.62836,359.1036,0.00135,-0.02213,0.06088,0.06479,18.20542,0.49764,1.10162,-0.28947,6.99107,92.21861,46.63261,-0.03108,-0.00392,0.04414,0.05412,13.13914,0.67307,1.13567,-0.477,18.326,87.81383,352.1532,-0.00405,-0.07903,0.05402,0.09581,11.40596
5.33065,0.44417,1.58671,-0.44628,18.75962,75.29826,359.1692,0.0025,-0.01966,0.06339,0.06642,17.67267,0.51479,1.10023,-0.30088,7.4328,91.66642,46.83212,-0.03315,-0.03772,0.07106,0.08701,21.62827,0.69024,1.13508,-0.48801,18.11432,86.34433,350.0231,-0.02397,-0.03948,0.09372,0.10448,75.34422
5.35287,0.46211,1.58657,-0.45794,18.88196,75.00404,359.2662,0.00175,-0.00681,0.06912,0.06947,16.77777,0.53164,1.09943,-0.31258,7.29364,91.69044,48.07983,-0.04664,-0.04176,0.07069,0.09443,56.91399,0.70709,1.13407,-0.49832,18.03162,84.82481,348.7209,-0.05218,-0.03226,0.13406,0.14743,85.01942
5.37509,0.48014,1.58628,-0.46956,18.99547,74.71238,359.3507,0.00182,-0.0116,0.06491,0.06596,15.96522,0.54875,1.09831,-0.32356,7.49249,91.17823,48.51697,-0.04111,-0.04888,0.08708,0.10799,35.77938,0.72495,1.1314,-0.50945,18.68477,83.94376,347.8901,-0.01794,-0.10106,0.09705,0.14125,63.80937
5.39731,0.49819,1.58594,-0.481,19.11731,74.34198,359.4646,-0.00057,-0.01414,0.06732,0.06879,19.093,0.56589,1.09656,-0.3345,8.07818,90.81654,49.26346,-0.04207,-0.06868,0.08222,0.1151,42.47124,0.74299,1.12775,-0.52169,19.65601,84.34207,347.8923,-0.00518,-0.13553,0.04633,0.14332,33.90899
5.41953,0.51636,1.58561,-0.49203,19.23413,73.90309,359.5154,-0.00131,-0.01404,0.07582,0.07712,21.65903,0.58312,1.09575,-0.34669,8.26667,90.99921,49.47361,-0.04275,-0.04222,0.03574,0.06991,15.50196,0.76114,1.12683,-0.53322,19.94057,84.98692,348.6397,-0.0037,-0.06405,0.05551,0.08484,28.29205
5.44176,0.53463,1.58536,-0.50281,19.33943,73.45373,359.5801,-0.00017,-0.01122,0.08355,0.0843,21.93677,0.60027,1.0956,-0.35824,8.0181,90.54829,48.84014,-0.04881,-0.00503,0.04894,0.0693,27.46211,0.77901,1.1255,-0.5437,20.42734,83.99718,347.9747,-0.0143,-0.05871,0.08923,0.10777,35.37026
5.46397,0.55302,1.58512,-0.51348,19.47458,73.06173,359.599,-0.00043,-0.01031,0.08265,0.08329,19.42527,0.61759,1.09413,-0.36819,8.51533,89.51011,48.45668,-0.04836,-0.05478,0.10075,0.12446,42.45626,0.79676,1.12442,-0.55373,20.79109,82.38527,347.0048,-0.02701,-0.05513,0.1032,0.12008,64.59208
5.48619,0.57165,1.58473,-0.52378,19.60633,72.74024,359.6567,-0.00073,-0.01617,0.08023,0.08185,17.54935,0.63481,1.09375,-0.37853,8.37109,89.09129,48.72051,-0.06125,-0.02059,0.07984,0.10271,23.93206,0.81484,1.12247,-0.56263,21.59356,80.20755,346.1227,-0.02434,-0.07938,0.12896,0.15337,84.35759
5.50842,0.59088,1.58422,-0.53306,19.85462,72.41846,359.7935,-0.00331,-0.02117,0.07704,0.07997,20.28741,0.65257,1.09451,-0.38839,7.75201,88.88148,48.69622,-0.06813,0.02202,0.05657,0.09125,25.2027,0.83403,1.12104,-0.57294,21.8619,80.86224,346.811,-0.00864,-0.06312,0.04624,0.07872,22.49505
5.53065,0.61061,1.58368,-0.54142,20.12261,72.09604,359.9671,-0.00408,-0.0234,0.07615,0.07977,21.52863,0.67111,1.09421,-0.39726,7.82007,88.46413,48.09269,-0.06031,-0.00862,0.05383,0.08129,28.54891,0.85372,1.11999,-0.582,21.95042,81.4381,346.9135,-0.00701,-0.05197,0.0457,0.06956,21.23929
5.55288,0.63085,1.58339,-0.54845,20.32716,71.73965,0.04819,-0.00562,-0.01414,0.08439,0.08575,20.02031,0.69002,1.09414,-0.40413,7.8656,87.52957,47.62293,-0.0647,0.00187,0.08738,0.10875,42.40723,0.87379,1.11764,-0.58916,22.70367,81.43308,347.3451,-0.01165,-0.09841,0.07151,0.12221,34.14051
5.57509,0.65145,1.58301,-0.55476,20.48062,71.39515,0.08385,-0.0044,-0.01723,0.08051,0.08245,18.07808,0.70924,1.0946,-0.41012,7.60925,86.82083,47.98951,-0.06571,0.01662,0.09202,0.11429,36.55785,0.89397,1.11355,-0.59484,25.06606,80.72343,348.2001,-0.02201,-0.17191,0.10568,0.20299,109.2657
5.59731,0.67211,1.58258,-0.56084,20.60918,71.05772,0.12062,-0.00629,-0.01889,0.07731,0.07983,17.38411,0.72851,1.09525,-0.41604,7.19837,86.19524,48.20392,-0.06838,0.02699,0.08563,0.11286,35.5127,0.91408,1.11034,-0.5997,27.01143,79.50026,348.7447,-0.02702,-0.14059,0.11595,0.18423,99.42294
5.61954,0.69281,1.58215,-0.5668,20.76607,70.7127,0.16613,-0.00777,-0.01921,0.07502,0.07783,17.62517,0.7481,1.09568,-0.42278,6.96168,85.98798,48.0122,-0.06096,0.01957,0.05067,0.08164,18.39597,0.93479,1.11169,-0.60629,24.96454,81.55876,352.2743,-0.01395,0.01848,0.06873,0.07252,123.5328
5.64175,0.71357,1.58173,-0.57281,20.8899,70.37188,0.24732,-0.00527,-0.01852,0.07173,0.07427,17.47512,0.76787,1.09619,-0.42978,6.80956,85.73241,47.15727,-0.05447,0.022,0.03908,0.07055,26.98526,0.95449,1.11321,-0.61001,22.98524,80.79459,353.6624,-0.04149,0.03361,0.148,0.15733,103.3154
5.66398,0.73438,1.58133,-0.57886,21.04642,70.05453,0.33679,-0.00401,-0.01846,0.07007,0.07258,17.58669,0.78742,1.09669,-0.43507,6.51193,84.95385,47.64754,-0.05934,0.02395,0.09528,0.11478,38.83413,0.97448,1.11303,-0.61429,22.70459,80.27571,354.4247,-0.04106,0.00462,0.14577,0.15151,56.79743
5.68621,0.75504,1.5808,-0.58473,21.24963,69.70137,0.41759,-0.01189,-0.02258,0.06735,0.07202,19.41515,0.80705,1.09689,-0.44,6.22206,84.48803,49.14946,-0.05973,0.01094,0.10352,0.12001,66.43635,0.9939,1.11213,-0.61819,23.13364,78.82726,353.3934,-0.06499,-0.03087,0.15292,0.169,52.10921
5.70843,0.77577,1.58033,-0.5904,21.39697,69.32246,0.47288,-0.01275,-0.0211,0.06932,0.07357,19.28483,0.82684,1.09765,-0.44545,5.69031,84.1476,49.8438,-0.05457,0.03222,0.08632,0.10709,44.92564,1.014,1.11068,-0.62283,23.72879,78.4048,353.2714,-0.04634,-0.06365,0.12475,0.14752,37.37937
5.73064,0.7966,1.57998,-0.59615,21.52464,68.97535,0.4923,-0.00926,-0.01679,0.06605,0.06878,17.00634,0.8469,1.09767,-0.45133,5.75875,83.46914,48.71667,-0.04608,0.00364,0.06437,0.07925,51.99154,1.03394,1.11018,-0.62765,23.66444,77.8071,352.439,-0.04811,-0.03426,0.11602,0.13019,35.87701
5.75287,0.81755,1.57978,-0.60193,21.61608,68.74432,0.51532,-0.00466,-0.00871,0.05947,0.06028,11.99638,0.86762,1.09712,-0.45753,6.21587,83.1513,48.48724,-0.02933,-0.02706,0.05454,0.06758,47.72924,1.05403,1.10931,-0.63218,23.81609,77.25007,352.2838,-0.04476,-0.03717,0.11717,0.13082,25.33624
5.77509,0.83862,1.57955,-0.60785,21.72737,68.63503,0.55977,-0.0009,-0.01079,0.05197,0.05308,8.13611,0.88859,1.09498,-0.46365,7.30662,82.72936,47.57607,-0.00457,-0.06298,0.04165,0.07564,41.28788,1.07425,1.10848,-0.63676,23.66986,76.9744,353.093,-0.04042,-0.03381,0.10733,0.11957,30.06401
5.79731,0.85948,1.57906,-0.61452,21.87255,68.58253,0.62881,-0.00056,-0.01939,0.04422,0.04829,8.17693,0.90925,1.09403,-0.46812,7.99948,81.08021,46.98245,-0.00695,-0.05124,0.10509,0.11712,55.03849,1.09471,1.10765,-0.6435,23.438,77.72575,354.6447,-0.02346,-0.03533,0.05787,0.07174,49.7408
5.81954,0.88025,1.57854,-0.62159,22.10051,68.47426,0.70541,0.00113,-0.02244,0.04245,0.04803,11.07747,0.92948,1.0932,-0.4757,8.75286,81.24506,47.6081,-0.01992,-0.03591,0.0326,0.05244,37.4789,1.11486,1.10642,-0.6501,23.68084,77.81871,354.9594,-0.02683,-0.05178,0.0662,0.08822,20.03112
5.84176,0.90096,1.57812,-0.62944,22.25989,68.36053,0.77986,0.01069,-0.01879,0.03955,0.04507,10.05853,0.94913,1.09448,-0.48562,7.99657,82.35403,48.81864,-0.03043,0.03781,-0.03199,0.05813,55.20053,1.1346,1.10499,-0.65706,24.17267,77.369,354.3734,-0.03115,-0.06374,0.07498,0.10322,27.38048
5.86398,0.92166,1.57794,-0.63781,22.43538,68.2877,0.88677,0.01963,-0.00967,0.03318,0.03975,9.87814,0.96913,1.09578,-0.49563,7.5947,82.76012,48.72053,-0.0169,0.04401,-0.03525,0.05886,24.37913,1.15401,1.10326,-0.66448,24.83416,76.72952,353.5241,-0.03568,-0.07255,0.07558,0.11068,38.3936
5.8862,0.94193,1.57768,-0.64705,22.60925,68.20853,1.04774,0.01324,-0.01122,0.02128,0.02746,11.45989,0.9892,1.09599,-0.50603,7.76716,82.9697,48.20002,-0.00176,0.02257,-0.03116,0.03852,21.68387,1.17334,1.10159,-0.67278,25.33586,76.23618,353.1138,-0.03198,-0.0727,0.06679,0.10377,31.65768
5.90842,0.96196,1.5774,-0.65647,22.79911,68.02954,1.09876,0.00699,-0.01218,0.01909,0.0237,12.26347,1.00908,1.09714,-0.51661,7.35873,83.13028,47.50772,-0.00222,0.03987,-0.03483,0.05299,32.11642,1.19308,1.10025,-0.68247,25.37279,76.7506,354.1365,-0.01238,-0.06308,0.01832,0.06684,29.32427
5.93064,0.98199,1.57719,-0.66584,22.92298,67.79906,0.99512,0.0031,-0.01039,0.01616,0.01946,10.85247,1.02899,1.0973,-0.52596,7.54673,82.59875,46.69386,-0.00417,0.01544,0.00826,0.018,38.38543,1.21331,1.09882,-0.69237,25.15904,77.29943,355.0582,0.00443,-0.0666,0.00459,0.0669,31.30186
5.95286,1.00212,1.57707,-0.67512,23.02699,67.55882,0.84486,0.00454,-0.00787,0.01916,0.02121,10.46796,1.04878,1.09712,-0.53498,7.75031,82.06621,46.15854,-0.00861,0.00105,0.02059,0.02234,31.42393,1.23315,1.09669,-0.70109,25.41213,77.16392,355.4239,-0.00532,-0.08501,0.03359,0.09155,21.77496
5.97508,1.02228,1.57712,-0.68453,23.03423,67.22878,0.62441,0.00189,-0.00143,0.00667,0.00708,12.28352,1.06856,1.09531,-0.54299,8.45599,81.3218,46.11509,-0.01361,-0.05664,0.04692,0.0748,34.73506,1.2539,1.09276,-0.71017,26.2189,76.92754,355.1064,0.01876,-0.14848,0.01583,0.15049,29.77194
5.99731,1.04249,1.57714,-0.6938,22.99272,67.02679,0.51608,0.00256,0.00003,0.00584,0.00637,8.97334,1.08831,1.09335,-0.55171,9.0932,81.1773,46.32559,-0.01626,-0.0726,0.03278,0.0813,28.50724,1.27473,1.08943,-0.72024,27.13031,77.35508,354.5858,0.02411,-0.14527,-0.01381,0.1479,43.86751
6.01953,1.06268,1.57704,-0.70293,23.03185,66.92121,0.48383,0.00115,-0.00208,0.00575,0.00623,4.43516,1.10817,1.09266,-0.56051,9.42153,80.89414,46.15078,-0.01467,-0.04176,0.02578,0.05122,21.72515,1.295,1.08694,-0.72919,27.62663,77.43013,354.5696,0.00938,-0.12024,0.00918,0.12095,27.29893
6.04175,1.08353,1.57779,-0.71312,22.60926,67.06063,0.3979,0.03104,0.03322,-0.03644,0.05827,20.44177,1.12788,1.08923,-0.56981,9.66926,81.29028,46.76037,-0.02186,-0.15952,0.00511,0.16109,32.33704,1.31696,1.08196,-0.74023,29.7881,77.41099,351.8347,0.08264,-0.23703,-0.07641,0.26239,159.5869
6.06397,1.10419,1.57817,-0.72337,22.53955,67.28477,0.43644,0.02744,0.01997,-0.03151,0.04631,10.24095,1.14778,1.08696,-0.57788,10.09011,80.71603,47.46318,-0.01021,-0.11638,0.05369,0.12858,40.42072,1.33811,1.07941,-0.75145,30.67656,77.70312,350.287,0.05607,-0.14291,-0.07767,0.17205,101.7471
6.08619,1.12473,1.57828,-0.73337,22.54979,67.48011,0.41771,0.02214,0.00833,-0.02586,0.03505,9.20789,1.16778,1.08503,-0.58564,10.50235,79.86562,48.07899,-0.0036,-0.09626,0.07634,0.12291,54.62301,1.35912,1.0771,-0.76272,31.62283,77.8589,348.6425,0.04707,-0.10963,-0.08307,0.14538,93.44086
6.10841,1.14514,1.57816,-0.74374,22.6537,67.67348,0.32341,0.01913,-0.00236,-0.0291,0.0349,10.77987,1.1883,1.08225,-0.59446,11.48415,79.74826,49.19294,0.01716,-0.11829,0.04698,0.12843,62.59237,1.37972,1.07461,-0.77369,32.71861,77.75901,347.3665,0.03045,-0.11456,-0.06182,0.13369,78.62408
6.13063,1.16619,1.57791,-0.75251,22.84295,67.82952,0.21726,0.01784,-0.00927,-0.02822,0.03465,12.46062,1.20963,1.08024,-0.60187,12.13163,79.71565,50.63495,0.0251,-0.08945,0.03708,0.10003,65.34641,1.40085,1.073,-0.7842,33.28949,77.96639,345.8493,0.02283,-0.08314,-0.09615,0.12914,75.13716
6.15285,1.18848,1.57775,-0.75753,23.0272,67.9733,0.11734,0.02372,-0.00819,-0.01897,0.03146,12.15672,1.23201,1.0792,-0.60611,12.4757,79.69981,51.57357,0.0293,-0.05663,0.02087,0.06709,49.33751,1.42304,1.07156,-0.79089,33.62419,78.13043,344.9942,0.02224,-0.06603,-0.09115,0.11473,50.16567
6.17507,1.21083,1.57734,-0.76111,23.29726,68.07458,0.04313,0.01701,-0.01729,-0.02279,0.03328,13.59711,1.2549,1.07822,-0.60935,12.93737,79.68022,51.50692,0.03839,-0.04283,-0.00155,0.05754,19.77638,1.4457,1.07065,-0.79573,33.37283,78.21877,344.3861,0.02869,-0.04525,-0.08166,0.09767,33.05043
6.19728,1.23314,1.57687,-0.76405,23.48202,68.22816,359.9369,0.01216,-0.01865,-0.02627,0.03443,12.45322,1.27831,1.07764,-0.61263,13.42519,79.85548,50.23097,0.05338,-0.0271,-0.0363,0.07001,49.41906,1.46861,1.06968,-0.8003,32.96585,78.3425,343.4303,0.03574,-0.04473,-0.10132,0.11638,47.53096
6.2195,1.25554,1.57653,-0.76503,23.57493,68.4996,359.8475,0.00989,-0.01542,-0.03573,0.04015,13.41018,1.30183,1.07886,-0.61441,13.05538,80.47466,49.33699,0.05617,0.02947,-0.06033,0.08754,46.33273,1.49213,1.06858,-0.80348,32.319,78.83804,342.3218,0.05365,-0.04911,-0.12626,0.14571,64.1311
6.24173,1.2779,1.57625,-0.76421,23.67307,68.7263,359.8087,0.00936,-0.013,-0.03667,0.04002,12.15902,1.32522,1.08039,-0.61436,12.56834,81.26458,49.10911,0.05329,0.04994,-0.06409,0.09716,38.83057,1.51546,1.06667,-0.80433,31.93543,79.14917,341.377,0.05077,-0.07698,-0.11457,0.14707,54.59927
6.26395,1.29994,1.57604,-0.76362,23.73376,68.95036,359.7794,-0.0027,-0.01035,-0.04245,0.04378,11.43487,1.34862,1.08172,-0.61381,12.44652,81.75018,48.73725,0.05518,0.05089,-0.04625,0.08817,30.91129,1.53894,1.06226,-0.80655,31.8774,80.08939,340.7337,0.0573,-0.17123,-0.16575,0.24511,68.29657
6.28618,1.32196,1.57577,-0.76302,23.77046,69.14777,359.6336,-0.00599,-0.0112,-0.04158,0.04348,12.89733,1.37198,1.08149,-0.61255,12.87674,81.85169,48.14149,0.05412,0.00082,-0.01872,0.05727,31.30281,1.56162,1.05573,-0.8087,33.22752,80.20811,338.348,0.02969,-0.26495,-0.1641,0.31306,103.2169
6.3084,1.34399,1.57559,-0.7626,23.81883,69.35023,359.5255,-0.00548,-0.00829,-0.0444,0.0455,12.09988,1.39524,1.08062,-0.61099,13.42412,81.81525,47.57749,0.04966,-0.0266,-0.00137,0.05635,31.73526,1.58394,1.04918,-0.81066,34.81298,80.45763,336.8533,0.0141,-0.27726,-0.15131,0.31617,100.0667
6.33062,1.36613,1.57546,-0.76231,23.83443,69.54284,359.4225,-0.00236,-0.00717,-0.04556,0.04619,11.41967,1.41837,1.07943,-0.60919,13.96442,81.75976,47.32005,0.04497,-0.04385,0.01147,0.06385,26.33954,1.60649,1.04362,-0.81265,35.85843,80.40824,334.6539,0.01629,-0.25258,-0.15011,0.29427,105.2845
6.35284,1.38835,1.57569,-0.76222,23.81505,69.69406,359.3959,0.00102,0.00387,-0.05067,0.05083,8.80908,1.44115,1.07673,-0.60598,14.97771,81.28499,47.43575,0.03274,-0.08978,0.0586,0.1121,38.69776,1.62846,1.03678,-0.81582,37.65691,80.95876,332.9633,-0.00066,-0.28204,-0.18048,0.33485,108.7296
6.37505,1.4105,1.57572,-0.76207,23.81487,69.82482,359.2487,-0.00176,0.00099,-0.04967,0.04971,9.95733,1.4636,1.07541,-0.60332,15.47085,81.04848,47.76719,0.0199,-0.06187,0.05394,0.08446,27.85286,1.6506,1.03133,-0.81855,38.65591,82.24577,334.1982,-0.00086,-0.25196,-0.17601,0.30735,62.10543
6.39728,1.43259,1.57569,-0.76227,23.83037,69.90589,359.0109,-0.00455,-0.00073,-0.05006,0.05027,11.87781,1.48617,1.07502,-0.60198,15.61984,81.19058,47.78829,0.01635,-0.02803,0.02837,0.0431,11.6048,1.67318,1.02764,-0.82094,38.60111,82.87634,334.7166,0.01399,-0.18179,-0.15093,0.23669,22.43973
6.4195,1.45468,1.57555,-0.76274,23.86478,70.02187,358.7656,-0.00517,-0.00523,-0.04933,0.04987,13.14746,1.50859,1.07451,-0.60039,16.01709,80.68048,47.08565,0.01157,-0.02735,0.04056,0.05027,30.96409,1.69478,1.02239,-0.82338,40.03311,82.97736,333.9665,-0.02231,-0.22953,-0.13783,0.26866,63.59755
6.44172,1.47669,1.57528,-0.76368,23.92211,70.18169,358.5298,-0.00859,-0.01069,-0.04969,0.05155,14.58105,1.53107,1.07339,-0.5995,16.66239,80.37312,46.74889,0.01065,-0.04567,0.03467,0.05831,32.81852,1.71625,1.0177,-0.82543,40.8837,82.24946,332.116,-0.03251,-0.22025,-0.1087,0.24776,78.80434
6.46394,1.49864,1.57484,-0.76439,24.03017,70.2986,358.3778,-0.01102,-0.01776,-0.04784,0.05221,11.85375,1.55343,1.07209,-0.59884,17.24951,80.26975,46.61141,0.00701,-0.05697,0.01738,0.05997,28.05453,1.73767,1.012,-0.8298,42.61271,83.70372,331.642,-0.03394,-0.24703,-0.19299,0.31531,102.4702
6.48616,1.52069,1.57423,-0.76523,24.22704,70.46474,358.3443,-0.00854,-0.02462,-0.04987,0.05626,11.87838,1.57572,1.07093,-0.5988,17.60462,80.3587,46.34713,0.00465,-0.05177,-0.00526,0.05224,21.13788,1.75839,1.00558,-0.83388,44.81247,84.2616,329.0982,-0.06386,-0.28659,-0.1863,0.34773,148.1918
6.50837,1.54273,1.57368,-0.76612,24.44759,70.7238,358.3874,-0.00844,-0.02429,-0.05105,0.05717,13.56743,1.59783,1.06974,-0.59861,17.83068,80.15342,45.71929,-0.00323,-0.05476,0.0002,0.05485,26.52383,1.7795,1.00068,-0.8356,45.85531,83.27025,326.2812,-0.05211,-0.23463,-0.11907,0.26822,112.7816
6.5306,1.56478,1.57318,-0.76694,24.62451,70.92681,358.349,-0.00809,-0.02289,-0.04907,0.05475,12.77241,1.61975,1.06814,-0.59778,18.23668,79.63579,45.20422,-0.01017,-0.06756,0.01752,0.07053,29.05103,1.80112,0.99677,-0.83761,46.47929,83.79174,325.5881,-0.03338,-0.19134,-0.1088,0.22262,70.34578
6.55283,1.58695,1.573,-0.76775,24.72707,71.06413,358.2921,-0.00373,-0.01188,-0.04087,0.04272,9.59105,1.64157,1.06618,-0.59768,18.62189,79.47243,45.14021,-0.01582,-0.08303,0.00679,0.0848,20.57198,1.82268,0.99383,-0.84032,46.89296,85.95823,327.5894,-0.02864,-0.1447,-0.12589,0.19393,62.04254
6.57505,1.6091,1.57276,-0.76856,24.81927,71.12537,358.227,-0.00369,-0.012,-0.03853,0.04053,7.20545,1.6633,1.06383,-0.59771,19.05722,79.31507,44.82595,-0.02023,-0.10001,-0.00084,0.10204,23.39488,1.84538,0.99287,-0.84269,45.54748,88.08991,329.4269,0.00541,-0.0773,-0.10993,0.1345,70.9152
6.59727,1.63114,1.5724,-0.7692,24.97292,71.15868,358.1681,-0.00764,-0.01527,-0.03681,0.04057,7.60771,1.68493,1.0608,-0.59774,19.60079,79.09729,43.86609,-0.0245,-0.12606,-0.00464,0.1285,41.42997,1.86792,0.99103,-0.84429,44.63058,89.7608,330.8186,0.00853,-0.08944,-0.09066,0.12764,63.94525
6.6195,1.65323,1.57209,-0.77012,25.13299,71.18464,358.0116,-0.00675,-0.01441,-0.03738,0.04062,9.79798,1.70639,1.05694,-0.59779,20.25574,78.50999,41.92489,-0.03149,-0.15934,0.00031,0.16243,75.26418,1.8901,0.98902,-0.8474,43.55576,92.63775,332.5631,-0.00074,-0.09378,-0.1202,0.15246,87.33888
6.64171,1.67523,1.57179,-0.77089,25.30244,71.21912,357.7993,-0.00936,-0.01366,-0.03373,0.03757,11.5928,1.72763,1.05232,-0.59747,20.70724,77.42378,38.55367,-0.03902,-0.19313,0.01108,0.19735,123.9308,1.9114,0.98643,-0.84911,43.41947,94.51031,334.1447,-0.03156,-0.11111,-0.08845,0.14548,68.033
6.66393,1.69714,1.57146,-0.77151,25.43509,71.18048,357.6779,-0.01315,-0.01477,-0.0282,0.03444,8.25342,1.74878,1.04659,-0.59805,20.7638,76.4913,33.58019,-0.04481,-0.23949,-0.01829,0.24433,189.2966,1.93357,0.98511,-0.84902,42.71749,94.74027,334.4675,-0.00677,-0.06963,-0.01945,0.07262,37.17029
6.68615,1.71918,1.57101,-0.77213,25.58899,71.08347,357.5812,-0.00955,-0.01949,-0.03053,0.03746,8.1857,1.76975,1.03913,-0.59914,20.49737,75.44118,26.41593,-0.05661,-0.3247,-0.04562,0.33274,292.8022,1.95638,0.98534,-0.84927,40.64183,95.88817,335.687,0.01588,-0.00888,-0.02563,0.03143,93.18293
6.70837,1.74123,1.57054,-0.77192,25.78813,70.98282,357.4207,-0.00736,-0.02029,-0.02941,0.03648,10.25788,1.79022,1.02953,-0.59908,20.45452,74.16397,18.56677,-0.07338,-0.41119,-0.03891,0.4195,330.6693,1.97837,0.9853,-0.85083,38.95557,98.93878,339.343,-0.0064,-0.00534,-0.09064,0.09102,129.853
6.7306,1.76326,1.5701,-0.7704,25.97232,70.83226,357.2397,-0.00476,-0.01945,-0.02639,0.03313,10.71575,1.80995,1.0171,-0.59838,19.99957,72.74061,7.5893,-0.0962,-0.50653,-0.05593,0.51861,426.0338,1.99959,0.98301,-0.84973,38.82307,98.63824,338.1587,-0.03175,-0.08256,-0.04799,0.10063,29.42558
6.75282,1.78527,1.56976,-0.76763,26.1653,70.6795,357.0458,-0.00012,-0.01629,-0.02201,0.02738,11.47084,1.82829,1.00172,-0.59405,21.29419,71.9884,1.91372,-0.15646,-0.67076,0.04387,0.69016,254.6565,2.02095,0.97972,-0.84498,39.19921,95.02199,333.3549,-0.03149,-0.13753,0.03666,0.14577,137.8277
6.77504,1.80751,1.5694,-0.76465,26.31233,70.57938,356.8318,0.00887,-0.01658,-0.01498,0.02404,10.37055,1.84396,0.98354,-0.58329,26.05897,71.88547,10.16663,-0.25317,-0.77123,0.26643,0.85432,283.3829,2.04216,0.97732,-0.83952,39.74501,92.4757,331.7214,-0.02863,-0.09877,0.07249,0.12582,74.35563
6.79726,1.82981,1.56891,-0.7615,26.47663,70.61237,356.7588,0.01416,-0.02168,-0.0129,0.02893,8.50752,1.8587,0.96751,-0.57195,29.55861,71.33151,18.10891,-0.3189,-0.73767,0.34859,0.876,382.2126,2.06423,0.97736,-0.83682,38.67075,92.66293,332.9662,-0.00173,-0.02027,-0.01032,0.02281,49.73171
6.81949,1.85193,1.56823,-0.75821,26.82717,70.67306,356.7811,0.01008,-0.02923,-0.0135,0.03374,15.02518,1.87292,0.9518,-0.56184,31.89493,69.17564,17.58652,-0.33042,-0.70773,0.2879,0.83243,157.2368,2.08657,0.97834,-0.83527,36.60627,92.81432,331.6398,0.0129,0.02941,-0.07872,0.08501,87.34619
6.84171,1.87381,1.56757,-0.75378,27.21951,70.69865,356.8016,0.00751,-0.02854,-0.00871,0.03076,16.90559,1.88718,0.93677,-0.55319,33.07391,66.17075,9.64849,-0.33134,-0.68183,0.20176,0.78447,235.8808,2.10816,0.97833,-0.83396,35.54601,94.32843,331.3849,-0.00407,0.00322,-0.14128,0.14138,87.35038
6.86393,1.89561,1.567,-0.74851,27.49418,70.63643,356.7223,0.01032,-0.02642,-0.00228,0.02846,13.81933,1.90163,0.92174,-0.5467,33.76974,63.90733,358.7575,-0.32761,-0.68428,0.06828,0.76173,426.2174,2.12887,0.97668,-0.83349,35.36583,97.78415,333.0077,-0.03518,-0.06351,-0.22317,0.23469,129.1494
6.88615,1.91728,1.56635,-0.74236,27.75638,70.54749,356.5885,0.01451,-0.02865,-0.00264,0.03222,13.35706,1.91533,0.9062,-0.54185,34.12391,62.89956,347.1172,-0.33742,-0.68894,-0.00553,0.76715,449.5307,2.14918,0.9742,-0.83243,35.57642,101.8448,335.7592,-0.03881,-0.09487,-0.20782,0.23173,124.1265
6.90837,1.93869,1.56569,-0.73528,28.00677,70.46968,356.3931,0.0157,-0.02961,-0.00082,0.03353,13.68276,1.92736,0.89068,-0.53499,34.84612,61.82616,337.6539,-0.38724,-0.69413,-0.00006,0.79484,397.4146,2.17053,0.96796,-0.82495,37.95973,100.3972,333.8117,0.00214,-0.22267,-0.03625,0.22561,81.99165
6.9306,1.95986,1.56511,-0.72752,28.24134,70.45531,356.2025,0.01566,-0.02685,-0.00083,0.03109,13.65356,1.93822,0.87569,-0.52691,36.66679,61.35564,332.6202,-0.42997,-0.67612,0.01669,0.80143,261.2388,2.19229,0.95922,-0.81291,41.8572,96.14528,330.7725,0.02012,-0.33734,0.10999,0.35539,170.3654
6.95282,1.9808,1.56465,-0.71922,28.5037,70.58087,356.1171,0.01369,-0.02237,0.00184,0.02629,13.90069,1.94827,0.86231,-0.51767,38.69507,61.02161,331.1837,-0.46375,-0.62093,0.04077,0.77606,135.9555,2.21138,0.95074,-0.80378,45.4483,95.82183,330.9809,-0.04421,-0.35612,0.05318,0.36277,151.7048
6.97504,2.00166,1.56411,-0.71109,28.80069,70.67013,356.0847,0.00994,-0.02418,-0.00182,0.0262,14.32863,1.95723,0.84767,-0.50871,41.28262,60.01967,328.9304,-0.51511,-0.65302,0.0334,0.8324,142.3889,2.23121,0.944,-0.79512,48.00569,93.95121,329.7293,-0.03745,-0.31478,0.02648,0.3181,131.9564
6.99727,2.02251,1.56357,-0.70275,29.0415,70.67407,356.0386,0.01151,-0.02376,0,0.0264,11.33728,1.96543,0.83343,-0.50011,43.51913,58.56393,324.3008,-0.55437,-0.63921,0.01331,0.84622,185.0325,2.25175,0.93972,-0.78828,48.30229,94.7645,330.4998,-0.00673,-0.21251,-0.0536,0.21927,34.34497
7.01949,2.04362,1.5632,-0.69424,29.12351,70.65504,355.9188,0.02018,-0.01848,0.00519,0.02785,7.1174,1.97377,0.82099,-0.49172,45.10178,57.14812,319.4674,-0.55236,-0.57487,-0.00099,0.79723,188.0681,2.27237,0.93734,-0.78115,47.71695,97.29298,332.8346,-0.00176,-0.13423,-0.04339,0.14108,56.84608
7.04171,2.06483,1.5629,-0.68562,29.19984,70.6171,355.8037,0.02448,-0.0152,0.01011,0.03054,6.35199,1.982,0.80922,-0.48491,47.28067,56.51173,316.1083,-0.55479,-0.5398,-0.05327,0.77589,166.5525,2.29331,0.93476,-0.76929,47.73726,95.56272,332.6645,0.01113,-0.12236,0.1065,0.1626,51.95816
7.06393,2.08581,1.56237,-0.67705,29.41937,70.5782,355.7369,0.01895,-0.02237,0.00911,0.0307,9.43604,1.98998,0.79861,-0.47829,50.24688,55.92078,315.4366,-0.56405,-0.49179,-0.0688,0.75149,131.5118,2.31437,0.9333,-0.75897,47.29045,94.50908,332.0581,0.01652,-0.07893,0.08101,0.1143,32.12655
7.08616,2.10676,1.56148,-0.6684,29.78197,70.50775,355.6382,0.01875,-0.03705,0.00825,0.04234,15.44971,1.99775,0.78889,-0.47122,53.58645,54.69787,315.7652,-0.57224,-0.4422,-0.06775,0.72635,155.8974,2.33407,0.93149,-0.75088,47.39717,95.50171,332.454,-0.03097,-0.08391,0.00538,0.08961,21.82121
7.10838,2.12776,1.56054,-0.65967,30.15217,70.42352,355.4533,0.02096,-0.04036,0.0097,0.0465,17.38053,2.00714,0.78206,-0.46372,55.75385,53.26979,315.5172,-0.51693,-0.34036,-0.04863,0.62083,119.6302,2.35354,0.92859,-0.74036,48.27519,94.22603,331.2814,-0.04588,-0.11895,0.08049,0.15077,46.68592
7.13059,2.14898,1.55976,-0.65096,30.41319,70.40704,355.3521,0.02967,-0.03613,0.00864,0.04754,13.49989,2.01672,0.77653,-0.456,57.73831,50.70654,312.5663,-0.49861,-0.2752,-0.0387,0.57082,112.2565,2.37306,0.92597,-0.72837,48.75137,91.99125,329.3286,-0.04549,-0.11884,0.14337,0.1917,64.75216
7.15281,2.17046,1.55905,-0.64218,30.65196,70.49094,355.3017,0.04033,-0.03294,0.00886,0.05282,12.46042,2.02878,0.77348,-0.44918,59.19382,48.89368,309.0999,-0.39836,-0.1668,-0.07001,0.43751,109.2601,2.39223,0.92199,-0.71758,49.77625,90.81145,328.8556,-0.05791,-0.16722,0.09678,0.2017,54.97724
7.17503,2.19197,1.5583,-0.63352,30.93044,70.60681,355.1868,0.04172,-0.03323,0.00589,0.05367,14.45439,2.04186,0.77023,-0.44217,60.20794,47.73898,306.9154,-0.34904,-0.15133,-0.06901,0.38664,81.6808,2.41201,0.919,-0.70998,50.07532,91.58047,328.7616,-0.03777,-0.14016,-0.00616,0.14529,29.34721
7.19725,2.21362,1.55753,-0.62508,31.2338,70.7731,355.0937,0.04802,-0.0341,0.00003,0.0589,16.05794,2.06075,0.77201,-0.4358,60.36208,48.39011,308.2325,-0.14582,0.0177,-0.08955,0.17203,26.474,2.43232,0.91579,-0.70282,49.9831,92.45907,327.7719,-0.01836,-0.15119,-0.03402,0.15605,59.83561
7.21948,2.23549,1.55676,-0.61674,31.48196,70.94157,355.0679,0.05696,-0.03439,-0.00326,0.06661,14.36301,2.08123,0.77413,-0.42901,60.65192,48.67506,310.2391,-0.0573,0.05792,-0.07499,0.11073,58.32434,2.45302,0.91208,-0.69168,50.21696,89.7194,324.8441,0.00283,-0.15625,0.07449,0.17312,65.70666
7.2417,2.25726,1.55608,-0.60795,31.71022,71.08285,355.0741,0.05888,-0.03109,-0.00233,0.06662,12.75121,2.10281,0.77646,-0.42148,60.60619,49.11518,311.9246,0.02273,0.09067,-0.06289,0.11266,55.09618,2.47476,0.90933,-0.68129,49.33421,88.35253,322.7139,0.04515,-0.13548,0.0723,0.16007,67.19101
7.26393,2.27809,1.55544,-0.59732,32.00161,71.23647,354.9921,0.05924,-0.03029,-0.00082,0.06654,15.00752,2.12461,0.77962,-0.41262,60.15953,50.23751,313.4365,0.09154,0.13506,-0.07822,0.18093,40.29044,2.4945,0.90556,-0.66866,49.35519,86.27332,320.1141,0.01693,-0.16279,0.08703,0.18537,76.42578
7.28616,2.2985,1.55456,-0.5859,32.27937,71.35682,354.9115,0.06493,-0.0383,-0.00422,0.07551,15.34562,2.14644,0.7828,-0.40291,59.64904,51.45371,314.5606,0.15632,0.16324,-0.08104,0.2401,42.54659,2.51333,0.90104,-0.65457,49.6129,83.60574,315.7078,-0.00254,-0.20331,0.1168,0.23449,130.03
7.30837,2.31871,1.55349,-0.57398,32.6474,71.43711,354.7689,0.0716,-0.04691,-0.00977,0.08615,18.31132,2.16802,0.78566,-0.39236,59.24513,52.80735,315.5957,0.15989,0.14677,-0.07603,0.22997,41.51278,2.53155,0.89666,-0.63803,49.71274,80.3127,313.0882,-0.0143,-0.20086,0.1943,0.27983,100.4291
7.3306,2.3381,1.55234,-0.56148,33.09873,71.44707,354.6581,0.05976,-0.05107,-0.01518,0.08007,20.68202,2.18872,0.78833,-0.38187,59.10701,54.34376,316.314,0.13173,0.12898,-0.10232,0.21085,44.66554,2.54985,0.89334,-0.62391,49.00176,80.39785,314.2745,0.00364,-0.15805,0.07314,0.1742,48.31061
7.35282,2.35674,1.5514,-0.54823,33.5313,71.33725,354.5416,0.05357,-0.0439,-0.01937,0.07192,19.53757,2.20934,0.79109,-0.36948,58.53565,55.39719,316.247,0.13071,0.12156,-0.0684,0.19116,48.20258,2.56649,0.88861,-0.61106,49.34605,81.49851,314.9482,-0.02949,-0.20215,0.00017,0.20429,16.52177
7.37505,2.37532,1.55062,-0.5349,33.83531,71.24684,354.3921,0.05091,-0.03776,-0.0174,0.06573,15.9266,2.22968,0.79352,-0.35622,58.07139,56.11299,316.2654,0.12942,0.11182,-0.03204,0.17401,40.11838,2.58246,0.88349,-0.59755,50.38681,81.73596,314.5537,-0.05749,-0.22067,-0.00196,0.22804,40.62091
7.39727,2.39384,1.54992,-0.52157,34.0453,71.19363,354.1726,0.0492,-0.0336,-0.01824,0.06231,13.62054,2.24924,0.79558,-0.34311,57.84297,56.81069,316.3878,0.10445,0.09662,-0.02673,0.14478,31.45295,2.59888,0.87946,-0.58122,51.11651,79.74429,313.7548,-0.05155,-0.19168,0.09816,0.22144,67.23813
7.41949,2.41237,1.54936,-0.50831,34.22033,71.16644,353.9885,0.04886,-0.02711,-0.02178,0.05997,11.56997,2.26871,0.79714,-0.32968,57.8479,57.52729,316.4872,0.09719,0.07446,-0.01298,0.12312,28.92703,2.61721,0.87797,-0.56743,49.70213,80.63201,314.524,0.02145,-0.09074,0.01545,0.09451,45.04594
7.44171,2.43083,1.54884,-0.49512,34.41333,71.14075,353.7814,0.04639,-0.02437,-0.02548,0.05827,12.46622,2.28848,0.79858,-0.31544,57.73432,58.19791,316.6131,0.10194,0.06898,0.01033,0.12352,26.50673,2.63423,0.87532,-0.55443,49.72553,81.64611,315.6635,-0.01099,-0.11951,-0.01535,0.12099,28.23299
7.46393,2.44915,1.54829,-0.48195,34.55234,71.17368,353.6479,0.0432,-0.02514,-0.02797,0.05728,9.77141,2.30769,0.8,-0.30101,57.57582,58.58578,316.8513,0.0851,0.06505,0.0209,0.10914,14.57429,2.65056,0.872,-0.54153,50.41862,83.12122,317.5209,-0.03885,-0.14145,-0.03042,0.14981,47.54055
7.48615,2.46754,1.54764,-0.46877,34.71511,71.25543,353.5722,0.04528,-0.0286,-0.03046,0.06161,9.51874,2.32643,0.80094,-0.28636,57.70851,59.00372,317.5002,0.06869,0.0475,0.02974,0.08865,13.27269,2.66698,0.86954,-0.52753,50.79328,83.19692,317.7358,-0.03572,-0.109,-0.00029,0.1147,15.17956
7.50838,2.48594,1.54697,-0.45576,34.9725,71.4523,353.5892,0.04503,-0.02975,-0.03488,0.06426,12.97484,2.34518,0.80179,-0.27146,57.7075,59.27617,318.0328,0.06299,0.04189,0.04378,0.08741,13.92877,2.68446,0.86862,-0.51216,50.11564,81.81271,316.6431,-0.0046,-0.05722,0.05555,0.07989,35.30853
7.53059,2.50426,1.54624,-0.44282,35.22055,71.68929,353.5723,0.04069,-0.03152,-0.03597,0.06279,15.02324,2.36377,0.80258,-0.25612,57.51658,59.21373,318.2561,0.05287,0.03544,0.06578,0.09153,13.64834,2.70108,0.86662,-0.49746,50.4155,81.06664,316.2775,-0.0324,-0.08417,0.04487,0.10073,25.38594
7.55281,2.52266,1.5457,-0.42988,35.42185,71.85534,353.5973,0.04064,-0.02574,-0.03462,0.05926,11.59453,2.38215,0.80333,-0.2408,57.319,59.00885,318.2227,0.04134,0.03398,0.07396,0.09129,12.37416,2.71766,0.86452,-0.484,50.97188,81.45137,317.0849,-0.03643,-0.09049,0.00282,0.09759,25.6257
7.57503,2.54129,1.54538,-0.41692,35.50931,72.01085,353.6213,0.04761,-0.01694,-0.032,0.05981,8.15401,2.40005,0.80387,-0.22556,57.26771,58.75754,318.2241,0.02221,0.02691,0.06989,0.07812,10.65749,2.73446,0.86291,-0.4706,51.27635,81.30737,317.1453,-0.03398,-0.08028,-0.00395,0.08727,19.40631
7.59726,2.55997,1.54495,-0.40402,35.62569,72.13653,353.576,0.04839,-0.0202,-0.03166,0.06125,8.92986,2.41795,0.80443,-0.21081,57.34018,58.71086,318.3539,0.02251,0.02872,0.05487,0.0659,7.3915,2.75159,0.86131,-0.45707,51.40893,81.26815,317.5013,-0.02542,-0.07825,-0.00021,0.08228,17.29078
7.61947,2.57882,1.54478,-0.39147,35.73043,72.26877,353.5392,0.05016,-0.012,-0.03769,0.06388,8.96456,2.43409,0.8041,-0.19656,57.70764,58.43333,317.9838,-0.0422,-0.00092,0.04019,0.05829,12.11655,2.76977,0.86122,-0.44461,50.70496,81.16044,317.6661,0.00736,-0.03071,-0.0296,0.04328,25.26191
7.64169,2.5976,1.54442,-0.37897,35.9025,72.33075,353.4155,0.04887,-0.01502,-0.03967,0.06471,10.41061,2.45061,0.80403,-0.18246,57.8902,58.16205,317.3193,-0.04821,-0.00173,0.03476,0.05946,18.33751,2.78792,0.86006,-0.43184,50.31227,80.83286,318.0344,0.01445,-0.05041,-0.02814,0.05951,30.02072
7.66392,2.6166,1.54415,-0.36655,36.00375,72.37582,353.3257,0.05581,-0.01289,-0.04246,0.0713,8.17559,2.46714,0.80411,-0.16852,57.9121,58.02682,316.5677,-0.04998,0.00345,0.02578,0.05635,23.92492,2.80619,0.85793,-0.41981,50.17585,80.19002,317.3115,0.02085,-0.08504,-0.05429,0.10302,18.20086
7.68614,2.6359,1.54395,-0.35429,36.01632,72.39348,353.1994,0.06776,-0.00948,-0.04928,0.08432,6.34593,2.48308,0.80417,-0.15534,58.2573,58.33564,316.6743,-0.07372,0.00201,-0.0016,0.07376,17.4945,2.82465,0.8555,-0.40877,49.80842,79.23402,315.3402,0.02848,-0.1035,-0.09017,0.14019,54.42928
7.70837,2.65532,1.54366,-0.34205,36.07245,72.34955,352.9936,0.07649,-0.01219,-0.05265,0.09366,8.49149,2.4991,0.80423,-0.14246,58.61105,58.8611,316.9449,-0.083,0.00083,-0.02497,0.08668,22.75516,2.84288,0.85256,-0.39766,49.65078,78.38805,313.9771,0.02615,-0.13174,-0.11203,0.1749,45.6749
7.73058,2.67511,1.54327,-0.32991,36.1222,72.35577,352.7309,0.08785,-0.01628,-0.05519,0.10502,11.39632,2.51509,0.80462,-0.1295,58.57662,59.09536,316.4468,-0.07928,0.01491,-0.01918,0.08292,27.84684,2.86107,0.84888,-0.38802,49.89555,78.83432,314.101,0.0238,-0.15869,-0.15143,0.22064,18.3374
7.7528,2.69544,1.5426,-0.31802,36.19426,72.46641,352.5179,0.10991,-0.02717,-0.06422,0.13016,12.69063,2.53111,0.80519,-0.11594,58.44466,58.77646,315.5529,-0.08003,0.02285,0.00301,0.08329,28.75566,2.87952,0.84543,-0.37886,49.90778,79.78234,314.9546,0.02986,-0.15492,-0.17689,0.23703,18.75225
7.77502,2.71627,1.54171,-0.30637,36.32853,72.60611,352.3728,0.12673,-0.03684,-0.06734,0.14816,12.81059,2.54662,0.80574,-0.10188,58.17504,57.64624,313.5555,-0.09971,0.02378,0.02872,0.10645,45.7979,2.89752,0.8409,-0.37032,50.21819,80.35021,315.4215,0.01015,-0.19025,-0.19782,0.27465,18.12003
7.79724,2.73733,1.54053,-0.29514,36.55544,72.73494,352.184,0.13049,-0.04966,-0.07175,0.15697,16.06539,2.56261,0.8066,-0.08802,57.61452,56.47415,311.455,-0.09254,0.04012,0.04403,0.11005,61.94394,2.91518,0.83591,-0.36224,50.76617,80.70156,314.7632,-0.01335,-0.21314,-0.20926,0.299,40.95658
7.81945,2.75879,1.53903,-0.28502,36.91298,72.89223,352.0147,0.12164,-0.064,-0.07706,0.15757,19.64022,2.57805,0.80599,-0.07639,58.588,55.75189,310.887,-0.13325,-0.00526,0.00757,0.13357,32.03602,2.93311,0.83121,-0.35489,51.46096,80.6455,313.2229,-0.03068,-0.20789,-0.20173,0.2913,62.20937
7.84168,2.78158,1.53757,-0.27823,37.38988,73.01524,351.8856,0.10741,-0.06313,-0.07456,0.14519,22.09437,2.5957,0.80587,-0.06743,58.8987,54.57096,309.9218,-0.12644,-0.00356,0.0191,0.12792,29.70594,2.95358,0.82816,-0.34903,51.38457,79.71363,311.9716,-0.00721,-0.15449,-0.13864,0.2077,35.10637
7.8639,2.80523,1.53608,-0.2736,37.95811,73.11505,351.6999,0.10914,-0.0648,-0.07736,0.14865,26.07385,2.61403,0.80562,-0.06133,59.55454,54.15704,309.8124,-0.1286,-0.00674,-0.00502,0.12888,28.14636,2.97522,0.82656,-0.34452,50.69315,78.73489,311.4647,0.01092,-0.0946,-0.10376,0.14083,32.52579
7.88612,2.82999,1.53515,-0.27047,38.08063,73.27879,351.6049,0.13332,-0.04659,-0.07502,0.15991,13.91207,2.63281,0.8055,-0.05696,60.1187,53.8737,309.4005,-0.13164,-0.00591,-0.01667,0.13282,26.56895,2.99691,0.82473,-0.34316,50.2533,79.16804,311.9037,0.00104,-0.08875,-0.14941,0.17379,19.87087
7.90834,2.85506,1.53429,-0.26829,38.10616,73.38503,351.5574,0.14065,-0.04073,-0.0666,0.16087,7.36609,2.65206,0.80573,-0.05348,60.33687,53.40004,308.6719,-0.12244,0.00783,-0.00741,0.12291,20.17928,3.01765,0.82105,-0.34363,51.03677,79.96857,311.939,-0.04337,-0.1516,-0.17737,0.23732,39.75266
7.93055,2.87991,1.53313,-0.26652,38.1823,73.40031,351.4353,0.13091,-0.05004,-0.05966,0.15232,7.31887,2.6716,0.80606,-0.05048,60.61075,52.89573,307.8545,-0.11315,0.0134,-0.00518,0.11406,22.6786,3.03855,0.81733,-0.34412,51.8818,80.45444,311.5409,-0.04848,-0.1629,-0.1633,0.2357,50.10849
7.95277,2.90449,1.53157,-0.26513,38.45023,73.39143,351.2321,0.11646,-0.06495,-0.05413,0.14391,13.09287,2.6913,0.8063,-0.04906,61.27175,53.09861,307.8179,-0.10857,0.01049,-0.03891,0.11581,27.16556,3.06035,0.81492,-0.34441,51.971,80.73165,311.2451,-0.01906,-0.12065,-0.13521,0.18221,26.39924
7.975,2.929,1.52997,-0.2639,38.81377,73.44764,350.97,0.11016,-0.07123,-0.05038,0.14052,19.52188,2.71136,0.80648,-0.04771,61.69011,53.077,307.2684,-0.09716,0.00762,-0.04008,0.10538,29.72045,3.08215,0.81238,-0.345,52.04176,81.51366,311.9799,-0.01687,-0.11942,-0.13525,0.18121,21.21675
7.99722,2.95361,1.52847,-0.26269,39.11497,73.528,350.885,0.11296,-0.06788,-0.0501,0.14099,15.71176,2.73174,0.80661,-0.04599,62.06444,52.86384,306.1748,-0.08256,0.00821,-0.02875,0.08781,39.41765,3.10318,0.80855,-0.34627,52.67067,82.84081,313.1549,-0.04198,-0.16124,-0.15426,0.22706,39.28391
8.01943,2.97817,1.52694,-0.26149,39.37002,73.53748,350.8477,0.11093,-0.06856,-0.04974,0.13957,12.46783,2.75261,0.80715,-0.04371,62.17754,52.62355,305.4222,-0.06505,0.01927,-0.00634,0.06814,27.5756,3.12361,0.80379,-0.34815,53.63132,84.70406,314.7444,-0.064,-0.19568,-0.17927,0.27299,56.76297
8.04165,3.0022,1.52518,-0.26006,39.68976,73.49698,350.8281,0.09124,-0.07698,-0.04134,0.12633,14.7139,2.77339,0.80765,-0.04065,62.20069,51.51962,304.3109,-0.06133,0.02125,0.02125,0.0683,21.36182,3.14382,0.79897,-0.34972,54.40244,86.0535,315.5593,-0.07675,-0.20745,-0.17494,0.28201,50.22652
8.06387,3.02604,1.52361,-0.25847,40.08303,73.37215,350.6645,0.08032,-0.07186,-0.03496,0.11331,17.73121,2.7951,0.80867,-0.03757,62.14228,50.95937,304.0827,-0.02272,0.04273,0.02978,0.05682,14.60938,3.16393,0.79385,-0.35076,55.12498,86.83787,315.6166,-0.08989,-0.23026,-0.15751,0.29311,47.60639
8.0861,3.04997,1.52254,-0.25658,40.36123,73.09621,350.4713,0.0837,-0.05302,-0.02488,0.10216,15.4308,2.81684,0.80956,-0.03488,62.3,50.67693,304.3672,-0.0191,0.04,0.01662,0.04734,21.49376,3.18347,0.78844,-0.35176,55.92327,88.08559,316.2465,-0.11578,-0.2461,-0.14989,0.31054,51.76684
8.10832,3.07426,1.52181,-0.25426,40.35879,72.76999,350.303,0.09684,-0.03575,-0.00876,0.1036,10.98846,2.83948,0.81125,-0.03187,61.6792,50.83698,304.7046,0.02351,0.07351,0.02567,0.08133,28.11943,3.20256,0.78283,-0.35203,56.93935,89.52345,317.5293,-0.13248,-0.25189,-0.12593,0.31122,55.10775
8.13054,3.09888,1.52112,-0.25137,40.19748,72.49801,350.2035,0.11155,-0.033,-0.00237,0.11636,10.92651,2.86182,0.81298,-0.02675,60.75264,49.45607,303.2555,0.01322,0.07549,0.0906,0.11866,48.03328,3.22173,0.77722,-0.35099,57.95797,90.62547,318.4681,-0.12872,-0.24983,-0.09301,0.29603,53.08485
8.15276,3.12355,1.52003,-0.24773,40.18523,72.27776,350.1408,0.11843,-0.04651,0.01124,0.12774,8.87839,2.88347,0.81443,-0.02124,60.19974,47.36646,301.0867,-0.00925,0.06788,0.08989,0.11302,48.21295,3.24104,0.77194,-0.34798,58.67833,90.98615,318.8161,-0.12421,-0.24478,-0.02403,0.27554,40.09139
8.17498,3.14773,1.51858,-0.24331,40.39774,72.02368,350.0612,0.10648,-0.06094,0.01276,0.12335,11.97815,2.90411,0.81533,-0.01678,61.15812,45.72051,301.0106,-0.04487,0.04457,0.03441,0.072,64.10298,3.26027,0.7665,-0.34341,59.53509,91.16119,319.6374,-0.12015,-0.24628,0.01822,0.27463,46.91078
8.19721,3.17142,1.51705,-0.23881,40.7923,71.72134,349.9251,0.09102,-0.06672,0.00656,0.11304,18.91557,2.92472,0.81594,-0.01205,62.14586,43.84076,301.0083,-0.04781,0.03303,0.01783,0.06078,85.82475,3.2795,0.761,-0.33829,60.43719,91.97497,321.4002,-0.11406,-0.24401,0.0226,0.2703,56.88058
8.21942,3.19505,1.51555,-0.23361,41.12382,71.45118,349.784,0.09121,-0.06724,0.00526,0.11344,17.61722,2.94639,0.8176,-0.00666,62.05969,43.0628,300.7752,-0.00764,0.06831,0.0149,0.07034,36.337,3.29959,0.75685,-0.33347,60.53792,94.09206,324.1906,-0.07294,-0.1913,-0.01063,0.20501,60.21503
8.24164,3.2151,1.51395,-0.22798,41.42299,71.16411,349.6225,0.09394,-0.07158,0.00975,0.11851,16.74706,2.96463,0.81979,-0.00074,61.40628,42.46251,299.6167,0.00819,0.09326,0.0217,0.0961,32.26667,3.31599,0.7524,-0.32744,61.05932,94.84759,324.9487,-0.07314,-0.20385,0.02445,0.21795,35.42011
8.26386,3.23206,1.51227,-0.22231,41.75638,70.86224,349.432,0.09449,-0.074,0.01405,0.12084,17.67017,2.97928,0.82219,0.00444,60.91947,42.40528,298.9591,-0.00387,0.10618,-0.00341,0.10631,32.67952,3.32984,0.7479,-0.32062,61.80519,95.13125,325.5666,-0.04811,-0.20009,0.058,0.21381,36.40762
8.28609,3.24576,1.51075,-0.21688,42.06842,70.52733,349.2006,0.09754,-0.06949,0.01957,0.12135,16.9701,2.99062,0.82472,0.01004,60.19098,41.86848,298.8391,-0.00491,0.11497,0.02435,0.11763,34.79596,3.34125,0.74417,-0.31463,62.14103,96.04858,326.6544,-0.01302,-0.17514,0.05157,0.18304,26.94211
8.30831,3.25633,1.50923,-0.21196,42.25415,70.22832,349.0118,0.09942,-0.06824,0.01931,0.12212,14.24825,2.99768,0.82713,0.01742,58.95435,39.26168,297.6492,-0.05114,0.104,0.10083,0.15362,75.13288,3.34997,0.74101,-0.30982,62.19616,98.07082,328.519,0.00974,-0.14852,0.0225,0.15053,36.06277
8.33053,3.26322,1.50764,-0.20803,42.51617,69.77123,348.7447,0.09082,-0.07149,0.02767,0.11884,18.56353,2.99926,0.82982,0.02154,58.05939,38.32804,297.4543,-0.1229,0.11826,0.03127,0.1734,48.00119,3.35598,0.73801,-0.30443,62.57401,98.21272,328.5131,0.0341,-0.14303,0.07849,0.16668,18.95695
8.35275,3.26709,1.50611,-0.20615,42.70829,69.41814,348.5501,0.10338,-0.06864,0.03077,0.12785,15.07264,2.99631,0.83001,0.02109,59.12785,37.69501,297.704,-0.18917,0.0288,-0.05325,0.19863,45.71259,3.35908,0.7351,-0.30018,62.66405,97.59578,328.2674,0.06907,-0.1313,0.13017,0.19737,15.30703
8.37497,3.26984,1.50485,-0.20553,42.68691,69.23085,348.5501,0.11858,-0.05921,0.02829,0.13552,8.82725,2.99163,0.82979,0.01893,59.87474,37.50837,297.7151,-0.20928,-0.00112,-0.08781,0.22696,36.39511,3.36242,0.73324,-0.29734,61.93723,97.18898,327.6259,0.13763,-0.09101,0.13014,0.21014,32.89275
8.39719,3.27256,1.50362,-0.20501,42.64598,68.9932,348.6182,0.11961,-0.05718,0.02369,0.13467,11.66903,2.98632,0.82927,0.01743,60.20964,36.8938,297.0673,-0.22516,-0.01356,-0.06601,0.23502,22.86959,3.36546,0.72988,-0.29413,62.1703,96.7173,326.5478,0.13166,-0.13839,0.13539,0.23413,22.84018
8.41942,3.27519,1.50231,-0.20459,42.74918,68.68064,348.634,0.11867,-0.05879,0.02006,0.13395,13.80226,2.98068,0.82894,0.01664,60.38855,35.49361,295.8032,-0.24163,-0.01107,-0.04324,0.24572,27.67589,3.36766,0.72633,-0.29182,62.41822,97.54465,327.1995,0.10734,-0.15504,0.11211,0.21938,17.06783
8.44164,3.27906,1.5009,-0.20427,42.55833,68.44346,348.649,0.16254,-0.06245,0.01594,0.17485,12.71596,2.97385,0.82946,0.01514,60.54337,34.49313,295.0197,-0.28726,0.01905,-0.06527,0.2952,23.15396,3.37169,0.72211,-0.28767,62.53234,98.50238,328.4695,0.16164,-0.18358,0.17613,0.30142,16.72959
8.46386,3.28374,1.49916,-0.204,42.2019,68.295,348.7046,0.19978,-0.07565,0.01321,0.21403,15.91756,2.96666,0.82997,0.0126,61.42624,33.8198,294.7954,-0.32116,0.02141,-0.10571,0.33879,41.40467,3.37642,0.71762,-0.28254,62.52634,97.79192,328.0802,0.20027,-0.19691,0.21386,0.35301,12.42594
8.48608,3.2885,1.49698,-0.20386,41.93803,68.08504,348.3715,0.21412,-0.09565,0.00649,0.2346,15.96471,2.95876,0.83042,0.00947,62.67418,32.83887,293.9566,-0.35209,0.021,-0.13707,0.37841,55.75623,3.38272,0.71336,-0.27786,61.90052,97.46704,327.4455,0.27347,-0.19774,0.21761,0.40155,26.4872
8.50831,3.29318,1.49473,-0.20396,41.75892,67.835,347.9474,0.20834,-0.09764,-0.00109,0.23009,15.13551,2.95223,0.8318,0.00666,63.17962,32.90992,293.9537,-0.30547,0.05377,-0.12545,0.33457,28.61641,3.3901,0.70762,-0.27283,61.81371,97.04057,326.8011,0.31699,-0.23928,0.21901,0.45355,16.29342
8.53054,3.29832,1.49253,-0.20422,41.42933,67.49612,347.8647,0.22199,-0.09728,-0.00756,0.24248,17.43792,2.946,0.83359,0.00504,63.08148,32.43799,293.5269,-0.28703,0.07553,-0.08468,0.30864,8.73433,3.3973,0.70222,-0.26905,61.44441,98.4542,327.8398,0.31319,-0.23693,0.1814,0.43258,26.13989
8.55276,3.30629,1.48955,-0.20392,39.94102,66.99062,348.1459,0.33724,-0.12928,0.01252,0.36139,64.78967,2.93903,0.83612,0.00335,63.03532,31.95513,293.0808,-0.31345,0.10326,-0.08175,0.34,12.0049,3.40597,0.69466,-0.26429,61.60371,100.4334,328.5332,0.37131,-0.32984,0.21756,0.54222,52.14955
8.57499,3.31292,1.48621,-0.20347,38.64776,66.61018,347.7579,0.30656,-0.14788,0.01717,0.3408,60.01131,2.9307,0.83763,0.00103,63.80404,29.99187,290.8143,-0.35449,0.07424,-0.09832,0.37529,43.41875,3.41606,0.68934,-0.25793,60.56586,99.94444,326.9583,0.42632,-0.25939,0.27056,0.56766,56.37841
8.59721,3.31692,1.48271,-0.2042,38.4122,66.00586,346.3604,0.20422,-0.14998,-0.02269,0.25439,41.7578,2.92241,0.83806,-0.00084,64.60162,27.33961,287.7837,-0.35472,0.03466,-0.08384,0.36614,54.65891,3.4292,0.6835,-0.24633,60.00361,97.69854,325.4843,0.52981,-0.26135,0.4475,0.74112,38.50237
8.61943,3.32045,1.48011,-0.20449,37.91836,65.07219,345.5971,0.18076,-0.12396,-0.01181,0.21949,37.49175,2.91622,0.83914,-0.00235,64.79582,26.56656,287.4291,-0.30045,0.04617,-0.0747,0.31303,27.07529,3.44023,0.6788,-0.23722,59.80917,96.66727,324.563,0.49287,-0.22388,0.40186,0.6742,27.18843
8.64166,3.32503,1.47818,-0.20402,36.59223,64.48547,345.2751,0.19503,-0.09944,0.00809,0.21906,47.77758,2.90979,0.83991,-0.00477,65.69981,25.82761,287.6086,-0.30118,0.03192,-0.1053,0.32065,50.63754,3.45659,0.67984,-0.22844,57.81003,96.15434,321.8543,0.69272,-0.00337,0.38495,0.7925,119.8214
8.66388,3.33046,1.4756,-0.20416,34.64464,65.2528,346.5383,0.21385,-0.11388,-0.00994,0.24249,66.04942,2.90231,0.83967,-0.00771,66.76973,24.16523,284.5856,-0.32415,0.00066,-0.12414,0.34711,69.30707,3.47079,0.67887,-0.2189,57.77324,95.77095,319.1042,0.64621,-0.04,0.41828,0.77081,94.1888
8.68611,3.32985,1.47291,-0.20511,36.08744,65.34323,346.379,0.01641,-0.11673,-0.03081,0.12183,39.56406,2.89756,0.84,-0.00938,66.89993,24.03321,282.8565,-0.22738,0.01158,-0.07865,0.24088,63.916,3.48639,0.68145,-0.20506,58.42964,94.69529,317.8885,0.70905,0.10862,0.60922,0.94111,50.61908
8.70834,3.33001,1.4709,-0.2046,36.50662,64.75567,345.6448,0.0006,-0.09276,0.01314,0.09369,33.43795,2.89506,0.84112,-0.00894,66.08864,24.61161,283.8727,-0.13396,0.04216,0.00241,0.14046,28.90936,3.50509,0.69269,-0.18841,56.31323,89.41325,309.5709,0.82368,0.44534,0.74002,1.19349,212.2067
8.73055,3.32954,1.47083,-0.20303,36.89438,64.31763,345.1205,-0.03309,-0.00818,0.06713,0.07529,30.90878,2.89309,0.84111,-0.0071,65.4446,23.2878,285.3481,-0.07729,0.00087,0.08524,0.11506,122.0324,3.52939,0.72189,-0.16199,48.87332,77.87919,292.2502,1.05666,1.2012,1.13374,1.9608,530.2684
8.75277,3.32749,1.47122,-0.20084,38.30045,63.94149,345.4365,-0.0953,0.01684,0.09674,0.13684,66.42719,2.88956,0.83986,-0.00697,65.67431,20.71365,284.53,-0.12978,-0.05371,0.02817,0.14325,97.356,3.55582,0.77003,-0.12971,33.92356,66.18925,277.6194,1.21879,2.22454,1.47555,2.9345,852.0577
8.775,3.32251,1.47323,-0.19848,40.62078,63.68705,345.9814,-0.20082,0.08486,0.10491,0.24194,97.37934,2.88842,0.83886,-0.00721,65.86311,19.39196,285.2191,-0.05984,-0.04748,-0.00251,0.07643,91.26998,3.57292,0.86098,-0.10687,9.30932,60.11391,271.4193,0.83299,3.30902,1.01492,3.55999,966.3605
8.79723,3.32045,1.47467,-0.19686,41.42703,63.80927,346.1199,-0.11029,0.06081,0.07824,0.14827,50.1345,2.88643,0.83799,-0.00762,65.86111,18.62266,285.5308,-0.0898,-0.03807,-0.01456,0.09861,58.06398,3.57483,0.92688,-0.09946,352.9117,58.01171,269.664,0.31024,2.90638,0.52447,2.96957,773.1713
8.81945,3.31731,1.48006,-0.19421,41.09033,65.14731,346.6263,-0.12798,0.19513,0.10752,0.25694,35.36629,2.88846,0.83643,-0.00864,65.63028,20.57348,287.0915,0.04572,-0.06349,-0.03876,0.08732,23.24647,3.54827,0.98279,-0.11729,341.8777,56.79982,273.3782,-0.86286,2.43713,-0.47022,2.62778,539.0971
8.84167,3.31339,1.48424,-0.19271,41.13291,66.20534,347.6072,-0.1671,0.18316,0.07526,0.25911,35.22832,2.89014,0.83449,-0.00923,65.6168,21.2858,287.6882,0.06332,-0.07896,-0.02591,0.10448,14.64816,3.53019,1.00057,-0.13499,337.6778,58.39381,278.1358,-0.78689,1.14525,-0.70023,1.55599,319.5054
8.86389,3.30742,1.48802,-0.19172,41.89906,66.99037,348.7283,-0.21727,0.15981,0.05492,0.27524,40.76243,2.89195,0.83271,-0.00862,65.18886,21.26206,288.5192,0.06428,-0.07664,0.01144,0.10068,33.86229,3.52484,0.98845,-0.14657,342.1481,58.81528,273.0238,-0.37408,0.2067,-0.5083,0.6641,92.18703
8.88611,3.29996,1.4944,-0.18931,41.67821,67.44401,349.2974,-0.29068,0.26162,0.1047,0.40485,22.68199,2.89629,0.83026,-0.00819,65.3416,21.93288,293.0035,0.16519,-0.10542,0.00277,0.19598,144.9505,3.5258,0.93682,-0.15588,359.9041,62.21856,273.3814,-0.10509,-1.60035,-0.38763,1.64997,576.9508
8.90834,3.29694,1.50028,-0.18601,39.70676,67.65595,349.4144,-0.16866,0.26866,0.14045,0.34692,76.66269,2.89983,0.82714,-0.01037,66.37051,22.85418,295.9579,0.16612,-0.1388,-0.08252,0.23167,113.4925,3.51847,0.92905,-0.15643,3.40884,62.40413,280.8868,-0.29351,-0.62696,-0.08523,0.69749,364.0999
8.93055,3.29382,1.50468,-0.18373,38.29664,67.88617,349.9597,-0.15132,0.21078,0.10938,0.28158,63.26547,2.90372,0.82314,-0.01409,67.56198,25.57385,297.7135,0.16852,-0.16901,-0.13928,0.27634,61.56968,3.50613,0.93318,-0.15079,0.6979,56.62914,282.3171,-0.47852,0.00831,0.13848,0.49823,213.4061
8.95278,3.29003,1.50766,-0.18204,37.81275,67.76536,350.3331,-0.1643,0.14917,0.08285,0.23688,34.89185,2.90798,0.8195,-0.01629,67.62089,28.38129,298.068,0.18965,-0.16343,-0.10486,0.27142,93.26196,3.50195,0.93414,-0.15243,1.39666,55.46022,282.5259,-0.243,0.01502,-0.02369,0.24462,90.79224
8.975,3.28704,1.50974,-0.18069,37.56746,67.70337,350.637,-0.13818,0.10206,0.06396,0.18331,22.98029,2.91312,0.817,-0.01656,66.76154,30.81482,298.6591,0.2275,-0.12447,-0.02601,0.26062,92.51369,3.50187,0.93616,-0.15872,1.97414,56.8158,283.3459,-0.03938,0.07535,-0.25117,0.26517,58.84539
8.99722,3.2843,1.51151,-0.17965,37.27611,67.72714,351.2569,-0.12844,0.08661,0.05073,0.163,28.62207,2.91742,0.81426,-0.01589,66.48778,31.3567,299.5255,0.19317,-0.12364,0.00569,0.22942,26.03471,3.50282,0.93749,-0.16582,2.37415,58.01664,282.0876,-0.00813,0.07922,-0.28048,0.29156,51.03111
9.01944,3.28129,1.51371,-0.17893,36.85947,67.68361,351.8667,-0.13551,0.10158,0.04261,0.17463,31.04366,2.92166,0.81157,-0.01524,66.66371,31.7467,301.2847,0.1871,-0.12156,0.01519,0.22364,40.21194,3.5035,0.93795,-0.17069,3.40655,58.67632,281.8681,-0.00485,0.05292,-0.21852,0.22489,41.97491
9.04167,3.27821,1.51682,-0.17819,35.98307,67.38577,351.8477,-0.13918,0.13305,0.03427,0.19557,38.59784,2.9277,0.80972,-0.01521,66.92094,32.75174,303.3041,0.25696,-0.09173,0.00204,0.27285,45.34763,3.50159,0.93786,-0.16824,5.0812,57.30262,285.377,-0.07339,0.00148,0.04948,0.08852,169.1782
9.06389,3.27496,1.52022,-0.17777,35.13137,67.456,352.0608,-0.14415,0.15141,0.0174,0.20978,39.78758,2.93355,0.80792,-0.01554,66.76188,34.85172,304.7697,0.26243,-0.08246,-0.0095,0.27524,35.7163,3.49771,0.93422,-0.16412,8.16061,55.49218,288.3262,-0.1504,-0.11597,0.1392,0.23547,192.8772
9.08611,3.27272,1.52251,-0.17737,34.6118,67.58823,352.3713,-0.10068,0.10296,0.01831,0.14517,25.72644,2.93847,0.80583,-0.0157,66.54929,36.54063,306.0475,0.22654,-0.09432,-0.00864,0.24554,31.60057,3.494,0.93227,-0.16306,10.56359,54.48713,290.7363,-0.15493,-0.072,0.05141,0.17841,157.6565
9.10833,3.26773,1.52603,-0.17721,34.13699,67.84369,353.0045,-0.18262,0.13043,0.01305,0.22479,25.10777,2.9467,0.80648,-0.01596,65.83399,40.08934,307.7807,0.32252,-0.00838,-0.00664,0.32269,70.96432,3.4908,0.92432,-0.1709,13.84004,57.79154,291.3369,-0.1432,-0.25215,-0.23914,0.37586,146.5399
9.13056,3.26355,1.52767,-0.17663,34.33234,67.70666,353.0582,-0.18904,0.08275,0.0226,0.2076,9.47652,2.9533,0.8068,-0.01423,64.94442,41.62973,309.1269,0.30306,0.01429,0.06848,0.31103,51.91141,3.48506,0.92528,-0.17569,13.32458,57.29629,289.2117,-0.2543,-0.01043,-0.189,0.31701,74.92968
9.15278,3.25942,1.52865,-0.17615,34.84357,67.44395,353.0325,-0.18517,0.05157,0.02077,0.19334,21.52634,2.95871,0.80757,-0.01009,63.74961,40.65807,308.6505,0.2542,0.0311,0.16282,0.30347,51.68392,3.47568,0.93137,-0.17454,11.41354,54.61767,292.3745,-0.38443,0.19632,0.00399,0.43168,166.8735
9.175,3.25603,1.53023,-0.17532,34.87678,67.15726,352.9919,-0.15809,0.06475,0.03478,0.17434,13.06077,2.96445,0.80901,-0.00647,62.5595,40.40632,309.6187,0.25814,0.05923,0.16387,0.31144,71.221,3.4687,0.93123,-0.17435,12.47754,53.05519,294.3645,-0.32649,0.03521,-0.00038,0.32839,124.3241
9.19722,3.25315,1.53201,-0.17425,34.64974,67.02885,352.9855,-0.13271,0.07469,0.04417,0.15856,9.39224,2.9695,0.81087,-0.00229,61.36103,39.83283,311.5787,0.22932,0.08292,0.19073,0.30959,118.5556,3.46277,0.92957,-0.17644,13.70582,52.50098,293.6058,-0.28169,-0.05174,-0.07731,0.29665,58.38672
9.21945,3.2502,1.53363,-0.17366,34.52147,67.06461,353.286,-0.13291,0.07279,0.03047,0.15457,11.84632,2.97378,0.81212,0.00114,60.37187,39.43627,313.6865,0.20046,0.06117,0.16054,0.26401,117.7083,3.45658,0.92854,-0.17816,14.76027,51.85343,293.3829,-0.28218,-0.04956,-0.07493,0.29614,57.44327
9.24167,3.24747,1.53467,-0.17341,34.54872,67.20306,353.6968,-0.12589,0.05232,0.01576,0.13724,14.06481,2.97699,0.81292,0.00317,59.86646,38.92264,315.6142,0.1553,0.03741,0.10451,0.19089,107.7164,3.44641,0.92855,-0.17527,15.23659,48.13256,293.5307,-0.43113,0.00034,0.099,0.44235,150.6159
9.26389,3.24511,1.53551,-0.1731,34.6921,67.32249,353.9178,-0.10637,0.03872,0.01452,0.11412,10.65566,2.9783,0.81184,0.00287,59.95862,38.86514,316.3773,0.06636,-0.03838,-0.00111,0.07667,44.20271,3.43352,0.93174,-0.16936,14.70465,43.69375,298.2062,-0.55075,0.1143,0.23114,0.60812,289.5296
9.28612,3.24303,1.53658,-0.17241,34.55425,67.48287,354.043,-0.0954,0.04597,0.02756,0.10942,7.3882,2.97963,0.81058,0.00114,59.84411,40.07359,316.8875,0.07427,-0.04444,-0.03947,0.09513,17.38729,3.42569,0.93233,-0.16931,14.51899,41.9851,297.5419,-0.40097,0.04196,0.05956,0.40753,112.9247
9.30835,3.24122,1.53756,-0.17164,34.37575,67.47215,354.1967,-0.08509,0.04331,0.0328,0.10095,9.96263,2.97944,0.80852,-0.00279,60.10564,41.29698,316.132,0.00142,-0.08674,-0.15605,0.17854,72.82076,3.42147,0.93031,-0.17023,15.54364,40.74995,294.4273,-0.23167,-0.05728,-0.01654,0.23922,93.86231
9.33056,3.23908,1.53807,-0.17108,34.56649,67.25895,354.4464,-0.09422,0.027,0.02654,0.10155,16.28915,2.97993,0.80679,-0.00506,60.34926,42.19179,316.6066,0.00708,-0.08521,-0.12809,0.15401,39.74407,3.41464,0.93022,-0.16951,16.36356,39.2278,295.8572,-0.28668,-0.01303,0.0229,0.28789,90.25078
9.35279,3.23688,1.53876,-0.17066,34.69717,67.10979,354.6198,-0.09682,0.02916,0.02045,0.10316,14.83096,2.97979,0.80506,-0.00733,60.69729,42.70583,317.0253,-0.01181,-0.08155,-0.11469,0.14122,23.26139,3.40727,0.93163,-0.16809,16.43252,37.39975,297.0499,-0.32097,0.05303,0.05896,0.33063,105.128
9.37502,3.23534,1.53901,-0.1705,34.8987,66.91758,354.6725,-0.07409,0.01568,0.01016,0.07641,13.10296,2.97969,0.80371,-0.00918,60.79338,43.06274,317.121,-0.00173,-0.06508,-0.08752,0.10908,14.7727,3.40144,0.93469,-0.16757,15.45218,36.03456,296.5201,-0.27492,0.10887,0.02734,0.29695,69.54992
9.39724,3.23396,1.53971,-0.17014,34.74191,66.90135,354.8043,-0.06736,0.02855,0.01495,0.07468,7.90465,2.97903,0.80228,-0.01065,60.84753,42.91696,316.5689,-0.01772,-0.0653,-0.07035,0.0976,16.10909,3.39796,0.9365,-0.16785,15.11411,35.24433,295.632,-0.19333,0.08204,-0.00211,0.21003,43.44624
9.41945,3.23318,1.54043,-0.17002,34.35787,67.06438,355.0756,-0.04391,0.03055,0.00585,0.05381,16.09661,2.97795,0.8004,-0.01225,61.2043,42.32469,315.5749,-0.03784,-0.07825,-0.07292,0.11345,24.04762,3.39937,0.93666,-0.17024,15.88812,36.97874,297.6077,0.01,0.0207,-0.08801,0.09096,71.62059
9.44169,3.23183,1.54079,-0.17008,34.33625,67.09249,355.2505,-0.05672,0.01721,-0.00179,0.0593,7.49354,2.97783,0.79919,-0.01403,61.31649,42.64637,315.8461,-0.0136,-0.05931,-0.07964,0.10023,8.76359,3.40067,0.93583,-0.17269,16.57769,38.08297,297.1362,0.06067,-0.0261,-0.10993,0.12825,63.44413
9.46392,3.23064,1.5413,-0.16988,34.28691,67.08584,355.376,-0.0487,0.01908,0.00541,0.05259,4.06478,2.97783,0.79774,-0.01554,61.42517,42.8133,315.8309,-0.00347,-0.06365,-0.07086,0.09531,9.07215,3.39797,0.93628,-0.17364,16.90864,37.93707,297.362,-0.07612,0.00863,-0.05978,0.09717,19.90352
9.48615,3.22844,1.54074,-0.17029,34.75373,66.9127,355.0854,-0.08125,-0.00865,-0.01137,0.0825,14.59019,2.97709,0.79648,-0.01711,61.75477,42.2301,315.2246,-0.02096,-0.05536,-0.0699,0.0916,15.79849,3.4003,0.93492,-0.17412,17.03735,38.40913,296.7651,0.02264,-0.03318,-0.01597,0.04323,14.73697
9.50839,3.22677,1.54099,-0.17038,34.87413,66.8751,355.0949,-0.07681,0.00809,-0.00419,0.07735,7.01556,2.97698,0.79526,-0.01864,61.85116,42.31053,315.0591,-0.00949,-0.0571,-0.06892,0.09,11.74927,3.39895,0.93496,-0.17446,17.35663,38.31182,297.2176,-0.04173,-0.00673,-0.01939,0.0465,18.34132
9.53061,3.22565,1.54113,-0.1709,34.85803,66.87565,355.1016,-0.05979,0.00911,-0.01434,0.06215,2.14366,2.97783,0.79519,-0.02069,61.74519,43.68365,315.5871,0.01955,-0.02561,-0.08265,0.08871,29.02424,3.40099,0.93669,-0.17468,17.39807,38.95401,298.0156,0.0396,0.04841,-0.01866,0.06526,26.61689
9.55283,3.22455,1.54156,-0.17106,34.69109,66.76691,355.2123,-0.05489,0.01667,-0.00801,0.05792,7.45735,2.97823,0.79494,-0.02167,61.5993,43.77181,314.9069,0.01938,-0.01362,-0.05413,0.05908,30.88044,3.40467,0.94007,-0.17625,17.01754,40.17783,297.0798,0.11656,0.11936,-0.04951,0.17402,52.68943
9.57506,3.22339,1.54196,-0.17119,34.44681,66.64504,355.2935,-0.05559,0.01792,-0.00603,0.05871,9.90505,2.97871,0.79491,-0.02241,61.50565,43.86805,314.717,0.02091,-0.00581,-0.03743,0.04327,16.93405,3.40649,0.94459,-0.17643,16.2268,40.49818,296.4713,0.08684,0.1837,-0.01599,0.20382,46.5054
9.59729,3.22203,1.54237,-0.17146,34.40876,66.5576,355.326,-0.06082,0.01753,-0.01079,0.06421,4.16556,2.97935,0.79487,-0.02278,61.34969,44.04119,315.1152,0.02846,-0.00061,-0.01868,0.03405,10.28735,3.40767,0.94956,-0.17574,15.28551,40.429,296.3195,0.06155,0.22027,0.02337,0.2299,42.07945
9.6195,3.22059,1.5427,-0.17188,34.43785,66.52249,355.3706,-0.06379,0.01583,-0.01657,0.06778,1.74602,2.98007,0.79493,-0.02259,61.19897,43.94469,315.5063,0.03119,0.00247,0.00271,0.0314,19.40893,3.408,0.95418,-0.17374,14.64002,39.87801,296.7391,0.02335,0.20397,0.07358,0.21809,38.57455
9.64172,3.21905,1.54299,-0.17255,34.56531,66.61414,355.4903,-0.06889,0.01324,-0.0265,0.07498,5.76051,2.98084,0.79494,-0.02242,61.01766,43.89375,315.9553,0.03367,0.00094,0.00582,0.03418,21.96478,3.40835,0.95821,-0.17202,14.1755,39.67479,297.9431,0.01931,0.18513,0.07419,0.20037,52.12995
9.66396,3.21744,1.5433,-0.17298,34.58272,66.6497,355.5752,-0.07323,0.01376,-0.02178,0.07763,3.85472,2.98141,0.79482,-0.02234,60.91484,43.81039,316.1298,0.02699,-0.00337,0.00364,0.02745,12.77752,3.40896,0.96106,-0.1704,13.993,39.16213,298.1506,0.0272,0.1413,0.07037,0.16018,30.97025
9.68618,3.21604,1.5438,-0.17328,34.49059,66.61722,355.6251,-0.06551,0.02032,-0.01496,0.0702,4.30275,2.98195,0.79481,-0.02208,60.66372,43.68245,316.1509,0.02539,-0.00196,0.00835,0.0268,12.57478,3.41053,0.96341,-0.16971,13.8943,39.50696,298.529,0.05594,0.11948,0.04074,0.13807,16.09497
9.7084,3.21478,1.54432,-0.17352,34.31826,66.53281,355.6757,-0.05952,0.02207,-0.01206,0.06461,8.06094,2.98268,0.79497,-0.02169,60.35396,43.69884,316.5323,0.03172,0.00521,0.01305,0.03469,19.01246,3.41161,0.96543,-0.16873,13.61365,39.45308,298.2679,0.05074,0.09864,0.04164,0.11848,11.43234
9.7306,3.21343,1.54472,-0.1738,34.25989,66.4409,355.7011,-0.06034,0.01855,-0.01231,0.06431,5.86712,2.98356,0.79525,-0.02146,59.98763,43.86614,317.0654,0.03602,0.00978,0.01174,0.03913,22.37224,3.41309,0.96651,-0.16834,13.70334,39.79411,299.0194,0.0616,0.05649,0.02418,0.087,23.35785
9.75283,3.21203,1.54492,-0.17395,34.21186,66.39433,355.7631,-0.06191,0.01131,-0.00831,0.06348,4.68243,2.98411,0.7956,-0.02134,59.74272,44.0554,317.6996,0.0268,0.01571,0.00558,0.03156,24.96132,3.41432,0.96695,-0.16832,13.77511,40.08991,299.3317,0.05425,0.02754,0.00609,0.06114,17.13299
9.77506,3.21087,1.54515,-0.17423,34.14187,66.36668,355.8079,-0.05417,0.01131,-0.01203,0.05663,4.21824,2.98458,0.7959,-0.02148,59.55236,44.36528,318.3296,0.02209,0.01383,-0.00295,0.02623,20.8265,3.41506,0.9674,-0.16802,13.82028,40.12761,299.4618,0.03855,0.02252,0.0114,0.04607,8.78886
9.79728,3.21021,1.54522,-0.17465,34.14579,66.42645,355.9146,-0.03486,0.00379,-0.01778,0.03932,1.90494,2.98398,0.79584,-0.02168,59.53524,43.98601,317.9294,-0.01629,0.00156,-0.00673,0.01769,7.37494,3.4143,0.96611,-0.16748,14.0722,39.64412,299.3729,-0.02356,-0.03818,0.02584,0.05178,20.82791
9.8195,3.20943,1.54524,-0.1751,34.21935,66.48321,356.0052,-0.03436,0.00067,-0.01994,0.03973,3.41057,2.98349,0.79598,-0.02157,59.37208,43.7152,317.6136,-0.02305,0.00672,0.00344,0.02425,9.24444,3.41324,0.96694,-0.16681,13.76113,39.33644,299.8334,-0.04489,0.0203,0.02987,0.05762,26.23981
9.84171,3.20858,1.54511,-0.1756,34.34793,66.53168,356.0617,-0.03895,-0.00319,-0.02104,0.04438,4.97777,2.98287,0.7962,-0.02173,59.34114,43.86192,317.9396,-0.02468,0.00782,-0.00545,0.02645,7.06283,3.41155,0.96731,-0.16607,13.73888,38.73618,299.887,-0.06147,0.01811,0.03083,0.07112,24.68646
9.86394,3.2077,1.54489,-0.17599,34.57725,66.47886,355.9382,-0.0389,-0.00877,-0.01792,0.04372,10.3003,2.98153,0.79547,-0.02256,59.65579,43.6463,317.7098,-0.05375,-0.02542,-0.03129,0.06719,11.49948,3.4095,0.967,-0.16591,13.99032,38.34481,300.228,-0.08652,-0.01123,0.01041,0.08786,27.36261
9.88617,3.20699,1.54486,-0.17638,34.7207,66.42487,355.8895,-0.03254,-0.00355,-0.0175,0.03712,8.09742,2.98037,0.79522,-0.02346,59.78769,43.6951,317.5762,-0.05283,-0.01222,-0.03856,0.06654,8.7342,3.40846,0.96733,-0.16664,13.97081,38.65133,300.496,-0.05826,0.00971,-0.02292,0.06335,8.46158
9.90839,3.20645,1.54481,-0.17669,34.78456,66.36966,355.8776,-0.02796,-0.00221,-0.01508,0.03184,3.08145,2.97938,0.7952,-0.02411,59.82042,43.80304,317.7966,-0.04628,-0.00418,-0.0307,0.0557,4.00087,3.40723,0.9679,-0.16715,13.89409,38.38064,299.4632,-0.0565,0.02416,-0.02172,0.06517,31.42939
9.93061,3.20602,1.54474,-0.17691,34.77354,66.32317,355.9191,-0.02364,-0.00263,-0.01211,0.02669,1.41911,2.97802,0.79491,-0.02459,59.87739,43.46289,317.5707,-0.05357,-0.01144,-0.02436,0.05995,5.39007,3.40605,0.96965,-0.16793,13.3074,38.28656,298.7794,-0.05273,0.05773,-0.02777,0.08297,32.02772
9.95282,3.20537,1.54428,-0.17715,34.83384,66.36633,356.079,-0.02942,-0.01717,-0.01174,0.03603,5.49832,2.97686,0.79464,-0.02538,59.9123,43.49001,317.6595,-0.05207,-0.01251,-0.03388,0.06337,3.34167,3.40449,0.971,-0.16833,12.94426,37.97462,298.6283,-0.06443,0.05784,-0.01917,0.08868,20.42662
9.97504,3.20459,1.54397,-0.17758,34.98303,66.40242,356.1266,-0.03217,-0.01552,-0.01563,0.03899,5.71455,2.9757,0.79412,-0.0263,60.07679,43.49286,317.5231,-0.05201,-0.01791,-0.03771,0.06669,5.35141,3.40309,0.97149,-0.16852,12.91304,37.81698,298.8584,-0.06383,0.03993,-0.014,0.07658,12.58016
9.99726,3.20395,1.54407,-0.17809,35.04416,66.43336,356.1522,-0.02979,-0.00074,-0.02055,0.0362,3.03315,2.97471,0.79373,-0.02726,60.11411,43.76759,317.5229,-0.04604,-0.01735,-0.04028,0.06358,8.74331,3.40177,0.97119,-0.16874,13.0905,37.69016,299.1932,-0.05943,0.00439,-0.01218,0.06082,11.8785
10.01949,3.20365,1.54487,-0.17845,34.75091,66.46432,356.1796,-0.01697,0.02729,-0.01711,0.0364,10.15186,2.97367,0.79362,-0.02785,60.13736,43.98981,318.0698,-0.04666,-0.00614,-0.02997,0.05579,13.72443,3.40105,0.9714,-0.16942,12.92798,37.74861,298.5197,-0.03987,0.00785,-0.02385,0.04712,23.53879
10.04171,3.20326,1.54544,-0.17873,34.48095,66.50077,356.2133,-0.01709,0.02564,-0.0134,0.0336,11.72826,2.97229,0.79309,-0.02827,60.36971,43.57279,317.9833,-0.05994,-0.02196,-0.02011,0.06693,15.74196,3.40021,0.97189,-0.16971,12.78585,37.67665,298.0612,-0.03798,0.01902,-0.01446,0.04487,19.54592
10.06393,3.20269,1.54569,-0.179,34.25349,66.49565,356.23,-0.0245,0.01404,-0.01203,0.03069,9.5513,2.97102,0.79248,-0.02885,60.52388,43.35418,317.6112,-0.05637,-0.02539,-0.02547,0.06686,9.51469,3.39928,0.97208,-0.16952,12.87466,37.58416,298.5119,-0.04128,0.0092,0.00555,0.04266,15.25374
10.08616,3.20201,1.54576,-0.17935,34.39745,66.39542,356.2013,-0.02998,0.00441,-0.01529,0.03394,4.31097,2.97039,0.79215,-0.02966,60.56153,43.77621,317.7686,-0.03425,-0.01669,-0.035,0.05174,9.99277,3.39836,0.97197,-0.16907,13.06012,37.46074,299.124,-0.03929,-0.0005,0.01542,0.04221,25.62734
10.10837,3.20127,1.54548,-0.17965,34.61153,66.2681,356.181,-0.03268,-0.00934,-0.01333,0.03651,9.46931,2.97024,0.79231,-0.03054,60.51885,44.75148,318.8549,-0.01411,0.0009,-0.03681,0.03944,18.46951,3.39778,0.97186,-0.16886,13.09735,37.33077,298.8794,-0.02759,-0.00405,0.01157,0.03019,6.27513
10.13059,3.20059,1.54505,-0.1799,34.94591,66.17877,356.1409,-0.03086,-0.0148,-0.01196,0.03625,12.36387,2.96966,0.79205,-0.03057,60.55991,44.64579,318.7145,-0.02448,-0.00941,-0.01205,0.02886,3.87644,3.3978,0.97168,-0.16882,13.12156,37.4373,298.5967,-0.01049,-0.0067,0.00634,0.01397,10.54747
10.15282,3.19981,1.54446,-0.18,35.17202,66.08325,356.1974,-0.03302,-0.0213,-0.00608,0.03976,10.7818,2.96898,0.79178,-0.03019,60.50376,44.08661,317.8357,-0.02864,-0.0107,0.00924,0.03194,15.10357,3.39744,0.97194,-0.16838,13.19693,37.34343,298.761,-0.015,0.00951,0.01592,0.02385,6.80744
10.17503,3.19956,1.54484,-0.17976,34.84208,66.00822,356.1659,-0.01439,0.01199,0.00667,0.01989,11.51196,2.9686,0.79213,-0.02862,60.13289,42.8312,316.6124,-0.018,0.00996,0.05265,0.05653,25.18305,3.39726,0.97343,-0.16761,13.06053,37.28956,299.2054,-0.01009,0.05337,0.02858,0.06137,13.15252
10.19725,3.19936,1.54566,-0.17965,34.39721,65.92937,356.2196,-0.01055,0.03354,0.00618,0.0357,19.89141,2.96854,0.79247,-0.02749,59.99512,42.31159,317.0075,-0.00404,0.01612,0.05489,0.05735,36.91052,3.39715,0.97432,-0.16706,12.9107,37.20785,299.1621,-0.00372,0.04577,0.027,0.05328,7.82134
10.21947,3.19867,1.54648,-0.1796,34.12988,65.77648,356.2561,-0.02763,0.03655,0.00353,0.04596,15.52711,2.9687,0.79309,-0.0268,59.9184,42.16386,317.7017,0.00538,0.02797,0.03562,0.04561,37.39735,3.39698,0.97509,-0.16628,12.77929,37.03232,298.9529,-0.00916,0.03669,0.03536,0.05177,12.54454
10.24169,3.19715,1.5472,-0.1793,34.05583,65.47896,356.2365,-0.06005,0.03218,0.01177,0.06914,12.53943,2.96884,0.79371,-0.02678,59.89804,42.15124,317.8477,0.00636,0.02689,0.00834,0.02887,13.04582,3.39663,0.97621,-0.16524,12.5601,36.81815,298.9953,-0.01235,0.04665,0.04124,0.06348,12.26475
10.2639,3.19541,1.54769,-0.1788,34.1071,65.04237,356.2506,-0.07583,0.02402,0.02172,0.08246,18.61416,2.96898,0.79381,-0.02694,59.8306,42.33401,318.0172,0.00475,0.00966,-0.00183,0.01092,5.70869,3.39652,0.97673,-0.16435,12.54789,36.63058,298.8607,-0.00583,0.02896,0.03959,0.0494,8.22554
10.28613,3.19356,1.5481,-0.17829,34.18581,64.44812,356.2053,-0.08259,0.02005,0.02373,0.08824,24.1048,2.969,0.79377,-0.027,59.76433,42.28845,318.009,0.00139,0.00133,-0.00123,0.00228,4.44604,3.39656,0.97712,-0.16322,12.6768,36.52961,298.6913,-0.00291,0.0209,0.05013,0.05439,10.34544
10.30836,3.19035,1.54857,-0.17715,34.55758,63.38418,356.1218,-0.12355,0.02258,0.04233,0.13254,40.63845,2.96907,0.79372,-0.02669,59.64308,41.99481,318.1089,0.00278,-0.00095,0.01043,0.01083,15.33644,3.39589,0.97793,-0.16121,12.74727,36.0567,298.5496,-0.02456,0.03326,0.08146,0.09135,18.05194
10.33058,3.18734,1.54987,-0.17559,34.51366,62.28065,355.9881,-0.13823,0.05572,0.06988,0.16461,47.50289,2.96916,0.79356,-0.02578,59.42629,41.30184,318.1317,0.00292,-0.00716,0.0371,0.03789,30.94865,3.39438,0.97901,-0.15783,12.97638,35.1538,298.6909,-0.06524,0.04804,0.14918,0.16976,41.8325
10.3528,3.18454,1.55175,-0.17345,33.93648,61.21455,356.0184,-0.1285,0.07705,0.08901,0.17428,52.25227,2.96878,0.79333,-0.02467,59.24118,40.13037,317.3997,-0.01311,-0.00839,0.04773,0.05021,29.70702,3.39128,0.98073,-0.15269,13.3302,33.58319,299.0984,-0.13042,0.07472,0.22094,0.26722,73.76813
10.37503,3.18118,1.55432,-0.17075,33.06611,59.7553,356.2873,-0.14842,0.10894,0.11486,0.21699,77.69171,2.96835,0.79348,-0.02353,58.97875,38.98632,316.8055,-0.01611,0.00692,0.05166,0.05455,33.47824,3.38598,0.9828,-0.14572,13.83143,31.20671,300.1857,-0.2229,0.08859,0.30065,0.3846,121.3113
10.39725,3.17784,1.55649,-0.16845,32.48636,58.24195,356.6599,-0.14495,0.09584,0.10128,0.20113,76.75489,2.96857,0.79422,-0.02212,58.48359,38.20449,317.4498,0.00567,0.0304,0.06388,0.07097,61.20204,3.37835,0.98433,-0.13726,14.6784,27.98446,301.8246,-0.32132,0.07273,0.36568,0.49219,170.374
10.41946,3.17269,1.55946,-0.16381,31.5263,55.4175,356.7325,-0.20547,0.11967,0.17799,0.29701,114.2601,2.96886,0.79538,-0.02067,57.87173,37.44106,318.6463,0.00953,0.04786,0.06572,0.08186,81.71851,3.36794,0.98718,-0.12761,15.18782,24.67677,305.7174,-0.43324,0.12928,0.4145,0.61337,235.6574
10.44167,3.16837,1.56168,-0.16004,30.76655,53.28769,356.5161,-0.19742,0.10328,0.17128,0.28103,101.3443,2.96855,0.79592,-0.0201,57.61423,36.76851,319.2922,-0.01044,0.02741,0.0327,0.04392,62.50333,3.35944,0.99108,-0.12012,14.71525,21.9301,307.071,-0.3928,0.16389,0.35408,0.55365,164.3955
10.46389,3.16412,1.56345,-0.15675,30.29203,51.12471,356.6315,-0.19355,0.08477,0.15357,0.26121,102.8104,2.96809,0.7959,-0.01988,57.39128,35.87477,319.369,-0.01886,0.00603,0.01558,0.0252,48.59183,3.35252,0.99348,-0.11373,14.77426,19.30413,306.5583,-0.329,0.11868,0.30194,0.46205,121.6085
10.48611,3.15931,1.56489,-0.15318,30.05873,48.22756,357.1693,-0.20753,0.07122,0.15788,0.27031,130.327,2.96737,0.79624,-0.01957,56.84319,34.63967,319.5892,-0.02838,0.01523,0.01567,0.03582,65.8913,3.34546,0.99421,-0.10719,15.59676,16.81507,306.221,-0.3292,0.04677,0.30026,0.44801,120.8361
10.50833,3.15461,1.56637,-0.14917,29.70434,45.10481,357.2453,-0.21031,0.06723,0.17549,0.28204,139.6974,2.96599,0.79663,-0.01968,56.73064,33.21875,320.4837,-0.05777,0.01808,-0.00408,0.06067,94.64652,3.33539,0.99254,-0.09966,17.75062,13.39292,308.5992,-0.43969,-0.06081,0.33508,0.55615,216.4524
10.53055,3.14976,1.56739,-0.14518,29.52663,41.83662,357.0875,-0.21762,0.0494,0.17777,0.2853,143.7135,2.96421,0.79705,-0.02045,56.83201,31.84702,322.0514,-0.07886,0.01837,-0.03035,0.08648,123.8223,3.32346,0.98939,-0.09248,20.61407,10.10625,313.8708,-0.51578,-0.12484,0.32527,0.62243,315.85
10.55277,3.14461,1.56784,-0.14142,29.57569,38.37343,357.2813,-0.22538,0.03187,0.16929,0.28368,152.711,2.96198,0.79731,-0.02178,57.17184,30.45237,323.8226,-0.08939,0.01404,-0.04545,0.10126,125.7584,3.31117,0.98564,-0.08623,23.6563,7.24861,320.4496,-0.52565,-0.14175,0.28661,0.61526,348.2452
10.57499,3.13873,1.56799,-0.13699,29.60953,33.69491,357.7617,-0.25171,0.01857,0.19269,0.31754,200.6904,2.95915,0.79796,-0.02389,57.22869,28.74169,324.7718,-0.11432,0.0265,-0.08158,0.14292,116.2125,3.30107,0.98556,-0.08135,24.13562,6.23006,328.4688,-0.46341,-0.03467,0.23449,0.52052,341.1678
10.59721,3.13333,1.56879,-0.13248,29.12351,29.3708,357.757,-0.24807,0.03,0.20427,0.32275,201.6757,2.95648,0.79866,-0.02666,57.20745,27.17818,325.6417,-0.11789,0.02623,-0.11494,0.16673,110.4182,3.29262,0.98493,-0.07707,25.07797,3.77668,330.4669,-0.40289,-0.0353,0.20276,0.45241,211.7194
10.61942,3.12795,1.56944,-0.12854,28.80687,24.99905,357.4484,-0.2443,0.02801,0.18053,0.30506,195.2406,2.95316,0.79832,-0.03067,58.09277,25.42658,327.4644,-0.14463,-0.0062,-0.17245,0.22516,151.242,3.28637,0.98456,-0.07335,25.6909,1.79466,331.0485,-0.2971,-0.01728,0.17406,0.34476,120.9401
10.64165,3.12245,1.56936,-0.126,29.01517,20.65653,357.1158,-0.24818,-0.00088,0.12438,0.27761,191.8862,2.9492,0.79782,-0.03523,58.8202,22.99898,327.891,-0.17798,-0.01863,-0.20046,0.26871,131.2132,3.28075,0.98272,-0.07026,26.81774,359.7929,331.0243,-0.25606,-0.07323,0.14238,0.30199,102.6573
10.66387,3.11708,1.56876,-0.12413,29.27604,16.38095,356.8394,-0.24175,-0.01938,0.09443,0.26026,187.8158,2.94489,0.79624,-0.04195,60.43722,21.40907,328.9068,-0.1872,-0.05437,-0.27461,0.33676,127.4816,3.27497,0.98005,-0.06764,28.06197,358.4464,332.8902,-0.2597,-0.10827,0.12448,0.30768,127.8356
10.68609,3.11204,1.56806,-0.12296,29.52231,12.07223,356.643,-0.23086,-0.02392,0.07005,0.24243,187.4897,2.94055,0.7957,-0.04837,61.29554,19.31996,329.2448,-0.18869,-0.02997,-0.27764,0.33703,118.1388,3.26865,0.97664,-0.06524,29.57607,357.0835,335.7228,-0.28393,-0.13621,0.11571,0.3355,164.7691
10.70831,3.10726,1.56696,-0.12274,29.88851,7.89326,356.3846,-0.2186,-0.04244,0.02483,0.22406,183.6486,2.93636,0.79589,-0.05548,61.79182,17.2489,329.8944,-0.18596,-0.00045,-0.30384,0.35623,119.9221,3.26252,0.97275,-0.06289,31.11102,355.8573,338.776,-0.27868,-0.16367,0.10851,0.34092,177.8276
10.73053,3.10277,1.56595,-0.12275,30.10373,3.93222,356.1339,-0.20727,-0.04145,0.01221,0.21173,175.5588,2.9323,0.7963,-0.06202,61.75058,15.10609,330.5275,-0.18288,0.01149,-0.29303,0.34561,122.1614,3.25556,0.96937,-0.06075,32.38124,353.916,340.7143,-0.30582,-0.15379,0.0986,0.35623,165.3561
10.75275,3.09893,1.56472,-0.12352,29.98442,359.9313,356.3097,-0.18174,-0.0512,-0.02033,0.1899,183.3883,2.92855,0.79812,-0.06879,61.22232,13.50332,333.0439,-0.16998,0.06908,-0.30357,0.35471,168.5082,3.24802,0.96679,-0.05899,33.01241,351.4254,342.0049,-0.33073,-0.12575,0.08321,0.36348,157.5934
10.77497,3.09497,1.56354,-0.12461,29.69387,355.8413,356.405,-0.17827,-0.05441,-0.04968,0.1929,186.6844,2.92425,0.79906,-0.07643,61.11032,11.23135,334.5605,-0.192,0.04863,-0.34408,0.39702,168.9495,3.24058,0.96447,-0.05761,33.45302,348.9831,343.7701,-0.33446,-0.10485,0.06483,0.35645,166.1229
10.7972,3.09076,1.56225,-0.12677,29.50965,351.6123,356.1426,-0.18636,-0.05717,-0.08851,0.21409,185.0802,2.91948,0.79853,-0.08551,61.39322,8.61551,335.0909,-0.20824,-0.00721,-0.39331,0.44509,144.7096,3.23416,0.96195,-0.05648,33.75877,347.0111,345.7013,-0.29869,-0.1127,0.05418,0.32381,156.2761
10.81942,3.08686,1.56074,-0.1304,29.65246,347.3012,355.8888,-0.1772,-0.06705,-0.15157,0.24263,187.7945,2.91492,0.79719,-0.09681,61.97966,5.97373,334.8341,-0.2036,-0.04704,-0.48343,0.52666,117.8492,3.22892,0.95939,-0.05524,33.96484,345.1407,346.4029,-0.25058,-0.11542,0.0552,0.28135,115.1803
10.84164,3.08291,1.55966,-0.13421,29.8382,342.8839,355.5398,-0.17761,-0.05033,-0.16522,0.24774,190.6566,2.91071,0.79638,-0.10844,62.21293,3.44675,334.4088,-0.19406,-0.03949,-0.51354,0.5504,105.667,3.22395,0.95663,-0.05408,34.24923,343.1697,346.1256,-0.22836,-0.12291,0.05233,0.26456,87.42404
10.86386,3.07886,1.55907,-0.13667,29.87997,338.616,355.1531,-0.18257,-0.03546,-0.11672,0.21958,185.7876,2.90588,0.79559,-0.11979,62.66368,0.65366,334.6133,-0.20849,-0.03442,-0.49726,0.5403,125.5607,3.2184,0.95368,-0.05332,34.81405,341.0469,346.3096,-0.24703,-0.13012,0.03952,0.28199,102.5993
10.88609,3.0759,1.5592,-0.14129,29.19461,334.801,354.5823,-0.14914,-0.01342,-0.17398,0.22955,169.7889,2.90078,0.79574,-0.13414,63.10913,356.8284,335.116,-0.21658,-0.00143,-0.59119,0.62961,170.3158,3.21188,0.95136,-0.05447,34.83053,337.4689,344.2106,-0.28591,-0.10946,-0.02599,0.30725,119.1603
10.90831,3.07311,1.55827,-0.14605,28.85369,331.1567,354.3344,-0.13237,-0.03456,-0.20315,0.24493,161.182,2.8974,0.796,-0.14766,63.40198,353.9814,336.245,-0.16253,0.0072,-0.60627,0.62772,173.5681,3.20425,0.94951,-0.05621,34.82286,333.9545,344.5545,-0.32881,-0.09048,-0.06642,0.34744,154.358
10.93053,3.07014,1.55781,-0.15111,28.96078,327.7973,353.5275,-0.13533,-0.02213,-0.21931,0.25865,142.1131,2.89558,0.79528,-0.16177,63.91871,351.9053,337.8225,-0.1064,-0.0232,-0.62429,0.63372,162.3466,3.19775,0.94733,-0.05794,34.99477,331.1753,345.6789,-0.29588,-0.09644,-0.07042,0.31907,153.3775
10.95275,3.06667,1.55798,-0.15557,29.07992,324.5195,352.6725,-0.15164,0.00248,-0.20647,0.25618,134.0747,2.89452,0.79487,-0.1762,64.31353,350.175,338.6376,-0.05877,-0.01715,-0.64415,0.64705,122.897,3.1928,0.94509,-0.05848,35.19234,329.1844,346.3774,-0.23351,-0.10024,-0.03103,0.256,115.9765
10.97497,3.06307,1.55825,-0.16006,28.97831,321.2607,352.0908,-0.15862,0.00718,-0.20181,0.25678,136.9795,2.89487,0.79575,-0.19098,64.37251,349.5464,339.4334,-0.00228,0.0275,-0.65773,0.65831,76.32644,3.18862,0.94214,-0.05858,35.90992,327.3497,345.9639,-0.19436,-0.12692,-0.00818,0.23228,83.32393
10.99719,3.0592,1.55887,-0.16533,28.8108,318.3881,351.9606,-0.16972,0.01925,-0.22526,0.28269,131.5134,2.89468,0.79682,-0.2057,64.36531,347.9195,338.9777,-0.01212,0.04273,-0.65797,0.65947,60.93476,3.18462,0.93938,-0.0585,36.82572,325.5538,345.1869,-0.18515,-0.12257,0.00044,0.22205,78.52184
11.01941,3.05534,1.55908,-0.17024,28.54574,315.2285,351.8867,-0.16999,0.00907,-0.2159,0.27494,139.7634,2.89316,0.79782,-0.21967,64.17613,344.923,337.9559,-0.05794,0.04392,-0.63449,0.63864,90.34817,3.18008,0.93822,-0.05765,37.30216,324.0519,344.9851,-0.20244,-0.06205,0.03263,0.21423,67.67548
11.04164,3.05021,1.56009,-0.17673,28.09921,312.4417,352.2937,-0.21236,0.03247,-0.26506,0.34119,136.5731,2.89069,0.79883,-0.23272,63.84356,341.2645,337.6998,-0.09798,0.04384,-0.59735,0.60692,141.8057,3.17295,0.94104,-0.05614,36.45821,322.0211,345.1469,-0.30519,0.08839,0.05331,0.32217,96.26974
11.06385,3.04513,1.5607,-0.18284,27.7489,309.6394,352.1574,-0.22204,0.02719,-0.2707,0.35117,127.1634,2.88869,0.79916,-0.24624,63.85512,338.2774,337.9806,-0.09192,0.02014,-0.60485,0.61213,145.9262,3.16552,0.9431,-0.05547,35.60405,319.256,344.2053,-0.32763,0.09244,0.0381,0.34255,106.6645
11.08607,3.0403,1.56133,-0.18926,27.51465,306.9243,351.9093,-0.2146,0.02694,-0.27916,0.35314,122.2299,2.88667,0.79914,-0.25934,64.23721,335.3274,339.0677,-0.09049,0.00587,-0.59278,0.59968,170.372,3.15808,0.94463,-0.05422,34.87336,316.8265,343.1031,-0.32865,0.06831,0.05017,0.33941,96.75779
11.10829,3.0356,1.56282,-0.19656,27.36727,304.3729,351.9983,-0.21107,0.05699,-0.31239,0.38129,118.341,2.88492,0.79924,-0.27057,65.12306,332.5944,341.1682,-0.0808,0.00669,-0.52637,0.53258,195.8801,3.15071,0.94484,-0.0515,34.94573,315.5573,342.9624,-0.32467,0.01864,0.10427,0.34151,61.98196
11.13052,3.03111,1.56445,-0.2033,27.07859,301.9498,351.9326,-0.20423,0.07249,-0.30742,0.37612,108.7818,2.88264,0.80079,-0.27995,65.46762,329.4103,341.8367,-0.10058,0.06267,-0.43263,0.44857,178.1512,3.14464,0.94418,-0.04855,35.5085,315.4634,344.7101,-0.28421,-0.02006,0.13157,0.31383,77.15587
11.15274,3.02669,1.56656,-0.20986,26.5997,299.9008,351.6772,-0.20027,0.08639,-0.29546,0.36724,96.82782,2.87769,0.8057,-0.28407,64.65516,326.8507,344.1683,-0.19625,0.17775,-0.25256,0.36592,212.4659,3.13804,0.94508,-0.0446,35.54922,316.5406,348.4152,-0.29751,0.03317,0.16341,0.34105,124.4609
11.17495,3.02218,1.56921,-0.21602,25.94096,298.26,351.6875,-0.20267,0.1104,-0.28132,0.36387,84.83136,2.86908,0.80983,-0.28853,64.89572,318.9617,342.9556,-0.32652,0.17892,-0.21923,0.43207,284.3967,3.13088,0.9475,-0.04015,35.23684,317.8218,351.5812,-0.31351,0.08267,0.18322,0.37242,111.2259
11.19717,3.01756,1.57167,-0.22187,25.25982,296.6823,351.9253,-0.20665,0.10909,-0.26775,0.35538,82.82212,2.86011,0.81667,-0.2882,63.73591,316.3993,349.6956,-0.37431,0.2818,-0.03873,0.47013,366.901,3.12403,0.95129,-0.03432,34.82767,319.8669,353.2777,-0.31232,0.15151,0.2415,0.42287,74.52904
11.2194,3.01282,1.57395,-0.22733,24.43301,295.407,352.4433,-0.21132,0.10196,-0.25147,0.34393,80.85805,2.85485,0.82552,-0.28389,61.94826,316.5259,354.5964,-0.26381,0.34186,0.08253,0.43962,257.4813,3.11579,0.957,-0.02953,33.96356,320.3876,352.0952,-0.35027,0.21372,0.21312,0.46237,50.50478
11.24161,3.00799,1.57556,-0.23253,23.82309,294.3694,353.0435,-0.21692,0.07667,-0.23575,0.32941,69.45293,2.85332,0.83775,-0.27208,59.09958,324.5834,6.12085,-0.09896,0.53496,0.48692,0.73011,288.8141,3.10475,0.965,-0.02685,32.85726,319.6879,348.5635,-0.47897,0.3362,0.13248,0.6,132.071
11.26383,3.00312,1.57666,-0.23793,23.44953,293.0942,353.6579,-0.21943,0.05471,-0.24147,0.33084,73.51749,2.85122,0.84649,-0.26609,58.06565,327.5016,12.36049,-0.08988,0.43252,0.34397,0.55988,207.4446,3.09399,0.97151,-0.02514,31.69385,319.5932,347.1023,-0.49338,0.30906,0.08131,0.58784,95.45139
11.28605,2.998,1.57787,-0.24368,22.9278,291.6323,354.381,-0.22821,0.05606,-0.25565,0.34725,84.47231,2.84817,0.85602,-0.25776,56.71049,329.3134,17.17063,-0.13144,0.43035,0.36034,0.57648,177.1377,3.08329,0.97583,-0.02376,31.58329,320.194,346.4833,-0.48383,0.22216,0.06976,0.53695,55.60099
11.30827,2.99238,1.57932,-0.24984,22.12764,289.904,354.9639,-0.24439,0.0631,-0.27084,0.37022,93.31431,2.84382,0.86707,-0.24677,55.20137,330.3029,21.34044,-0.18264,0.47428,0.44386,0.67477,173.5302,3.07059,0.98084,-0.02386,31.06308,320.9047,345.234,-0.54875,0.22383,0.01153,0.59276,76.55712
11.33049,2.9869,1.58077,-0.25607,21.20985,288.1429,355.3734,-0.24462,0.06519,-0.27772,0.37579,95.87518,2.83904,0.87819,-0.23701,53.3661,330.6057,25.30342,-0.2076,0.49631,0.43976,0.69485,182.4622,3.0567,0.98367,-0.02607,32.02603,319.7443,343.2446,-0.60906,0.14419,-0.07737,0.63066,76.18548
11.35271,2.98145,1.5824,-0.26217,20.10557,286.2361,355.8708,-0.24612,0.07268,-0.27572,0.37667,106.8843,2.83384,0.89044,-0.22642,51.18138,330.6423,28.93176,-0.23444,0.55016,0.48137,0.7677,188.6748,3.04146,0.9856,-0.03008,33.68447,317.0166,339.0562,-0.66318,0.10668,-0.15409,0.68915,152.1638
11.37493,2.97609,1.5843,-0.26843,18.65667,284.3511,356.1393,-0.24172,0.08381,-0.28141,0.38032,110.5039,2.82693,0.90336,-0.2168,49.14674,328.4459,30.97967,-0.28921,0.56692,0.43331,0.76994,194.9724,3.02767,0.9896,-0.03382,33.85561,315.9371,334.3851,-0.62387,0.16329,-0.15663,0.66363,165.1257
11.39716,2.97091,1.5865,-0.27447,17.34649,282.4641,356.4653,-0.23498,0.09035,-0.27431,0.37232,106.1935,2.82067,0.91542,-0.20866,47.48543,326.6227,33.58112,-0.2732,0.53679,0.3766,0.71036,197.1661,3.01476,0.99358,-0.03662,33.84184,315.878,331.9336,-0.59019,0.17282,-0.12237,0.62703,120.6536
11.41938,2.96613,1.5893,-0.28017,15.90577,280.8103,356.0708,-0.21808,0.11198,-0.26145,0.35841,94.91128,2.81637,0.92952,-0.20152,46.92177,327.1431,40.94769,-0.19345,0.60977,0.3319,0.7207,278.2782,2.999,0.99773,-0.04459,34.19873,316.2892,332.9362,-0.68988,0.169,-0.32875,0.78267,26.50268
11.4416,2.96132,1.5919,-0.28575,15.07249,279.1378,356.0232,-0.21826,0.11473,-0.25392,0.35395,86.68797,2.8145,0.94376,-0.19361,45.0362,328.6231,46.19401,-0.11607,0.63174,0.35117,0.73204,220.9733,2.98208,1.00152,-0.05504,34.08649,312.2974,329.9611,-0.73829,0.17647,-0.42214,0.86857,113.0561
11.46381,2.95686,1.59427,-0.29078,14.28602,277.9042,355.5979,-0.20227,0.10375,-0.23107,0.32415,67.09503,2.81527,0.96139,-0.18562,41.48102,330.6593,47.90316,-0.02584,0.72658,0.3467,0.80547,155.8484,2.96426,1.01007,-0.06657,31.32242,310.2645,330.7143,-0.76421,0.32077,-0.45337,0.9447,119.2212
11.48602,2.95261,1.59562,-0.29623,13.71749,276.6184,355.5408,-0.19697,0.07467,-0.24316,0.32171,65.63668,2.81318,0.97634,-0.18004,39.33288,330.3443,48.90456,-0.08319,0.68132,0.2774,0.74032,124.1233,2.9495,1.01642,-0.07257,30.37279,311.0989,331.218,-0.69066,0.28454,-0.31886,0.81219,50.41962
11.50824,2.94968,1.59489,-0.30158,14.22112,275.5317,355.7809,-0.1551,0.00493,-0.24176,0.28727,56.33592,2.80834,0.99136,-0.17981,37.46834,326.8736,48.57183,-0.1807,0.66984,0.09912,0.70083,152.2616,2.93804,1.01972,-0.07518,32.90408,316.8055,334.4993,-0.5776,0.19542,-0.19011,0.63871,143.7655
11.53047,2.94627,1.59462,-0.3064,14.56774,274.3273,356.3543,-0.15522,-0.00786,-0.22096,0.27015,63.49575,2.80288,1.00387,-0.18164,36.54346,322.0624,47.00027,-0.21851,0.59045,-0.01462,0.62976,160.7354,2.92344,1.02416,-0.08282,34.73706,315.5953,332.3839,-0.64206,0.20229,-0.31357,0.74262,83.5593
11.55269,2.94228,1.59377,-0.31037,14.81356,273.4091,356.8466,-0.17565,-0.02803,-0.19002,0.26028,55.13383,2.802,1.00982,-0.18423,37.61411,322.7294,51.34295,-0.09036,0.34323,-0.09447,0.36728,142.3379,2.90818,1.02948,-0.09459,35.6623,310.332,327.321,-0.66845,0.23444,-0.46737,0.84866,165.0078
11.5749,2.93801,1.59338,-0.3141,14.66462,272.3706,357.2925,-0.1878,-0.01627,-0.17582,0.25777,56.31284,2.79943,1.01496,-0.18714,39.47327,321.4786,52.98149,-0.11037,0.25046,-0.12634,0.30145,143.0674,2.89484,1.03517,-0.10385,35.61435,307.5046,324.478,-0.61459,0.25202,-0.4277,0.79004,128.8034
11.59712,2.93369,1.59321,-0.31755,14.45719,271.0543,357.6519,-0.19218,-0.00997,-0.1599,0.2502,63.92253,2.79501,1.01477,-0.19438,43.91495,318.7901,52.76733,-0.1854,0.03625,-0.29416,0.3496,211.3427,2.88389,1.04192,-0.11148,33.75601,305.1304,321.8587,-0.52259,0.28987,-0.35758,0.69641,115.1879
11.61934,2.92972,1.59275,-0.3209,14.61576,269.6096,357.6311,-0.18075,-0.02126,-0.14897,0.23519,65.08234,2.7887,1.01742,-0.20043,45.65129,315.6249,51.55175,-0.28426,0.07965,-0.30197,0.4223,151.0644,2.87344,1.04777,-0.11782,32.58948,304.5822,323.2691,-0.46919,0.26404,-0.29595,0.61437,90.17409
11.64157,2.92574,1.59245,-0.32396,14.73249,268.1196,357.5238,-0.17889,-0.01627,-0.13392,0.22405,66.07956,2.78244,1.02112,-0.20576,46.67536,313.4991,51.72649,-0.27566,0.14742,-0.249,0.39966,119.5618,2.8631,1.05237,-0.12479,32.11213,303.087,322.7003,-0.4658,0.22489,-0.31145,0.60377,64.32674
11.6638,2.92162,1.59231,-0.32663,14.67267,266.6551,357.3429,-0.18429,-0.00928,-0.12286,0.22169,64.79117,2.77478,1.02362,-0.21247,46.89504,312.4005,53.53,-0.33407,0.1241,-0.29526,0.4628,117.9987,2.85431,1.05777,-0.13167,29.81402,301.2152,321.9117,-0.41934,0.23428,-0.31489,0.57436,109.7661
11.68602,2.91755,1.59171,-0.32926,14.81783,265.1014,357.1585,-0.18344,-0.02534,-0.11733,0.21922,69.03065,2.76637,1.02786,-0.21993,45.81565,309.6897,54.47127,-0.3782,0.17676,-0.33406,0.53467,154.311,2.84544,1.06116,-0.13801,29.55738,299.8103,322.3519,-0.39366,0.16327,-0.28567,0.51306,75.94379
11.70824,2.91341,1.5908,-0.33202,15.2022,263.4756,356.9312,-0.18649,-0.0381,-0.12133,0.22572,72.89859,2.75675,1.033,-0.22812,43.7889,305.353,52.78864,-0.43113,0.22088,-0.36904,0.60898,171.1422,2.83926,1.06455,-0.14139,29.70917,299.5624,321.084,-0.31358,0.16047,-0.18943,0.39996,36.14565
11.73046,2.90904,1.59058,-0.3349,15.40014,261.9155,356.7296,-0.19594,-0.01439,-0.12532,0.23303,70.37997,2.74801,1.03749,-0.23598,43.03954,300.5406,48.96083,-0.41195,0.20455,-0.36811,0.58911,167.7619,2.83222,1.06813,-0.14615,29.91295,297.856,318.4868,-0.30585,0.15605,-0.20561,0.40022,98.78489
11.75269,2.90434,1.59109,-0.33749,15.12544,260.2805,356.9531,-0.2046,0.01,-0.12183,0.23834,74.28842,2.73973,1.04089,-0.24731,42.35182,294.8868,44.37884,-0.36893,0.16833,-0.45325,0.60817,167.8853,2.82687,1.07346,-0.15094,29.03347,296.6977,317.032,-0.28111,0.21391,-0.2214,0.4169,71.47649
11.77491,2.9002,1.59104,-0.34054,14.91288,258.2293,357.2788,-0.1886,-0.00081,-0.13548,0.23222,92.09792,2.7371,1.03918,-0.25765,43.74328,295.1684,51.47197,-0.15999,-0.03592,-0.44903,0.47804,251.0575,2.82093,1.07978,-0.15871,27.53946,294.0211,319.0071,-0.2762,0.25303,-0.33242,0.50081,160.9959
11.79714,2.89634,1.59094,-0.34386,14.91992,256.261,357.1295,-0.17722,-0.00274,-0.14604,0.22966,87.8133,2.73468,1.03837,-0.26438,45.2974,295.0565,53.29861,-0.11722,-0.03831,-0.33397,0.35601,131.4275,2.81343,1.08249,-0.16722,28.36719,289.6454,318.6149,-0.32538,0.14665,-0.37606,0.51846,182.9835
11.81936,2.89271,1.5914,-0.34716,14.65119,254.2379,356.935,-0.16555,0.01671,-0.14709,0.22209,90.56528,2.73254,1.03744,-0.27139,45.043,293.0883,51.43412,-0.09905,-0.04596,-0.33483,0.35218,64.55981,2.80753,1.08241,-0.17694,30.57259,283.562,314.3463,-0.26823,0.03262,-0.42027,0.49963,236.9717
11.84158,2.88929,1.59202,-0.35039,14.16164,252.0698,357.335,-0.15402,0.02736,-0.14674,0.21449,104.0093,2.73008,1.03521,-0.28196,46.10553,288.2004,47.92272,-0.09603,-0.1093,-0.45538,0.47806,146.0993,2.8019,1.08587,-0.18483,30.32972,279.4049,310.8936,-0.25121,0.12619,-0.37058,0.46514,189.9351
11.86379,2.88639,1.59319,-0.35403,13.42458,249.5023,357.979,-0.13777,0.04483,-0.15922,0.21527,121.7703,2.73076,1.02812,-0.29168,48.73173,285.4211,47.48772,0.00226,-0.26212,-0.425,0.49933,146.2335,2.79719,1.08631,-0.19207,31.58153,275.537,308.5977,-0.22103,0.0342,-0.33762,0.40499,162.3603
11.88602,2.88324,1.59406,-0.35744,12.83912,247.0933,358.2073,-0.14556,0.03617,-0.15315,0.21437,112.0606,2.7319,1.02262,-0.30007,51.46798,283.5031,48.34409,0.04941,-0.26031,-0.38819,0.46999,166.1837,2.79236,1.08624,-0.20157,32.81033,270.3467,305.1736,-0.21552,-0.00136,-0.42056,0.47257,206.8649
11.90825,2.8818,1.59518,-0.36051,11.87073,244.1427,357.9684,-0.0801,0.04163,-0.13787,0.16479,131.0668,2.73485,1.01713,-0.30523,53.37753,284.9123,53.40956,0.10798,-0.24296,-0.27926,0.38559,178.8264,2.78863,1.08814,-0.21188,32.04868,265.9136,303.5664,-0.18113,0.08172,-0.43979,0.4826,170.518
11.93047,2.88053,1.59517,-0.36304,11.60183,241.3225,357.8894,-0.06274,0.00954,-0.11967,0.13545,126.7054,2.73869,1.0112,-0.31294,55.95237,281.4287,53.21015,0.153,-0.26095,-0.3314,0.44869,177.886,2.78451,1.0932,-0.22165,29.54796,261.3884,302.8351,-0.18448,0.17943,-0.43859,0.50852,197.694
11.95268,2.8802,1.59487,-0.36496,11.53809,238.3518,357.5731,-0.02854,-0.00647,-0.09454,0.09897,128.9175,2.74454,1.00415,-0.31965,59.07513,278.4627,52.13036,0.23666,-0.30088,-0.29995,0.48632,167.8276,2.78102,1.0934,-0.22944,30.81549,258.5051,301.1786,-0.16519,0.03629,-0.35685,0.3949,120.9949
11.9749,2.87968,1.59455,-0.36661,11.28236,235.6112,357.1104,-0.02,-0.01451,-0.07573,0.07966,123.1142,2.75048,0.99813,-0.32449,61.90126,277.2005,52.4792,0.25211,-0.27153,-0.23876,0.44079,148.6047,2.77813,1.09403,-0.23933,31.40289,253.8585,298.1041,-0.13755,0.03251,-0.42655,0.44936,168.3629
11.99712,2.88049,1.59377,-0.36737,11.30965,233.0278,356.4721,0.0258,-0.03022,-0.04279,0.0584,115.6372,2.75824,0.99231,-0.32528,64.44971,280.1213,56.72544,0.32822,-0.26469,-0.07551,0.42835,143.8843,2.77699,1.09383,-0.25194,32.48767,247.3899,296.3722,-0.06692,0.0032,-0.52474,0.529,234.4016
12.01934,2.88156,1.59306,-0.36806,11.27018,230.4683,356.1604,0.04384,-0.03158,-0.0329,0.06326,113.472,2.76549,0.9872,-0.32635,66.52859,281.364,58.84478,0.32231,-0.23357,-0.0552,0.40185,105.7427,2.77543,1.09651,-0.25983,32.54458,244.9986,298.7688,-0.07285,0.1052,-0.38222,0.40307,182.4012
12.04156,2.88254,1.59244,-0.36889,11.15918,227.9986,356.0191,0.04658,-0.02936,-0.03493,0.06521,110.7185,2.7708,0.98335,-0.32993,67.70141,278.7474,58.02163,0.26378,-0.18635,-0.14049,0.3522,94.44299,2.77329,1.10131,-0.26652,31.28939,243.4273,299.5711,-0.09215,0.19844,-0.31192,0.381,119.4522
12.06379,2.8848,1.59108,-0.36908,11.0934,225.649,355.7466,0.08446,-0.0535,-0.01709,0.10143,106.3967,2.77778,0.97945,-0.33138,69.14373,280.1459,61.74395,0.2929,-0.17986,-0.09294,0.35606,123.9001,2.77234,1.10865,-0.27094,28.40844,243.1965,298.007,-0.055,0.25666,-0.25222,0.36402,99.35116
12.086,2.88716,1.58981,-0.3691,11.25713,223.4427,355.4121,0.10643,-0.05636,-0.00099,0.12043,98.01377,2.78259,0.97689,-0.33449,69.78966,276.6173,59.59637,0.23258,-0.12967,-0.12166,0.29276,82.39378,2.7728,1.10848,-0.27832,29.79298,240.1724,297.4553,-0.00245,0.04921,-0.30277,0.30676,104.721
12.10822,2.8899,1.58901,-0.36877,11.18561,221.4235,355.38,0.12156,-0.03962,0.01263,0.12848,92.50916,2.78591,0.97504,-0.33708,69.50537,273.5562,57.77082,0.15264,-0.08118,-0.11607,0.20823,70.62842,2.77114,1.10823,-0.28185,31.10157,240.6063,299.9671,-0.06605,-0.01621,-0.16011,0.17396,117.9707
12.13044,2.89231,1.58844,-0.36882,10.90752,219.1857,355.6482,0.11302,-0.02854,0.00141,0.11658,101.536,2.7901,0.97193,-0.33877,69.77434,274.3978,60.47224,0.183,-0.13049,-0.08031,0.23868,81.83243,2.77031,1.10804,-0.28544,31.94486,242.1635,303.3226,-0.03936,-0.01674,-0.15452,0.16033,136.2292
12.15266,2.89481,1.58847,-0.36889,10.57953,217.0695,355.631,0.11117,-0.00315,-0.00192,0.11123,96.29173,2.80512,0.96149,-0.33763,77.16933,307.5812,104.2536,0.61729,-0.41868,0.03908,0.74691,666.1864,2.77395,1.10486,-0.29321,32.53165,239.2784,308.9145,0.13943,-0.13094,-0.33057,0.38191,330.7901
12.17489,2.89691,1.58851,-0.3686,10.28303,215.3765,355.1266,0.09786,-0.00403,0.01038,0.09849,80.29329,2.81459,0.95729,-0.3443,83.02535,316.8746,115.8563,0.468,-0.2476,-0.17972,0.55914,331.1773,2.78148,1.10288,-0.30638,34.25286,230.7956,316.7483,0.27137,-0.10865,-0.49709,0.57667,554.5151
12.19711,2.8991,1.58706,-0.3677,10.28834,214.0576,354.6322,0.09829,-0.05226,0.03273,0.11603,64.90141,2.81868,0.95658,-0.34865,85.03004,299.9508,96.77461,0.25436,-0.09189,-0.15503,0.31174,91.33673,2.78464,1.1021,-0.31268,35.15122,233.3114,335.8093,0.16545,-0.02657,-0.33626,0.3757,678.082
12.21933,2.90181,1.58402,-0.36657,10.68276,212.9095,354.5982,0.12545,-0.1385,0.05533,0.19489,51.85249,2.82022,0.95596,-0.34798,79.69444,300.3138,101.6303,0.06275,-0.02265,0.00747,0.06712,290.5145,2.7785,1.12111,-0.30786,22.32575,245.4499,349.2774,-0.26617,0.84835,0.2052,0.9125,838.2472
12.24155,2.90443,1.58139,-0.36649,10.82574,211.6052,354.3839,0.11936,-0.124,0.01514,0.17278,55.91603,2.82841,0.9536,-0.35119,83.12685,299.0099,101.1912,0.30755,-0.0867,-0.0833,0.33022,85.89156,2.78398,1.11387,-0.31169,25.71055,236.9986,329.7848,0.14917,-0.11388,-0.10946,0.21726,562.466
12.26377,2.90698,1.57858,-0.36695,11.15691,210.306,354.1463,0.11542,-0.12558,-0.01158,0.17096,59.25346,2.83332,0.95364,-0.34897,82.7378,309.6724,110.1467,0.22043,-0.01905,0.06853,0.23162,59.60514,2.78879,1.10237,-0.31421,32.6861,232.1938,323.2208,0.19718,-0.38652,-0.10981,0.44759,376.9053
12.286,2.90962,1.57546,-0.36764,11.83238,209.0009,353.6847,0.11603,-0.13291,-0.02369,0.17801,63.88583,2.83485,0.9536,-0.34716,79.09467,308.6304,113.1178,0.11812,-0.01302,0.06527,0.13558,171.0707,2.79086,1.10044,-0.31472,33.27588,230.3962,319.1152,0.11802,-0.15026,-0.05233,0.1981,187.1513
12.30822,2.91187,1.57286,-0.36835,12.27702,207.9262,353.3289,0.10375,-0.1212,-0.03229,0.16278,52.88687,2.83901,0.95207,-0.34831,78.77461,306.3493,112.3703,0.17535,-0.05897,-0.03063,0.18752,87.52566,2.79463,1.10112,-0.31638,33.17607,230.4584,320.4215,0.17695,-0.00572,-0.07895,0.19385,40.76577
12.33044,2.91488,1.5704,-0.36934,12.37792,206.4967,353.5749,0.13232,-0.11341,-0.04307,0.17951,65.21378,2.84495,0.95055,-0.34878,78.62563,308.9271,117.1273,0.23967,-0.06168,-0.01936,0.24824,98.9703,2.80034,1.10238,-0.32149,32.57745,227.948,322.1978,0.23834,0.04848,-0.19968,0.31469,140.5597
12.35266,2.91968,1.56863,-0.3713,12.36067,204.1919,354.0238,0.20621,-0.08346,-0.08412,0.23783,102.8736,2.85104,0.94987,-0.34785,77.69379,314.2234,124.5914,0.2711,-0.03694,0.032,0.27547,118.1487,2.8048,1.1032,-0.3254,32.27185,225.9929,323.0368,0.20979,0.04273,-0.18065,0.28013,120.6991
12.37488,2.92616,1.56886,-0.37454,12.32393,201.4781,353.0731,0.26725,-0.01257,-0.12795,0.29656,111.1134,2.85994,0.94855,-0.34375,75.98532,326.5003,138.9019,0.3809,-0.05951,0.1484,0.4131,161.9035,2.80906,1.10307,-0.32873,32.83929,223.1747,319.0916,0.1917,-0.0056,-0.15223,0.24486,116.0681
12.3971,2.93175,1.56858,-0.37704,12.41321,199.1913,352.1418,0.24922,-0.01811,-0.11135,0.27356,102.5704,2.86878,0.94659,-0.34118,75.04531,335.0445,149.2786,0.3901,-0.08001,0.12294,0.41677,145.0712,2.81294,1.1021,-0.33177,33.82411,221.832,318.2199,0.18252,-0.02853,-0.14399,0.23422,76.22742
12.41932,2.93869,1.56789,-0.37989,12.77406,196.6541,351.6174,0.28655,-0.03386,-0.11731,0.31148,107.9432,2.88125,0.94459,-0.33639,73.26543,354.3079,167.76,0.51612,-0.07954,0.19088,0.55601,214.1777,2.81774,1.10475,-0.3374,32.91461,220.074,319.2967,0.20697,0.07633,-0.22147,0.31259,94.2932
12.44154,2.94514,1.56656,-0.38231,13.01773,194.2001,351.7826,0.29378,-0.05255,-0.11347,0.31928,112.6808,2.89229,0.9444,-0.33063,70.04361,9.38507,179.4919,0.50839,-0.01971,0.25925,0.57101,277.3482,2.82361,1.10713,-0.34375,32.51052,217.0567,318.8651,0.25393,0.10113,-0.27446,0.38735,119.8813
12.46376,2.95223,1.56599,-0.38556,12.91411,191.6204,351.9532,0.31132,-0.03009,-0.1386,0.3421,114.9473,2.90506,0.94595,-0.32269,63.93099,24.11824,187.4301,0.56853,0.05154,0.33192,0.66034,422.583,2.82899,1.10873,-0.34959,32.55285,214.0816,317.7211,0.24768,0.07576,-0.26635,0.37151,117.0044
12.48598,2.95897,1.56547,-0.38878,12.73974,189.2573,351.8421,0.30193,-0.02798,-0.14003,0.33399,106.7345,2.9188,0.94752,-0.31701,58.1256,35.13533,191.7652,0.59519,0.06077,0.26208,0.65317,402.9457,2.83378,1.11241,-0.35589,31.87132,213.4976,321.7487,0.22289,0.15417,-0.28172,0.39091,155.7888
12.50821,2.96555,1.56445,-0.39179,12.6984,186.9916,351.6608,0.29536,-0.04208,-0.13486,0.32741,101.5464,2.93294,0.94812,-0.31394,53.1193,44.02284,195.3855,0.60947,0.03856,0.16667,0.63302,358.7482,2.83784,1.11621,-0.36269,30.17739,212.3092,322.8261,0.18911,0.15085,-0.2868,0.3752,114.5604
12.53043,2.97188,1.56339,-0.3951,12.64749,185.1702,351.5834,0.32614,-0.05262,-0.16845,0.37083,94.32759,2.943,0.9485,-0.30982,48.20451,47.31266,193.8394,0.49171,0.03738,0.17652,0.52377,305.3518,2.83907,1.11165,-0.36637,32.49749,212.5821,320.8862,0.10612,-0.09203,-0.20092,0.24515,67.8346
12.55265,2.97746,1.56227,-0.39877,12.69183,183.6167,351.877,0.26761,-0.05254,-0.17122,0.32202,76.4024,2.94791,0.95068,-0.3015,44.27205,44.12081,188.1893,0.25092,0.08638,0.36335,0.44994,251.5787,2.84209,1.10637,-0.37053,34.48538,209.8406,316.5351,0.13648,-0.21286,-0.19796,0.32112,169.9119
12.57488,2.98275,1.56098,-0.40236,12.87755,182.2291,351.9195,0.2448,-0.05531,-0.16085,0.29809,68.13181,2.95339,0.95355,-0.29393,40.49546,41.84924,184.436,0.25726,0.11714,0.33272,0.43658,217.3448,2.84696,1.10544,-0.37618,34.32874,206.2898,313.9287,0.19453,-0.08189,-0.23665,0.3171,125.035
12.5971,2.98762,1.56036,-0.40612,12.96447,180.9933,352.0246,0.22608,-0.03305,-0.16751,0.28331,60.53781,2.95647,0.9557,-0.28806,37.93098,38.87164,181.829,0.17256,0.09958,0.27109,0.33642,165.0058,2.85127,1.10517,-0.38184,34.04424,203.6949,313.3013,0.18846,-0.03292,-0.24606,0.31168,98.64253
12.61933,2.99214,1.56045,-0.4107,12.79049,179.883,352.3951,0.21041,-0.00626,-0.19599,0.28762,58.23641,2.95902,0.96041,-0.28115,33.65496,34.17607,181.8671,0.14647,0.20066,0.31116,0.39817,250.2019,2.85184,1.10383,-0.38518,34.87767,203.7496,314.0375,0.07,-0.05177,-0.17543,0.19585,43.37641
12.64155,2.99667,1.55995,-0.4154,12.76819,178.6498,352.6684,0.19664,-0.01559,-0.22146,0.29657,56.00172,2.96286,0.96563,-0.27565,30.24249,31.18932,182.5316,0.14274,0.24106,0.26749,0.38735,248.4657,2.85373,1.10248,-0.3891,35.65395,201.4563,312.0026,0.06494,-0.06438,-0.16905,0.1922,89.28577
12.66377,3.00035,1.55879,-0.42111,13.06843,177.7368,352.645,0.1598,-0.04742,-0.26676,0.31456,39.67665,2.96554,0.97062,-0.27243,27.68237,28.27651,184.1139,0.1024,0.23113,0.15584,0.29697,237.8047,2.85463,1.10117,-0.39116,37.14384,201.5315,312.5782,0.02652,-0.06337,-0.09029,0.11345,72.21189
12.686,3.00406,1.5577,-0.42675,13.08377,176.7389,352.7476,0.16721,-0.04836,-0.25514,0.30886,45.03733,2.96835,0.97393,-0.27042,25.52647,26.21155,186.0374,0.12133,0.17051,0.10832,0.23564,192.5047,2.85735,1.10186,-0.39618,37.12724,199.7235,312.6548,0.1002,0.00382,-0.19218,0.21677,69.36334
12.70822,3.0073,1.55619,-0.43362,12.64307,175.8483,353.0711,0.15515,-0.06245,-0.29276,0.33717,48.2564,2.96945,0.97536,-0.27145,25.10519,24.08402,187.9474,0.07053,0.09662,0.00056,0.11962,160.2789,2.8595,1.10169,-0.40028,37.83284,199.317,315.4416,0.08973,-0.00904,-0.17966,0.20102,112.5613
12.73043,3.01078,1.5538,-0.44105,12.52238,174.9605,352.9016,0.15796,-0.0961,-0.31952,0.36916,40.48945,2.96974,0.97501,-0.27509,26.06907,22.51336,189.8755,0.03924,0.03259,-0.09229,0.10545,132.9879,2.86249,1.10148,-0.40474,37.74438,195.9971,312.1776,0.11849,-0.01239,-0.18718,0.22188,81.78281
12.75266,3.01447,1.54986,-0.44916,13.4066,174.1731,352.2294,0.16453,-0.16769,-0.36062,0.43039,50.88697,2.9687,0.9736,-0.28126,28.25396,21.27827,190.8825,-0.0257,-0.04073,-0.23124,0.2362,122.8835,2.86395,1.10122,-0.40734,38.31361,194.8869,310.5413,0.07877,-0.00742,-0.13824,0.15928,66.29543
12.77486,3.01832,1.54517,-0.45728,14.09528,173.2482,352.3357,0.17102,-0.19317,-0.35986,0.44279,50.49419,2.96623,0.96982,-0.29064,32.22832,20.60831,190.8938,-0.08567,-0.12833,-0.36133,0.39289,153.4449,2.86574,1.10137,-0.4102,38.6921,194.0546,309.5146,0.08815,0.00331,-0.13324,0.15979,43.94908
12.79708,3.02218,1.54071,-0.46611,14.33479,172.0642,352.9719,0.17288,-0.19018,-0.3811,0.45966,58.77105,2.96221,0.96528,-0.30162,36.96816,19.63321,189.3813,-0.14347,-0.16899,-0.43522,0.48842,186.4363,2.86996,1.10209,-0.41449,38.22304,191.6445,308.3453,0.15688,0.02067,-0.17487,0.23584,70.88847
12.8193,3.02581,1.53652,-0.47492,14.45358,171.01,353.107,0.16478,-0.19033,-0.39434,0.46784,50.59432,2.95883,0.96164,-0.31105,40.64315,18.15103,188.1235,-0.14441,-0.16023,-0.42015,0.47229,172.7608,2.8731,1.10171,-0.41822,38.18103,190.094,307.2521,0.14401,-0.00817,-0.16933,0.22244,58.75697
12.84153,3.02868,1.53109,-0.48494,14.33191,170.3055,352.8821,0.13788,-0.23177,-0.43486,0.51169,34.57124,2.95367,0.95632,-0.32297,45.27503,16.14249,185.9945,-0.20816,-0.21499,-0.50196,0.58439,205.7335,2.8762,1.10007,-0.42252,38.29922,188.9087,307.0409,0.13796,-0.06122,-0.18801,0.2411,48.07942
12.86375,3.03167,1.5248,-0.49475,14.00861,169.3308,353.0671,0.13392,-0.28108,-0.44508,0.54317,47.19523,2.94888,0.95154,-0.33386,48.97359,13.4798,184.049,-0.2215,-0.22336,-0.50024,0.59092,192.0276,2.87802,1.09688,-0.42637,39.22075,188.9084,307.8258,0.09241,-0.13382,-0.17855,0.24152,49.70518
12.88597,3.0348,1.51784,-0.5046,14.17534,168.1392,352.9308,0.13599,-0.32872,-0.45678,0.57897,51.68489,2.94414,0.94778,-0.34393,52.08245,9.94014,181.2631,-0.23495,-0.19689,-0.47691,0.56693,183.2426,2.88091,1.09407,-0.43119,39.54335,187.9692,308.2896,0.12029,-0.12297,-0.20538,0.2679,52.87049
12.9082,3.03743,1.50998,-0.51507,14.80933,167.2805,352.1016,0.12097,-0.35072,-0.46882,0.59786,49.25781,2.93954,0.94385,-0.35271,54.05968,5.36112,178.1039,-0.21252,-0.18179,-0.41064,0.49683,158.3487,2.88322,1.09058,-0.43709,39.49667,187.0872,308.3344,0.1059,-0.15023,-0.25342,0.31307,42.28584
12.93042,3.03921,1.5018,-0.52576,15.33917,166.8792,351.6176,0.07707,-0.38616,-0.49157,0.62985,37.81064,2.93547,0.9405,-0.35965,54.61979,0.09096,174.8118,-0.19514,-0.16597,-0.30875,0.40119,153.2568,2.88525,1.0864,-0.44328,39.58212,185.9733,307.8263,0.08817,-0.20197,-0.29185,0.36571,38.62403
12.95264,3.03947,1.4921,-0.53687,15.65385,167.1813,351.8076,0.04035,-0.40808,-0.48819,0.63756,16.17084,2.94291,0.94389,-0.38398,54.71778,355.0344,171.7849,0.09337,0.00335,-0.70451,0.71068,141.9704,2.88756,1.08231,-0.44986,39.54003,184.5679,306.9544,0.10028,-0.18739,-0.29507,0.36364,45.46978
12.97486,3.03998,1.48249,-0.54727,15.95296,167.4376,352.1732,0.03461,-0.41403,-0.47005,0.62735,17.68077,2.94123,0.9409,-0.39006,54.47625,350.3499,169.2511,-0.0416,-0.09737,-0.40134,0.41507,134.7272,2.88994,1.07898,-0.45601,39.44436,183.4691,306.7559,0.10571,-0.15708,-0.27727,0.33575,43.6839
12.99709,3.03867,1.47127,-0.55783,16.75072,168.5533,352.5785,-0.03254,-0.47445,-0.47378,0.67129,46.81638,2.94183,0.93701,-0.3919,51.91586,347.0182,169.3083,0.01019,-0.15654,-0.16689,0.22904,167.7353,2.8923,1.07579,-0.46418,38.53567,182.7445,307.5634,0.10124,-0.14717,-0.34226,0.38607,60.91214
13.01931,3.03832,1.46243,-0.56855,16.41901,168.8778,353.6794,-0.02222,-0.41339,-0.48313,0.63624,45.76223,2.9431,0.93355,-0.3939,49.62851,344.8009,170.7367,0.06673,-0.15758,-0.07426,0.18655,193.4133,2.89363,1.07293,-0.47157,37.90461,182.7786,308.8148,0.06412,-0.1327,-0.33978,0.37037,60.65845
13.04153,3.03938,1.45488,-0.57931,15.06808,168.3337,354.416,0.03433,-0.3561,-0.48418,0.60202,66.89964,2.94554,0.92994,-0.39444,47.19916,343.3819,173.0432,0.08679,-0.16042,-0.05851,0.19155,183.8733,2.89422,1.06897,-0.47902,37.52708,182.6885,308.9658,0.04201,-0.16786,-0.33221,0.37458,28.56044
13.06375,3.04163,1.44624,-0.58962,13.77267,167.3085,353.9761,0.08504,-0.38704,-0.46593,0.61166,63.56821,2.94965,0.92597,-0.39496,44.44799,343.464,176.6905,0.16593,-0.17561,-0.03536,0.24417,195.6203,2.89589,1.06298,-0.48705,37.42793,181.0641,307.9681,0.06435,-0.25169,-0.3488,0.43491,66.16404
13.08598,3.04395,1.43545,-0.59943,14.25522,166.3028,352.6933,0.09769,-0.46116,-0.44815,0.65042,54.13634,2.95352,0.92154,-0.39689,42.18927,343.5114,179.437,0.18182,-0.1977,-0.06811,0.2771,170.6661,2.89607,1.05642,-0.49436,37.35262,180.5257,305.9207,0.03855,-0.28563,-0.34451,0.44918,70.8537
13.1082,3.04591,1.42491,-0.60939,14.91317,165.337,352.3051,0.08879,-0.46692,-0.44894,0.65379,47.91975,2.95922,0.91684,-0.39893,40.2589,344.8973,182.6848,0.23141,-0.20811,-0.09286,0.32478,141.9662,2.89862,1.04986,-0.50216,37.56137,179.1951,305.4371,0.09866,-0.28832,-0.3484,0.46287,45.91308
13.13042,3.04734,1.41489,-0.61968,15.07416,164.3384,352.7486,0.06693,-0.45448,-0.46129,0.65102,51.0014,2.96523,0.9118,-0.4023,39.18801,346.5515,185.0314,0.24879,-0.21773,-0.13947,0.35883,102.3665,2.90316,1.04464,-0.51031,37.58584,177.812,307.3748,0.16867,-0.24701,-0.35911,0.46736,101.0757
13.15264,3.04795,1.4046,-0.62981,15.17452,163.6404,353.2739,0.03555,-0.46418,-0.45548,0.65129,43.49104,2.97213,0.90732,-0.40676,38.72215,348.9018,186.9172,0.28197,-0.20269,-0.18201,0.39207,83.7216,2.90761,1.03896,-0.51792,38.43895,176.4555,308.3544,0.19899,-0.24327,-0.35237,0.47217,95.20126
13.17487,3.04742,1.39323,-0.63941,15.42061,163.6148,353.1415,-0.01292,-0.502,-0.43613,0.66511,12.85225,2.97948,0.90265,-0.41224,38.61148,351.6779,189.0581,0.31762,-0.20697,-0.23292,0.44494,92.85072,2.9117,1.03554,-0.52504,37.79819,175.2624,308.9799,0.16599,-0.17428,-0.31675,0.39782,51.7601
13.19709,3.04614,1.38226,-0.64883,16.13988,163.7764,353.2032,-0.04475,-0.48991,-0.42821,0.65221,27.97592,2.98685,0.89643,-0.41973,39.31741,354.7621,190.22,0.33119,-0.27372,-0.32527,0.5389,113.7435,2.91432,1.0309,-0.53158,37.02229,174.9341,309.1703,0.16052,-0.21533,-0.30131,0.40364,57.5232
13.21931,3.0443,1.37224,-0.65778,16.89093,163.9312,353.2242,-0.07331,-0.46108,-0.40819,0.62015,30.35831,2.99295,0.88949,-0.42737,40.0125,356.9838,190.9817,0.29232,-0.32061,-0.35798,0.56249,104.5555,2.91722,1.02321,-0.53771,37.5343,173.75,308.2171,0.13489,-0.33147,-0.276,0.45194,44.80272
13.24154,3.0431,1.36196,-0.66705,16.92475,164.0814,353.3865,-0.0617,-0.46352,-0.41464,0.62496,11.2324,2.99889,0.88089,-0.43663,41.51371,359.4933,191.9034,0.27247,-0.37994,-0.41225,0.62333,115.101,2.92044,1.01583,-0.54357,37.99574,173.0258,308.8705,0.13889,-0.3294,-0.2657,0.44541,49.16417
13.26376,3.04206,1.35097,-0.67584,17.26269,164.0331,353.4385,-0.04998,-0.49044,-0.39688,0.63288,15.40073,3.00426,0.87267,-0.4459,43.03234,1.77062,192.8383,0.24698,-0.37552,-0.42136,0.61608,109.9545,2.9233,1.00939,-0.54921,38.01714,172.8333,309.9095,0.13195,-0.30074,-0.2535,0.41487,51.63779
13.28598,3.04178,1.34,-0.68465,17.79614,163.6936,352.888,-0.0208,-0.49161,-0.39784,0.63276,28.29148,3.00869,0.8641,-0.4562,45.16167,3.75709,193.2943,0.20808,-0.38292,-0.45421,0.62947,118.7747,2.92663,1.0028,-0.55458,38.05003,172.1173,310.5429,0.1463,-0.29854,-0.2428,0.41168,52.06487
13.3082,3.04159,1.32948,-0.6939,18.19499,163.3876,352.5345,-0.01159,-0.47733,-0.41162,0.6304,25.55531,3.0116,0.85513,-0.46691,47.46999,4.83014,193.4011,0.14983,-0.39723,-0.46988,0.63327,109.1416,2.92891,0.99511,-0.55937,38.37631,171.846,310.6741,0.10564,-0.33485,-0.22332,0.41612,24.57531
13.33043,3.04153,1.31919,-0.70316,18.87189,163.0988,352.4165,-0.00239,-0.46392,-0.41585,0.62302,31.49307,3.01379,0.84648,-0.47658,49.19914,5.11618,193.6519,0.08777,-0.40137,-0.44966,0.60909,86.82133,2.93036,0.98673,-0.56457,38.92896,171.7207,310.7912,0.06228,-0.38207,-0.226,0.44826,26.61689
13.35265,3.04238,1.31044,-0.71317,18.60531,162.8448,352.357,0.03478,-0.39909,-0.44887,0.60164,14.20723,3.01527,0.83822,-0.48558,50.61988,4.68974,193.5766,0.07171,-0.37798,-0.41523,0.56607,70.36717,2.9318,0.97869,-0.57003,39.37471,171.5044,310.8011,0.06869,-0.36402,-0.24114,0.44202,23.53324
13.37487,3.04343,1.30195,-0.72354,18.48352,162.4711,352.2101,0.04127,-0.3919,-0.45903,0.60497,15.28309,3.01566,0.83031,-0.49411,51.93247,3.26256,192.7697,0.05002,-0.36016,-0.39468,0.53665,66.36005,2.93352,0.97031,-0.57557,40.0529,170.8602,310.3796,0.07795,-0.36821,-0.24713,0.45025,31.85596
13.39709,3.04541,1.2936,-0.73342,19.43116,161.8476,351.82,0.07235,-0.38592,-0.44287,0.59187,38.51991,3.01319,0.82299,-0.50101,52.59716,359.1992,190.3941,-0.06871,-0.33754,-0.32903,0.47636,101.5984,2.93445,0.9614,-0.58082,41.529,170.8078,310.2641,0.05039,-0.38444,-0.23953,0.45575,52.94844
13.41932,3.04654,1.28514,-0.74283,19.92616,161.417,351.8904,0.0548,-0.38012,-0.42843,0.57536,30.81355,3.01207,0.81578,-0.50791,53.166,356.2612,188.7189,-0.03925,-0.32954,-0.32459,0.46422,84.96054,2.93568,0.95377,-0.58613,42.55282,171.0859,311.0793,0.05792,-0.35486,-0.23955,0.43205,49.72639
13.44154,3.04779,1.27807,-0.75207,20.11217,160.8111,352.0042,0.05532,-0.33673,-0.41739,0.53913,28.76352,3.0082,0.81096,-0.51248,52.61567,351.0922,185.3098,-0.14212,-0.23794,-0.23117,0.36091,128.983,2.93652,0.94718,-0.59101,43.813,171.1235,310.9319,0.04153,-0.30481,-0.22499,0.38112,51.88363
13.46376,3.04933,1.27173,-0.75991,20.73343,159.7974,350.6609,0.06378,-0.30034,-0.36725,0.47869,56.59249,3.00485,0.80737,-0.51648,51.5998,346.6422,182.4341,-0.15215,-0.17401,-0.18588,0.29661,134.7035,2.93733,0.94208,-0.59616,44.20013,170.5393,309.4414,0.0383,-0.25113,-0.23099,0.34335,45.13109
13.48598,3.05026,1.26536,-0.76781,21.55887,159.157,349.442,0.04591,-0.29734,-0.36448,0.47261,55.60845,3.00485,0.80737,-0.51648,51.5998,346.6422,182.4341,-0.03804,-0.0435,-0.04647,0.07415,33.67588,2.93797,0.93939,-0.60162,44.50596,170.6751,309.8592,0.03129,-0.15431,-0.24269,0.28929,20.30998
13.50821,3.05039,1.26053,-0.77537,22.00348,159.1632,349.2281,0.01564,-0.24364,-0.35002,0.42676,27.06908,3.00485,0.80737,-0.51648,51.5998,346.6422,182.4341,-0.00951,-0.01088,-0.01162,0.01854,8.41897,2.93834,0.936,-0.60686,45.09031,170.7954,309.8861,0.01732,-0.14241,-0.23634,0.27648,24.44877
13.53043,3.0497,1.25821,-0.78204,21.76662,159.8406,350.1455,-0.01711,-0.13879,-0.31048,0.34052,25.9977,3.00485,0.80737,-0.51648,51.5998,346.6422,182.4341,-0.00238,-0.00272,-0.0029,0.00463,2.10474,2.93898,0.93379,-0.61153,45.45311,170.0517,309.1783,0.02982,-0.114,-0.21537,0.2455,26.19955
13.55266,3.04989,1.2541,-0.7889,21.84509,159.8944,350.3445,-0.00086,-0.14984,-0.29392,0.32991,16.40422,3.00485,0.80737,-0.51648,51.5998,346.6422,182.4341,-0.00059,-0.00068,-0.00073,0.00116,0.52619,2.94042,0.9333,-0.61612,45.10534,169.2627,309.2227,0.06274,-0.00006,-0.20342,0.21288,41.9662
13.57488,3.05025,1.25082,-0.7943,22.13589,159.989,350.292,0.0121,-0.16622,-0.27362,0.32038,10.76909,3.00485,0.80737,-0.51648,51.5998,346.6422,182.4341,-0.00015,-0.00017,-0.00018,0.00029,0.13155,2.94143,0.93223,-0.62086,44.94866,169.1169,309.8719,0.04942,-0.05093,-0.21183,0.2234,31.22452
13.5971,3.05047,1.24715,-0.79907,22.92771,160.2615,349.9414,0.01048,-0.17224,-0.23998,0.29558,30.45699,3.00485,0.80737,-0.51648,51.5998,346.6422,182.4341,-0.00004,-0.00004,-0.00005,0.00007,0.03289,2.94162,0.93155,-0.62524,45.13958,169.9493,311.7324,0.01968,-0.0486,-0.20285,0.20952,47.46265
13.61933,3.0508,1.2442,-0.80419,23.05496,160.3602,350.1502,0.01519,-0.14901,-0.2413,0.284,11.64814,3.00485,0.80737,-0.51648,51.5998,346.6422,182.4341,-0.00001,-0.00001,-0.00001,0.00002,0.00822,2.94191,0.92922,-0.62956,45.52732,170.1418,312.6538,0.01429,-0.09234,-0.19835,0.21925,37.3008
13.64155,3.05167,1.24271,-0.809,22.81263,160.1405,350.4191,0.03826,-0.0647,-0.21402,0.22683,21.1832,3.00485,0.80737,-0.51648,51.5998,346.6422,182.4341,0,0,0,0,0.00206,2.94179,0.92603,-0.63335,46.05685,169.2782,311.2522,0.00694,-0.12719,-0.17948,0.22009,29.68538
13.66377,3.05275,1.24082,-0.81379,22.96388,159.8025,350.4172,0.04447,-0.0873,-0.21884,0.23977,13.73672,3.00485,0.80737,-0.51648,51.5998,346.6422,182.4341,0,0,0,0,0.00051,2.94228,0.92377,-0.63629,46.14362,167.7277,308.9537,0.01546,-0.10472,-0.14456,0.17917,56.0356
13.686,3.05414,1.24036,-0.8172,23.28009,159.4706,350.4257,0.05382,-0.04756,-0.17756,0.19154,17.93964,3.00485,0.80737,-0.51648,51.5998,346.6422,182.4341,0,0,0,0,0.00013,2.94223,0.922,-0.63968,46.47788,167.6902,308.923,-0.00317,-0.0815,-0.14921,0.17005,17.62848
13.70822,3.05525,1.24028,-0.82031,23.36529,158.8345,350.7841,0.05186,-0.00508,-0.14039,0.14975,35.60172,3.00485,0.80737,-0.51648,51.5998,346.6422,182.4341,0,0,0,0,0.00003,2.94215,0.92037,-0.64329,46.98722,167.7601,309.1119,-0.00715,-0.07019,-0.15712,0.17223,23.71068
13.73045,3.05606,1.23939,-0.82335,23.82298,158.2381,350.6743,0.04025,-0.03209,-0.13704,0.14639,31.48608,3.00485,0.80737,-0.51648,51.5998,346.6422,182.4341,0,0,0,0,0.00001,2.94241,0.91928,-0.64668,47.32492,167.4368,309.0248,0.00845,-0.05387,-0.15337,0.16277,18.63787
13.75267,3.05649,1.23972,-0.825,24.23643,157.6384,350.2198,0.02589,0.01605,-0.08878,0.09386,37.53667,3.00485,0.80737,-0.51648,51.5998,346.6422,182.4341,0,0,0,0,0,2.94308,0.9201,-0.64954,47.25113,166.6093,308.6234,0.0289,0.04429,-0.1261,0.13674,27.15357
13.77489,3.05627,1.24023,-0.82723,24.22171,157.4875,350.0632,-0.00824,0.03336,-0.08634,0.09292,12.62218,3.00485,0.80737,-0.51648,51.5998,346.6422,182.4341,0,0,0,0,0,2.94305,0.92149,-0.65229,47.1001,166.2994,308.8607,0.00098,0.06639,-0.12063,0.1377,22.21624
13.79713,3.05601,1.24063,-0.8287,24.28348,157.2964,349.9949,-0.0102,0.02364,-0.06788,0.07261,8.17129,3.00485,0.80737,-0.51648,51.5998,346.6422,182.4341,0,0,0,0,0,2.94254,0.92272,-0.65431,47.11582,166.0468,308.8471,-0.01558,0.06094,-0.09678,0.11542,15.83962
13.81936,3.05558,1.24153,-0.83033,23.93152,157.282,350.1029,-0.02026,0.04278,-0.06883,0.08353,14.99535,3.00485,0.80737,-0.51648,51.5998,346.6422,182.4341,0,0,0,0,0,2.94239,0.92466,-0.65615,46.79255,165.9172,309.6118,-0.00827,0.0863,-0.08218,0.11946,37.69933
13.84159,3.05509,1.24236,-0.83216,23.60731,157.4621,350.2138,-0.02454,0.04221,-0.0746,0.08916,16.5462,3.00485,0.80737,-0.51648,51.5998,346.6422,182.4341,0,0,0,0,0,2.9417,0.92599,-0.65774,46.6601,165.8583,310.1471,-0.0236,0.06071,-0.07924,0.10257,27.00914
13.86383,3.05492,1.24217,-0.83357,23.66357,157.4339,350.2459,-0.01103,0.0009,-0.06291,0.06387,1.6829,3.00485,0.80737,-0.51648,51.5998,346.6422,182.4341,0,0,0,0,0,2.9405,0.92684,-0.65916,46.54073,165.6088,309.8999,-0.04568,0.04202,-0.06707,0.09138,10.63844
13.88605,3.05509,1.24123,-0.83454,23.8577,157.2583,350.3071,0.00454,-0.03978,-0.03734,0.05475,11.21192,3.00485,0.80737,-0.51648,51.5998,346.6422,182.4341,0,0,0,0,0,2.93819,0.9264,-0.66039,46.83588,165.6815,309.1411,-0.10882,-0.01592,-0.05075,0.12113,39.0537
13.90828,3.05532,1.24039,-0.83613,23.91913,157.1126,350.4287,0.00874,-0.03757,-0.06412,0.07483,9.68313,3.00485,0.80737,-0.51648,51.5998,346.6422,182.4341,0,0,0,0,0,2.93606,0.92602,-0.66189,46.97373,166.1509,309.1386,-0.09669,-0.01801,-0.06223,0.11639,24.65815
13.93052,3.05574,1.2393,-0.83777,24.06541,157.0323,350.4471,0.01509,-0.0452,-0.0724,0.08668,7.65188,3.00485,0.80737,-0.51648,51.5998,346.6422,182.4341,0,0,0,0,0,2.9353,0.92568,-0.66289,46.71994,165.8462,308.807,-0.04598,-0.01408,-0.0488,0.06851,12.09829
13.95275,3.0561,1.23805,-0.83944,24.2805,156.926,350.3236,0.01439,-0.05194,-0.07537,0.09265,10.02021,3.00485,0.80737,-0.51648,51.5998,346.6422,182.4341,0,0,0,0,0,2.93512,0.92486,-0.66382,46.71404,165.6845,308.8023,-0.01517,-0.03642,-0.04304,0.05839,5.18226
13.97498,3.05652,1.23664,-0.84087,24.58704,156.6086,350.3296,0.01948,-0.05893,-0.06556,0.09028,17.28068,3.00485,0.80737,-0.51648,51.5998,346.6422,182.4341,0,0,0,0,0,2.93502,0.92317,-0.66501,47.27259,165.9141,309.2726,-0.00698,-0.07125,-0.05084,0.08781,25.50511
13.9972,3.05698,1.23589,-0.84234,24.75425,156.4428,350.3288,0.01962,-0.03908,-0.06542,0.07869,11.52845,3.00485,0.80737,-0.51648,51.5998,346.6422,182.4341,0,0,0,0,0,2.93451,0.92203,-0.6664,47.65638,166.4022,309.8896,-0.02024,-0.05131,-0.05881,0.08063,21.41944
14.01944,3.05776,1.23548,-0.84382,25.01779,156.2403,350.2943,0.0299,-0.02651,-0.06578,0.07696,14.29886,3.00485,0.80737,-0.51648,51.5998,346.6422,182.4341,0,0,0,0,0,2.93453,0.92045,-0.66779,48.17292,166.6605,309.864,-0.00667,-0.06127,-0.06054,0.08639,21.90614
14.04168,3.05851,1.23457,-0.84511,25.3532,156.1521,350.2225,0.03162,-0.03675,-0.062,0.0787,14.14036,3.00485,0.80737,-0.51648,51.5998,346.6422,182.4341,0,0,0,0,0,2.93562,0.92106,-0.66916,48.02628,165.9742,309.8563,0.027,0.00726,-0.06251,0.06848,18.47634
14.06392,3.05889,1.23404,-0.84662,25.31862,156.3015,350.4409,0.02016,-0.02677,-0.06654,0.0745,7.19607,3.00485,0.80737,-0.51648,51.5998,346.6422,182.4341,0,0,0,0,0,2.93578,0.92206,-0.6705,47.80468,165.9987,310.3344,0.00937,0.02982,-0.05997,0.06762,17.05499
14.08615,3.05933,1.2337,-0.84786,25.2604,156.3348,350.7967,0.0218,-0.01741,-0.05651,0.06302,13.0157,3.00485,0.80737,-0.51648,51.5998,346.6422,182.4341,0,0,0,0,0,2.93509,0.92237,-0.67153,47.93072,166.0379,310.0618,-0.02076,0.01744,-0.05102,0.05777,5.79513
14.10839,3.05995,1.23317,-0.84908,25.34116,156.2513,350.8343,0.02484,-0.02311,-0.05676,0.06613,6.92272,3.00485,0.80737,-0.51648,51.5998,346.6422,182.4341,0,0,0,0,0,2.93466,0.92263,-0.67266,47.91178,165.9828,309.9547,-0.01746,0.01115,-0.05187,0.05585,2.49384
14.13061,3.06081,1.23242,-0.84996,25.50249,156.2579,350.6525,0.04494,-0.03934,-0.05367,0.0803,10.40743,3.00485,0.80737,-0.51648,51.5998,346.6422,182.4341,0,0,0,0,0,2.93421,0.92246,-0.67299,47.90786,165.6557,309.5593,-0.02208,-0.00543,-0.01375,0.02657,13.00841
14.15284,3.06141,1.23148,-0.85101,25.62451,156.2446,350.8212,0.03199,-0.04329,-0.047,0.07146,7.96805,3.00485,0.80737,-0.51648,51.5998,346.6422,182.4341,0,0,0,0,0,2.93367,0.92196,-0.67335,48.0475,165.7534,309.6133,-0.02531,-0.02037,-0.01306,0.03502,5.67228
14.17505,3.06225,1.23065,-0.85185,25.73266,156.1086,350.8659,0.03435,-0.0374,-0.04348,0.06685,7.84895,3.00485,0.80737,-0.51648,51.5998,346.6422,182.4341,0,0,0,0,0,2.93308,0.92117,-0.6737,48.37931,166.3716,310.5208,-0.02864,-0.02992,-0.01597,0.04439,23.00102
14.19728,3.0635,1.23016,-0.85264,25.7007,155.8923,350.8575,0.04885,-0.02665,-0.03919,0.06806,8.40548,3.00485,0.80737,-0.51648,51.5998,346.6422,182.4341,0,0,0,0,0,2.93214,0.9202,-0.67397,48.75479,166.9845,310.868,-0.03777,-0.04142,-0.0126,0.05746,22.94616
14.21951,3.06448,1.22945,-0.85348,25.75164,155.7857,350.9113,0.04478,-0.03173,-0.03761,0.06653,6.63154,3.00485,0.80737,-0.51648,51.5998,346.6422,182.4341,0,0,0,0,0,2.93206,0.91933,-0.67417,48.85119,166.7247,310.1902,-0.01334,-0.03806,-0.01133,0.04189,17.57325
14.24171,3.06527,1.22867,-0.85428,25.81844,155.7255,351.0143,0.03744,-0.03371,-0.0365,0.06221,7.10938,3.00485,0.80737,-0.51648,51.5998,346.6422,182.4341,0,0,0,0,0,2.93206,0.91865,-0.6746,48.94791,166.7401,309.9211,-0.00393,-0.03156,-0.01752,0.03631,13.36341
14.26392,3.0658,1.22807,-0.85528,25.80316,155.675,351.0503,0.02726,-0.02843,-0.04366,0.0588,4.44859,3.00485,0.80737,-0.51648,51.5998,346.6422,182.4341,0,0,0,0,0,2.93351,0.9182,-0.67505,49.02256,166.3974,310.0036,0.04409,-0.02312,-0.02121,0.05411,10.55226
14.28612,3.06638,1.2275,-0.8563,25.94927,155.631,350.9024,0.02624,-0.02617,-0.04526,0.0585,7.51693,3.00485,0.80737,-0.51648,51.5998,346.6422,182.4341,0,0,0,0,0,2.93431,0.91768,-0.67564,49.16654,166.4212,310.045,0.03879,-0.02268,-0.02548,0.05165,6.6466
14.30834,3.06682,1.22679,-0.85707,26.33604,155.6826,350.6684,0.01998,-0.03108,-0.03597,0.05156,18.08317,3.00485,0.80737,-0.51648,51.5998,346.6422,182.4341,0,0,0,0,0,2.93545,0.9175,-0.67647,49.14119,166.5334,310.2522,0.04794,-0.01204,-0.03478,0.06044,4.95766
14.33056,3.06719,1.22632,-0.85766,26.53382,155.7077,350.6518,0.01723,-0.02158,-0.0269,0.03855,9.85118,3.00485,0.80737,-0.51648,51.5998,346.6422,182.4341,0,0,0,0,0,2.93684,0.91754,-0.67721,49.13063,166.3642,310.1426,0.06355,0.00253,-0.03466,0.07244,5.08485
14.35278,3.06791,1.22647,-0.85821,26.38775,155.6596,350.5954,0.02844,0.00123,-0.02569,0.03834,3.93734,3.00485,0.80737,-0.51648,51.5998,346.6422,182.4341,0,0,0,0,0,2.93806,0.91786,-0.67798,49.05791,166.2782,310.1096,0.05764,0.01338,-0.03482,0.06866,4.16442
14.37497,3.06862,1.22671,-0.85864,26.30849,155.6272,350.4144,0.03096,0.00572,-0.0213,0.03801,6.93004,3.00485,0.80737,-0.51648,51.5998,346.6422,182.4341,0,0,0,0,0,2.93923,0.91838,-0.67866,48.91263,166.1567,309.9561,0.05247,0.01816,-0.03156,0.06387,6.12069
14.39718,3.06939,1.22751,-0.85829,26.14183,155.6088,350.4734,0.03434,0.02563,0.00475,0.04311,6.64405,3.00485,0.80737,-0.51648,51.5998,346.6422,182.4341,0,0,0,0,0,2.94051,0.9193,-0.67944,48.54839,165.8035,309.316,0.05468,0.03003,-0.03329,0.07071,19.13873
14.41938,3.07013,1.2284,-0.85802,25.92627,155.5383,350.6561,0.03356,0.03312,0.00773,0.04778,10.68417,3.00485,0.80737,-0.51648,51.5998,346.6422,182.4341,0,0,0,0,0,2.94129,0.91956,-0.68013,48.54152,165.9615,309.1762,0.04121,0.017,-0.03191,0.05483,10.75499
14.4416,3.07082,1.22928,-0.85753,25.9542,155.6633,350.7782,0.03033,0.03684,0.01746,0.05081,4.94253,3.00485,0.80737,-0.51648,51.5998,346.6422,182.4341,0,0,0,0,0,2.94239,0.92032,-0.68073,48.2626,166.1968,309.495,0.04746,0.02954,-0.0276,0.06235,11.50816
