time_s,head_pos_x,head_pos_y,head_pos_z,head_rot_x,head_rot_y,head_rot_z,head_vel_x,head_vel_y,head_vel_z,head_speed,head_spin_deg_s,left_pos_x,left_pos_y,left_pos_z,left_rot_x,left_rot_y,left_rot_z,left_vel_x,left_vel_y,left_vel_z,left_speed,left_spin_deg_s,right_pos_x,right_pos_y,right_pos_z,right_rot_x,right_rot_y,right_rot_z,right_vel_x,right_vel_y,right_vel_z,right_speed,right_spin_deg_s
0,0,1.1176,0,0,0,0,0,0,0,0,0,0,1.1176,0,0,0,0,0,0,0,0,0,0,1.1176,0,0,0,0,0,0,0,0,0
0.02,0,0.15001,0,0,0,0,0,-27.94001,0,27.94001,0,0,0.15001,0,0,0,0,0,-27.94001,0,27.94001,0,0,0.15001,0,0,0,0,0,-27.94001,0,27.94001,0
0.04947,-0.25159,1.70406,-0.30438,358.8411,1.04803,4.77906,-4.26865,12.63952,-5.1643,14.30555,85.47632,0,0.1357,0,0,0,0,0,-13.97001,0,13.97001,0,0,0.1357,0,0,0,0,0,-13.97001,0,13.97001,0
0.07169,-0.25189,1.68866,-0.30487,358.6671,0.73113,4.60513,-2.14094,6.325,-2.59322,7.16338,39.20966,0,0.12007,0,0,0,0,0,-6.985,0,6.985,0,0,0.12007,0,0,0,0,0,-6.985,0,6.985,0
0.11614,-0.25026,1.63752,-0.30545,359.2104,1.2928,4.58516,-1.05213,3.15678,-1.30309,3.57355,19.50674,0,0.06944,0,0,0,0,0,-3.4925,0,3.4925,0,0,0.06944,0,0,0,0,0,-3.4925,0,3.4925,0
0.14947,-0.25071,1.63627,-0.30557,359.7397,0.69683,4.6524,-0.27333,0.76124,-0.32854,0.873,17.49863,-0.50235,0.79427,-0.37096,60.15105,301.8727,301.7901,-11.30601,15.44012,-8.34899,20.87891,1746.631,-0.24126,1.5766,-0.22218,312.668,4.91466,254.0521,-5.4299,33.04742,-5.0005,33.86179,2503.697
0.17169,-0.25115,1.63605,-0.30529,359.7524,0.39268,4.64415,-0.1464,0.37547,-0.15797,0.43286,14.31228,-0.50101,0.79372,-0.37518,60.32247,301.4271,301.5073,-5.623,7.70777,-4.26947,10.45257,878.4544,-0.24406,1.57862,-0.22351,312.5139,2.57548,254.4529,-2.7779,16.56932,-2.53023,16.99003,1265.073
0.20503,-0.2521,1.63596,-0.3052,359.8563,0.05609,4.86472,-0.05796,0.09193,-0.03748,0.11496,12.71423,-0.49821,0.79257,-0.38273,60.82621,300.857,300.9426,-1.34268,1.90096,-1.23721,2.63574,229.1446,-0.23692,1.57765,-0.22911,312.2186,6.58769,249.3853,-0.53376,4.12044,-0.75855,4.22354,384.6029
0.23836,-0.25367,1.6349,-0.30572,0.39909,359.5473,4.81312,-0.04992,-0.00083,-0.02098,0.05415,19.32905,-0.49611,0.79158,-0.39009,61.25378,299.9616,300.1402,-0.28848,0.45317,-0.47488,0.71701,69.63167,-0.22988,1.57999,-0.23822,309.5053,12.52554,244.0583,0.02484,1.08283,-0.39454,1.15274,185.9451
0.29391,-0.25372,1.63557,-0.30746,0.14854,359.6906,5.20568,-0.01095,0.01824,-0.03086,0.03748,11.22663,-0.49383,0.78958,-0.40258,61.86356,298.3874,298.6715,-0.04224,0.08536,-0.29327,0.30835,30.56143,-0.23867,1.57324,-0.22662,315.1648,9.43962,245.0609,-0.12755,0.12941,0.11855,0.21695,102.145
0.31613,-0.254,1.63551,-0.30882,0.25092,359.6059,4.51849,-0.01578,0.00566,-0.04861,0.05142,21.9545,-0.49453,0.7886,-0.40729,62.02436,297.4233,298.3338,-0.03144,-0.01246,-0.23109,0.23355,26.89136,-0.24856,1.58002,-0.22709,311.9211,1.5609,251.247,-0.29866,0.15608,0.0387,0.3392,156.5815
0.33834,-0.25435,1.63617,-0.30937,359.803,359.2295,4.70405,-0.01572,0.01774,-0.03676,0.04374,16.71206,-0.49479,0.78758,-0.41171,62.15972,296.5888,297.6306,-0.02173,-0.02914,-0.21521,0.21825,22.2598,-0.24929,1.57743,-0.22653,313.1739,0.52109,251.2492,-0.16585,0.01977,0.03193,0.17005,92.71393
0.37175,-0.25524,1.63804,-0.31028,358.6059,358.8357,5.02586,-0.02394,0.0465,-0.0296,0.06009,32.27011,-0.49558,0.78636,-0.41795,62.3359,295.326,296.6198,-0.02304,-0.03482,-0.19373,0.19818,19.49336,-0.2458,1.58193,-0.23751,308.0707,3.88713,248.2635,0.03704,0.10585,-0.23871,0.26374,112.4568
0.40501,-0.25651,1.63788,-0.31214,358.7194,358.6487,4.63691,-0.03448,0.00794,-0.04938,0.06074,11.42677,-0.49611,0.78558,-0.42366,62.58852,294.1762,295.6384,-0.01788,-0.02619,-0.17733,0.18014,18.08929,-0.24778,1.57916,-0.23305,310.3438,3.87473,248.24,-0.03548,-0.03601,0.04098,0.06508,25.46412
0.43835,-0.25777,1.63639,-0.31376,359.4674,358.1022,4.753,-0.03698,-0.03155,-0.04865,0.06877,21.02967,-0.49625,0.78468,-0.42785,62.72739,293.5807,294.71,-0.00759,-0.02688,-0.13861,0.1414,14.21315,-0.25083,1.5823,-0.2315,309.1527,1.98131,249.4448,-0.07732,0.06175,0.04507,0.10873,33.37442
0.47168,-0.25967,1.63691,-0.31475,359.1252,357.1104,4.08391,-0.05201,0.00394,-0.0346,0.0626,30.2284,-0.49764,0.78427,-0.43024,62.66343,293.2699,294.5946,-0.03313,-0.01578,-0.08825,0.09558,5.98852,-0.24949,1.57858,-0.22823,313.3367,1.32977,251.6333,0.01077,-0.06845,0.08486,0.10955,97.66808
0.505,-0.26128,1.63817,-0.31594,358.496,356.3114,3.17632,-0.04933,0.02925,-0.0353,0.06734,37.86736,-0.49947,0.78448,-0.43086,62.48844,293.3461,294.9426,-0.04936,0.00075,-0.03609,0.06115,7.81912,-0.24696,1.57632,-0.22918,312.5559,4.64611,249.809,0.0595,-0.06784,-0.00012,0.09023,52.45148
0.52722,-0.26189,1.63816,-0.3172,358.5084,356.2195,3.01266,-0.03437,0.00728,-0.04912,0.06039,16.10182,-0.50076,0.78524,-0.42989,62.34616,293.5975,295.4969,-0.05494,0.02581,0.02435,0.0654,13.86971,-0.24633,1.58136,-0.23474,308.5416,4.68537,248.5191,0.00923,0.15624,-0.19214,0.24782,138.1131
0.54944,-0.26263,1.63813,-0.31797,358.527,355.9339,2.92446,-0.03399,0.00315,-0.04194,0.05408,14.22788,-0.50157,0.78546,-0.42999,62.27638,293.6462,295.6358,-0.04585,0.0178,0.00986,0.05016,9.60622,-0.24835,1.58395,-0.23813,306.9587,2.82261,248.8894,-0.04085,0.13636,-0.17255,0.22368,115.7278
0.58278,-0.26358,1.63788,-0.31885,358.605,355.5406,3.10023,-0.02985,-0.00493,-0.03015,0.04272,11.97689,-0.50158,0.78531,-0.42929,62.29527,294.0579,295.549,-0.01166,0.00118,0.01816,0.02162,9.54673,-0.25054,1.58723,-0.24268,306.9538,3.18353,248.8099,-0.05949,0.10806,-0.14532,0.19062,26.41771
0.61611,-0.26367,1.63676,-0.31965,359.3362,355.5371,3.82028,-0.00955,-0.02645,-0.02566,0.03807,23.86033,-0.5022,0.78531,-0.42769,62.20406,294.5608,295.5573,-0.01684,0.00023,0.04072,0.04406,13.7093,-0.25107,1.58744,-0.24223,308.1447,2.95038,248.8815,-0.02669,0.03174,-0.02632,0.04912,21.34022
0.64944,-0.26411,1.63507,-0.32087,0.24188,355.6862,3.78739,-0.01228,-0.04472,-0.03376,0.05736,24.95999,-0.50387,0.78614,-0.42386,61.81017,295.2311,296.2454,-0.04176,0.01861,0.09629,0.1066,12.85742,-0.25517,1.59071,-0.24754,305.4562,358.9537,251.098,-0.09893,0.08146,-0.12598,0.17971,81.23906
0.67166,-0.26474,1.63562,-0.32091,359.7747,355.6384,3.48812,-0.02168,0.00489,-0.01127,0.02492,10.51716,-0.50472,0.78687,-0.42005,61.58022,296.0898,297.2583,-0.03681,0.02837,0.14828,0.15539,19.86212,-0.25804,1.59163,-0.25006,306.0439,0.25022,248.2724,-0.08989,0.05057,-0.12502,0.16207,56.18286
0.69387,-0.26492,1.6355,-0.32144,359.7449,355.7503,3.48516,-0.01477,-0.00029,-0.01759,0.02297,6.55605,-0.50564,0.78744,-0.41732,61.3557,296.7092,297.8582,-0.03911,0.02698,0.13548,0.14357,18.24947,-0.25769,1.59292,-0.25249,304.6579,1.23541,247.5053,-0.03717,0.05418,-0.1172,0.13436,49.54845
0.7272,-0.2647,1.63552,-0.32256,359.866,356.1113,3.36227,0.00118,0.00024,-0.02959,0.02962,9.63127,-0.50724,0.78881,-0.41303,60.91579,297.6259,298.9703,-0.04575,0.03765,0.13051,0.14333,20.1126,-0.25774,1.5955,-0.25635,302.9565,2.2036,246.0707,-0.01038,0.07165,-0.11622,0.13692,54.44443
0.74943,-0.26464,1.6353,-0.32376,359.9233,356.2644,2.81997,0.00206,-0.00974,-0.05157,0.05252,23.03182,-0.5076,0.78982,-0.40962,60.64669,298.5489,299.9358,-0.02327,0.04029,0.13977,0.14731,20.90337,-0.26249,1.59683,-0.25958,303.0087,358.0502,247.8504,-0.16343,0.05921,-0.10735,0.2043,93.7884
0.77165,-0.26551,1.63506,-0.32463,359.9087,355.9567,2.16625,-0.01834,-0.01028,-0.04554,0.05016,25.96808,-0.50748,0.79033,-0.40725,60.5764,299.3395,300.3802,-0.00884,0.03152,0.1232,0.12748,18.88856,-0.26671,1.59765,-0.25977,303.9012,354.2497,250.3245,-0.17658,0.04812,-0.05788,0.19196,95.04425
0.80499,-0.26717,1.6345,-0.3252,0.13713,355.0382,1.67476,-0.04193,-0.01509,-0.02406,0.05065,28.27295,-0.50728,0.79078,-0.40412,60.51974,300.3146,301.0108,0.00224,0.01804,0.10134,0.10296,16.39981,-0.27262,1.59811,-0.26068,304.0506,354.8962,250.3625,-0.17708,0.02229,-0.03497,0.18188,14.25133
0.83832,-0.2689,1.63309,-0.32592,0.96264,354.218,1.44711,-0.04954,-0.03564,-0.02232,0.06498,32.40728,-0.50774,0.79105,-0.40158,60.31791,300.872,301.3234,-0.00983,0.01072,0.08233,0.08361,12.47906,-0.27487,1.59984,-0.26395,302.5446,354.0295,250.4245,-0.09509,0.0446,-0.08232,0.13345,37.88588
0.86054,-0.27041,1.63304,-0.32605,0.7503,353.5469,1.53033,-0.06265,-0.00478,-0.00919,0.0635,28.13198,-0.50843,0.79102,-0.40059,60.26146,301.0054,301.5334,-0.02707,0.0026,0.05318,0.05974,6.06265,-0.27961,1.60128,-0.26708,302.0328,351.7987,251.588,-0.18108,0.06211,-0.12718,0.22983,57.43883
0.88276,-0.27151,1.63298,-0.32638,0.65733,353.2692,1.61075,-0.05611,-0.00364,-0.01197,0.05749,20.81037,-0.50921,0.79141,-0.39931,60.08092,301.2073,301.8418,-0.03108,0.00997,0.05526,0.06418,8.46674,-0.28207,1.60203,-0.26876,301.9054,350.56,252.2943,-0.1459,0.04799,-0.10153,0.18412,45.0899
0.91609,-0.27304,1.63201,-0.3272,1.0963,352.7977,1.54329,-0.04839,-0.02279,-0.02153,0.05766,17.81703,-0.51037,0.79193,-0.39797,59.83794,301.4196,302.47,-0.03398,0.01417,0.04398,0.05736,13.5217,-0.28491,1.60328,-0.27175,301.1033,350.9702,252.5695,-0.1004,0.04004,-0.09258,0.14232,24.00364
0.94942,-0.27423,1.63032,-0.32806,2.21998,352.6303,1.23378,-0.03876,-0.04366,-0.02472,0.0634,29.32425,-0.51054,0.79195,-0.39725,59.7812,301.8428,303.1604,-0.01238,0.00409,0.02719,0.03015,11.93056,-0.28692,1.60602,-0.27701,299.2136,349.9941,254.0394,-0.07042,0.07164,-0.14142,0.17347,52.11841
0.97165,-0.27516,1.62863,-0.32885,3.58305,352.6724,1.2194,-0.04337,-0.06981,-0.0339,0.0889,54.10986,-0.51004,0.79115,-0.39808,59.93118,301.9874,303.2773,0.0115,-0.02628,-0.02207,0.03619,6.00176,-0.28817,1.60602,-0.27824,300.4831,352.8517,255.0659,-0.04002,0.01342,-0.07418,0.08535,141.4035
0.99387,-0.27638,1.62735,-0.32939,4.446,352.4074,1.14262,-0.04925,-0.0636,-0.02904,0.08552,46.9675,-0.51002,0.79059,-0.39838,60.03979,302.0098,303.4385,0.00617,-0.02571,-0.01781,0.03188,6.77618,-0.28671,1.60638,-0.27939,300.329,355.0663,256.7611,0.01275,0.01493,-0.06309,0.06607,154.8823
1.02721,-0.27994,1.62589,-0.33,5.36803,351.3871,0.77809,-0.0924,-0.04883,-0.0211,0.10662,41.1836,-0.51022,0.7893,-0.39988,60.26109,301.7017,303.5201,-0.00296,-0.0355,-0.03817,0.05221,11.30953,-0.28218,1.60524,-0.28221,301.0714,359.8704,259.7156,0.10504,-0.0219,-0.07927,0.13341,208.1719
1.04943,-0.28485,1.62568,-0.33025,5.42769,350.0639,0.42587,-0.19274,-0.02321,-0.01675,0.19486,54.44132,-0.51138,0.78927,-0.40174,60.17928,301.0172,303.8367,-0.04207,-0.00342,-0.07098,0.08258,36.81765,-0.28396,1.59531,-0.27369,301.3706,354.4294,267.2488,-0.06623,-0.44127,0.39439,0.59552,174.3317
1.07165,-0.28878,1.6241,-0.33116,6.41025,348.8772,0.17741,-0.18465,-0.04703,-0.0287,0.19269,60.28154,-0.51198,0.789,-0.40288,60.13953,300.7386,304.3384,-0.03453,-0.00788,-0.06118,0.07069,35.34392,-0.28421,1.57995,-0.25388,304.3397,353.1353,272.271,-0.03867,-0.56611,0.64301,0.85758,192.0184
1.10499,-0.2949,1.62037,-0.33294,8.55528,346.8549,359.4713,-0.18384,-0.09576,-0.04734,0.21262,81.21693,-0.51165,0.78784,-0.40478,60.31921,300.9509,305.1062,-0.0012,-0.02798,-0.05804,0.06444,21.91667,-0.28228,1.56317,-0.23073,308.5567,353.662,279.5449,0.03366,-0.51907,0.68168,0.85747,243.9051
1.13832,-0.30005,1.61705,-0.33385,10.14954,345.25,358.5258,-0.16202,-0.09869,-0.03227,0.19243,72.97123,-0.51057,0.78564,-0.40774,60.67855,301.0102,305.1986,0.02395,-0.05661,-0.08119,0.10184,10.97435,-0.28075,1.54957,-0.21316,312.4858,356.9882,290.0665,0.04297,-0.43571,0.56573,0.71536,370.1694
1.16054,-0.30509,1.61439,-0.33259,11.34722,344.491,357.4814,-0.19199,-0.11253,0.02519,0.22395,71.7388,-0.51075,0.78309,-0.41164,60.99381,300.2763,305.2455,-0.00642,-0.08968,-0.13774,0.16449,31.46946,-0.30743,1.4971,-0.16976,316.4347,349.7915,304.474,-0.85562,-1.86895,1.57652,2.59046,413.1265
1.18276,-0.30756,1.61301,-0.3327,12.07968,343.8902,357.0636,-0.15139,-0.08743,0.01005,0.17511,57.86854,-0.51076,0.78186,-0.4135,61.14155,300.0751,305.4839,-0.00338,-0.07255,-0.1108,0.13249,25.81361,-0.31285,1.48537,-0.15846,318.9031,349.8736,310.4675,-0.54973,-1.19853,1.04259,1.68098,350.8688
1.20499,-0.30956,1.61056,-0.32995,13.08991,344.5982,357.127,-0.0916,-0.08551,0.09687,0.15839,40.20052,-0.51094,0.77998,-0.41768,61.32573,299.2713,305.976,0.00524,-0.07821,-0.16034,0.17848,43.4133,-0.32268,1.45125,-0.14026,326.1733,345.8428,323.7403,-0.41142,-1.37775,0.8554,1.67307,503.8416
1.22721,-0.31087,1.60949,-0.32803,13.46626,345.3604,357.2317,-0.07531,-0.06681,0.0916,0.13611,37.09273,-0.509,0.77791,-0.42171,62.52493,298.9887,306.5422,0.04628,-0.08558,-0.1708,0.19657,51.24356,-0.3222,1.42761,-0.125,331.7565,346.6248,330.1066,-0.19495,-1.22078,0.77122,1.45708,448.2409
1.24943,-0.31091,1.60755,-0.32608,14.42279,346.8189,357.4512,-0.01507,-0.08736,0.08797,0.12489,70.382,-0.5056,0.77532,-0.42562,63.90169,298.8577,306.9975,0.12382,-0.10694,-0.17177,0.23722,63.2344,-0.31028,1.4225,-0.13375,334.9178,346.1328,337.208,0.25714,-0.686,0.05016,0.73432,372.0069
1.27165,-0.31187,1.60524,-0.32474,15.62423,347.4219,357.5058,-0.02927,-0.09575,0.07422,0.12463,63.48927,-0.50374,0.77383,-0.42836,65.12426,298.8063,309.2478,0.10368,-0.0868,-0.14754,0.20013,87.44277,-0.31286,1.39833,-0.12609,337.0752,343.4828,345.9904,0.07036,-0.88693,0.19757,0.91139,368.2465
1.30499,-0.31157,1.60225,-0.3215,16.87233,349.0414,357.7068,-0.00056,-0.09124,0.09126,0.12904,60.88326,-0.4997,0.77432,-0.42856,67.30389,304.7568,320.5145,0.11692,-0.01079,-0.04132,0.12448,169.821,-0.31006,1.3541,-0.11047,346.8102,343.2828,356.2136,0.0806,-1.21678,0.4008,1.28363,402.9721
1.33832,-0.31069,1.59995,-0.31792,17.94146,350.8024,357.5324,0.01976,-0.07437,0.10356,0.12902,62.30644,-0.49617,0.77821,-0.42399,68.31448,318.498,342.7554,0.10855,0.08494,0.09244,0.16596,286.5081,-0.28626,1.31251,-0.10067,359.1221,345.0527,348.177,0.55561,-1.24016,0.32062,1.39625,355.2403
1.36054,-0.31072,1.5985,-0.31623,18.64325,351.4569,357.4504,-0.0002,-0.0647,0.07702,0.10059,45.69814,-0.49569,0.77799,-0.42296,69.14622,321.9633,349.1583,0.05607,0.01936,0.04742,0.07595,192.103,-0.27952,1.28706,-0.09722,4.72385,341.7536,344.6319,0.36712,-1.18334,0.23097,1.26033,295.7246
1.38276,-0.31028,1.59673,-0.31354,19.28913,352.1391,357.4763,0.00986,-0.07199,0.09903,0.12283,43.82351,-0.5012,0.77984,-0.42022,68.2591,320.1699,349.4039,-0.09613,0.05139,0.08536,0.13846,132.2639,-0.26675,1.26413,-0.09783,10.81628,343.9887,343.8795,0.47079,-1.10761,0.10171,1.2078,281.4703
1.40499,-0.30885,1.59643,-0.31087,19.27635,353.1789,357.7333,0.06679,-0.03168,0.1449,0.16267,52.60398,-0.50965,0.78451,-0.41363,65.96587,319.5835,350.1031,-0.25987,0.15187,0.22439,0.37543,100.9423,-0.25566,1.25212,-0.10317,15.13832,348.0245,344.5569,0.50134,-0.69875,-0.12136,0.86851,245.709
1.42721,-0.30813,1.5952,-0.30907,19.83752,354.0375,357.8307,0.04957,-0.0435,0.11292,0.13077,47.49917,-0.5119,0.78691,-0.40863,65.11066,322.4804,353.8554,-0.18055,0.12994,0.22462,0.31613,87.06124,-0.24592,1.24014,-0.10507,16.72968,349.179,341.882,0.46991,-0.619,-0.10344,0.78401,185.9991
1.44943,-0.30721,1.59399,-0.30795,20.42104,354.5864,358.0232,0.04443,-0.05167,0.06282,0.09269,35.16611,-0.51156,0.78741,-0.40031,64.66923,325.6219,353.2529,-0.03725,0.04259,0.32653,0.33139,128.3618,-0.23877,1.24054,-0.11024,13.84115,351.8107,340.2112,0.36896,-0.15761,-0.1973,0.4471,162.2546
1.47165,-0.30651,1.59313,-0.3064,20.71748,355.274,358.1555,0.03812,-0.04517,0.0661,0.08868,33.35471,-0.51244,0.78793,-0.39407,64.5897,327.6422,353.8683,-0.03836,0.03307,0.30382,0.30801,96.33448,-0.23272,1.23283,-0.11308,14.15903,354.107,341.779,0.32071,-0.25213,-0.16257,0.43915,118.9259
1.49387,-0.30508,1.5935,-0.30539,20.47296,355.9359,358.175,0.0602,0.00312,0.04613,0.0759,28.65834,-0.51424,0.79181,-0.38037,62.15778,330.6468,352.7944,-0.07779,0.1481,0.53379,0.55939,172.7234,-0.23689,1.23057,-0.11844,13.82361,351.3842,339.0883,-0.04624,-0.19086,-0.21232,0.28922,116.6745
1.5161,-0.3041,1.59293,-0.30448,20.77879,356.5208,358.1158,0.05204,-0.0114,0.04344,0.06874,28.22216,-0.51807,0.79675,-0.36824,59.2417,332.1965,352.9744,-0.12505,0.18518,0.53982,0.58424,152.7181,-0.23725,1.22353,-0.12243,14.79725,349.2849,333.6014,-0.03104,-0.25379,-0.19576,0.32202,178.8958
1.54943,-0.30252,1.59192,-0.30373,21.35974,357.4493,357.9728,0.04854,-0.02562,0.02769,0.06148,32.4683,-0.52464,0.80346,-0.35152,55.71599,332.7727,352.4349,-0.17917,0.19717,0.51114,0.57641,118.2623,-0.23369,1.20932,-0.12616,16.64392,349.9426,329.8712,0.07226,-0.38323,-0.13292,0.41201,135.3782
1.58277,-0.29906,1.59159,-0.30359,21.58157,359.4655,357.8582,0.09002,-0.01371,0.01021,0.09163,54.31849,-0.53353,0.81318,-0.32938,52.25043,333.1642,353.4333,-0.24481,0.26809,0.62578,0.72347,105.3602,-0.2339,1.18675,-0.12851,24.29883,348.6525,326.6442,0.01334,-0.60347,-0.0861,0.60972,208.7002
1.60499,-0.29638,1.59108,-0.3039,21.87462,1.20769,357.6708,0.11527,-0.0219,-0.00969,0.11773,77.42771,-0.53297,0.82165,-0.31138,51.75832,341.2176,2.8295,-0.03992,0.36134,0.76636,0.84822,191.2225,-0.23385,1.17789,-0.13113,23.94118,344.9113,316.903,0.01947,-0.45504,-0.10244,0.46683,334.5233
1.62721,-0.29452,1.59035,-0.30375,22.17187,2.48849,357.5204,0.09936,-0.02727,-0.00144,0.10305,69.67895,-0.53392,0.82918,-0.29611,49.86335,344.7939,5.05183,-0.04132,0.3501,0.72677,0.80775,154.1816,-0.23196,1.16639,-0.13298,24.98184,341.2561,306.6685,0.05226,-0.48637,-0.09284,0.4979,378.0182
1.66055,-0.29227,1.58933,-0.30376,22.48767,4.40603,357.4286,0.07553,-0.0298,-0.00063,0.0812,61.93262,-0.54008,0.84507,-0.26981,44.41049,343.6145,3.20319,-0.14896,0.44499,0.77352,0.90473,144.6817,-0.22256,1.15614,-0.13424,31.36178,348.0464,315.2214,0.22463,-0.35213,-0.05164,0.42086,182.4399
1.69389,-0.29086,1.58845,-0.30416,22.7653,5.97737,357.4966,0.05049,-0.02736,-0.00911,0.05814,50.78424,-0.54,0.86454,-0.24584,39.30507,347.5989,9.83122,-0.03536,0.54927,0.73247,0.91622,186.9231,-0.22224,1.16262,-0.13376,26.6065,346.6349,313.0475,0.06346,0.05781,-0.00203,0.08587,72.6861
1.71612,-0.29019,1.58779,-0.30477,23.05959,6.83405,357.7325,0.04043,-0.02851,-0.01831,0.05275,43.95007,-0.54021,0.87434,-0.23277,37.62696,349.759,13.72443,-0.02242,0.49516,0.66044,0.82576,166.8564,-0.21685,1.1655,-0.13357,24.66723,348.6353,313.7443,0.153,0.09366,0.00322,0.17942,88.34127
1.73835,-0.2892,1.58711,-0.30493,23.31964,7.80034,357.837,0.0425,-0.02958,-0.01283,0.05335,43.68948,-0.54083,0.88466,-0.21906,35.2996,351.2206,15.93373,-0.02515,0.47954,0.63853,0.79894,148.9225,-0.21297,1.16583,-0.13381,23.4688,349.9303,314.1489,0.16362,0.05437,-0.00363,0.17246,80.94246
1.76057,-0.28866,1.58645,-0.30539,23.56231,8.54133,357.9853,0.03325,-0.02947,-0.01662,0.04743,38.36427,-0.53921,0.89537,-0.20685,33.27987,352.093,16.36886,0.02392,0.48079,0.59387,0.76447,117.5766,-0.2095,1.17042,-0.13291,21.37513,351.1613,315.0709,0.15995,0.13037,0.01845,0.20717,93.69421
1.79391,-0.28742,1.58601,-0.30579,23.64955,9.85003,357.96,0.03622,-0.01742,-0.01309,0.04227,39.04158,-0.53669,0.91166,-0.19221,29.52161,354.178,20.03755,0.06245,0.48669,0.47791,0.68495,138.8559,-0.20292,1.17542,-0.13131,20.31194,352.2046,315.2493,0.18798,0.14509,0.04039,0.24087,55.64852
1.82725,-0.28535,1.58554,-0.30606,23.6997,11.58245,358.126,0.05565,-0.01486,-0.00952,0.05838,47.35664,-0.53049,0.92234,-0.18129,28.99878,356.0642,21.69877,0.1552,0.36198,0.36499,0.53697,71.0065,-0.19596,1.18628,-0.12854,15.2668,354.1705,322.3168,0.20363,0.28053,0.07261,0.35417,197.5391
1.84947,-0.28323,1.58485,-0.3066,23.72432,13.13125,358.5333,0.07561,-0.023,-0.01677,0.08079,55.71578,-0.52759,0.92988,-0.17394,27.94174,357.111,23.34041,0.14288,0.35063,0.34794,0.51422,75.67039,-0.19203,1.19153,-0.12729,12.54626,355.5915,328.2585,0.19017,0.25844,0.06426,0.32724,240.1111
1.88282,-0.27899,1.58374,-0.30771,23.90141,16.19172,358.827,0.11429,-0.03068,-0.02911,0.12186,80.4321,-0.51983,0.93999,-0.16761,25.23027,359.5075,25.23631,0.21017,0.31487,0.22941,0.44265,97.80966,-0.18166,1.19031,-0.12348,13.47392,0.6913,334.063,0.28076,0.0371,0.10191,0.30098,196.3561
1.90504,-0.27403,1.58348,-0.30829,23.83371,19.18343,359.1227,0.16863,-0.02114,-0.02778,0.1722,105.0758,-0.51625,0.94302,-0.16409,24.33445,0.27093,27.47221,0.18575,0.2258,0.19377,0.35076,92.38448,-0.17738,1.18763,-0.12158,15.10406,1.56425,334.7474,0.23667,-0.0419,0.09369,0.25796,120.8811
1.92728,-0.26989,1.58286,-0.30907,23.86118,21.66314,359.5649,0.17741,-0.02453,-0.03125,0.1818,104.9842,-0.51256,0.94673,-0.16053,23.37211,0.88217,28.78301,0.17563,0.19619,0.17702,0.31729,80.65234,-0.17416,1.18705,-0.12001,15.47989,2.42883,336.5184,0.19074,-0.03381,0.08208,0.21038,99.71851
1.94949,-0.26591,1.58206,-0.31017,23.99798,24.11457,359.9457,0.17828,-0.0303,-0.04044,0.1853,104.8509,-0.50817,0.94972,-0.15862,22.00523,2.11268,30.98636,0.18682,0.16549,0.13147,0.28208,96.00176,-0.16952,1.18787,-0.1191,15.05558,4.26754,338.8741,0.19988,0.00154,0.0615,0.20913,106.9914
1.97171,-0.26076,1.58135,-0.31209,24.19853,27.24261,0.05942,0.22105,-0.02934,-0.07533,0.23537,131.5421,-0.50165,0.94848,-0.15922,21.07089,4.01783,32.32698,0.26042,-0.00861,0.01765,0.26116,76.29109,-0.16508,1.19125,-0.11942,13.93332,6.04017,340.6217,0.18184,0.10852,0.00625,0.21185,102.2961
1.99391,-0.25643,1.58097,-0.31322,24.11345,29.84604,0.23695,0.20814,-0.02321,-0.06308,0.21872,122.8084,-0.49702,0.9485,-0.15752,20.90941,4.55459,32.09098,0.23442,-0.00397,0.04707,0.23913,47.79017,-0.16239,1.19298,-0.119,13.45123,6.87856,342.4731,0.15154,0.09324,0.01263,0.17837,92.92004
2.02728,-0.24943,1.58092,-0.31504,23.7847,33.79351,0.58771,0.20934,-0.00687,-0.05669,0.21699,116.756,-0.49191,0.94299,-0.15628,22.6496,3.63459,30.16316,0.17334,-0.12472,0.03973,0.21721,49.19807,-0.16061,1.19517,-0.11858,12.88276,7.01971,343.8109,0.07794,0.0727,0.01246,0.10731,53.84244
2.06062,-0.24347,1.58046,-0.31783,23.82678,37.50192,0.86967,0.18633,-0.01209,-0.07683,0.20191,110.1976,-0.48429,0.93415,-0.15816,26.07801,6.521,31.87463,0.21485,-0.23005,-0.03231,0.31642,102.6353,-0.15875,1.1949,-0.11818,13.42946,7.45935,345.4026,0.06145,0.01206,0.01224,0.06381,47.90329
2.08284,-0.23981,1.5801,-0.3197,23.87101,39.79795,1.12494,0.17544,-0.01418,-0.08063,0.1936,104.6935,-0.47755,0.93054,-0.15979,25.62237,11.69532,38.84314,0.25908,-0.19625,-0.05276,0.32927,176.2659,-0.15609,1.19583,-0.11868,13.3342,7.99891,344.5987,0.09041,0.02683,-0.00517,0.09445,18.80192
2.10507,-0.23678,1.57993,-0.32148,23.72278,41.38325,1.3659,0.14821,-0.0086,-0.07685,0.16717,78.13985,-0.47467,0.92716,-0.16042,23.54026,14.01663,44.45477,0.14862,-0.16929,-0.02943,0.22719,184.7926,-0.14963,1.19809,-0.12025,13.21633,10.09303,343.0896,0.22276,0.0831,-0.0508,0.24312,85.31787
2.12729,-0.2334,1.57984,-0.32283,23.47561,43.34882,1.35271,0.15013,-0.00633,-0.06891,0.16531,83.6446,-0.47282,0.92232,-0.16088,24.61102,14.13722,44.55033,0.11598,-0.19361,-0.0252,0.2271,90.54501,-0.14749,1.20084,-0.12092,12.21151,10.51735,344.0222,0.15953,0.10339,-0.04036,0.19434,50.10806
2.16063,-0.22867,1.57976,-0.32489,23.18472,46.18152,1.42125,0.14402,-0.00325,-0.06344,0.15741,84.3725,-0.47073,0.91558,-0.16286,25.47309,15.447,46.65549,0.07586,-0.20005,-0.05067,0.21987,68.94895,-0.14323,1.20501,-0.12232,9.94676,12.83027,349.4176,0.13576,0.11953,-0.04162,0.18561,138.3472
2.19397,-0.22451,1.57961,-0.32727,22.84682,48.98337,1.35504,0.12963,-0.00412,-0.06943,0.14711,85.16415,-0.46907,0.90861,-0.16262,27.75836,14.46768,45.04375,0.05649,-0.20669,-0.00733,0.2144,58.34361,-0.13571,1.20966,-0.12476,6.56967,16.63532,355.8218,0.20299,0.13446,-0.06525,0.25208,208.5536
2.2162,-0.22216,1.57979,-0.32909,22.71284,50.79349,1.79974,0.10954,0.00432,-0.07779,0.13442,76.38013,-0.47069,0.89573,-0.16592,35.37339,12.09282,38.3698,-0.05937,-0.47198,-0.1043,0.487,346.0628,-0.13102,1.207,-0.12609,7.73427,17.96738,357.2885,0.20179,-0.07446,-0.05763,0.22267,88.83463
2.23845,-0.22024,1.57963,-0.33082,22.55035,52.21105,1.96052,0.09101,-0.00279,-0.07761,0.11964,65.59155,-0.4715,0.89084,-0.16608,35.77187,9.91065,34.17775,-0.0364,-0.27007,-0.0276,0.2739,169.2004,-0.1284,1.20252,-0.12701,10.275,17.56172,355.4807,0.13926,-0.19804,-0.04434,0.24613,117.7555
2.26068,-0.21787,1.57973,-0.33245,22.30533,53.85234,1.96668,0.09885,0.0009,-0.07543,0.12435,69.96658,-0.46925,0.88636,-0.16697,35.43079,11.5812,35.93894,0.03226,-0.23585,-0.0339,0.24044,56.62623,-0.12513,1.19978,-0.12828,11.80399,18.16687,355.2,0.14307,-0.16074,-0.05073,0.22109,94.90406
2.29404,-0.21482,1.58034,-0.33491,21.78437,56.10201,1.99471,0.09338,0.0139,-0.07428,0.12012,69.11737,-0.46681,0.87625,-0.17107,37.61421,12.68843,34.77739,0.06297,-0.28638,-0.10069,0.31003,78.7537,-0.1204,1.1992,-0.13128,12.1142,18.85351,353.5406,0.14208,-0.05332,-0.08027,0.17168,59.53672
2.32739,-0.2127,1.58102,-0.33762,21.46455,58.1636,2.15752,0.07097,0.01884,-0.07943,0.10817,62.95072,-0.46057,0.86309,-0.17601,40.61072,16.80771,35.74662,0.15603,-0.36746,-0.13606,0.42176,122.0732,-0.11597,1.20051,-0.13532,11.74271,19.6476,352.4628,0.13514,0.01624,-0.11092,0.17558,45.65934
2.36074,-0.21117,1.58167,-0.33999,21.0982,59.65737,2.19606,0.05219,0.01928,-0.07306,0.09183,50.00316,-0.45632,0.85026,-0.1817,43.44487,17.85698,30.13927,0.13474,-0.38034,-0.16206,0.43483,179.8282,-0.11717,1.20215,-0.13836,11.60558,18.03334,351.6745,0.00681,0.04082,-0.09607,0.1046,36.41029
2.39409,-0.21024,1.58258,-0.3416,20.70251,60.51079,2.11115,0.03385,0.02522,-0.05462,0.06903,34.1441,-0.45005,0.83936,-0.18981,45.40038,22.14194,28.81545,0.17462,-0.34029,-0.22296,0.44272,169.3567,-0.11953,1.20374,-0.14087,11.20147,15.80595,350.4517,-0.05128,0.04614,-0.08045,0.10598,61.78988
2.42744,-0.20965,1.58338,-0.34286,20.3947,61.14693,1.76176,0.02185,0.02426,-0.04194,0.05315,28.03059,-0.44794,0.8282,-0.19712,47.78036,24.02351,27.50338,0.09099,-0.3361,-0.22012,0.41194,127.0722,-0.12031,1.20454,-0.143,11.02962,15.21994,351.2678,-0.03042,0.02955,-0.06796,0.08011,31.71456
2.44967,-0.20683,1.58394,-0.34411,20.05811,61.2735,1.52528,0.01047,0.02631,-0.02402,0.03713,21.03759,-0.44714,0.8225,-0.20135,48.69296,22.41949,23.71233,-0.03981,-0.2726,-0.16935,0.32339,123.3173,-0.11518,1.2075,-0.14572,9.78999,16.35372,351.474,0.08215,0.10938,-0.08103,0.15899,54.66643
2.4719,-0.20083,1.58441,-0.34666,19.79761,61.80972,1.46395,0.01897,0.0237,-0.03062,0.04312,23.6621,-0.44088,0.81519,-0.20748,50.66864,23.06973,21.27342,-0.00018,-0.30083,-0.18356,0.35241,139.2158,-0.10839,1.20952,-0.14889,9.0396,16.82948,351.9622,0.07275,0.10016,-0.07318,0.14381,48.21799
2.50525,-0.1676,1.58484,-0.35343,19.71329,62.29164,1.47286,0.01441,0.01557,-0.02447,0.03239,16.38339,-0.40967,0.80708,-0.21928,52.74145,23.33903,19.80257,-0.03581,-0.25758,-0.17592,0.31397,93.25806,-0.0736,1.21234,-0.15617,8.00359,17.4764,353.1917,0.06275,0.08853,-0.04659,0.11809,48.12838
2.5386,-0.1346,1.58465,-0.36014,19.84216,62.60384,1.37444,0.00892,-0.0005,-0.0168,0.01902,11.99471,-0.37925,0.80246,-0.22876,53.66216,22.79199,18.8712,-0.06166,-0.1682,-0.11698,0.21395,46.77188,-0.03709,1.21501,-0.16348,7.02329,18.63134,353.5052,0.10001,0.08216,-0.03581,0.13429,44.61975
2.56083,-0.11291,1.58394,-0.36416,20.21327,62.35836,1.23597,-0.00221,-0.02277,-0.00173,0.02294,13.11069,-0.35883,0.80128,-0.23395,53.96425,21.72073,16.92966,-0.05694,-0.0892,-0.0731,0.12862,53.43829,-0.01306,1.21638,-0.1675,6.69142,19.1972,353.5218,0.08994,0.06263,-0.00439,0.10969,27.2892
2.59417,-0.07986,1.58362,-0.36988,20.29128,62.10736,1.02522,0.0051,-0.01285,0.00581,0.01499,8.82161,-0.32649,0.79841,-0.24285,54.99337,21.21718,14.38494,-0.02442,-0.08687,-0.08337,0.12286,66.7031,0.02105,1.2184,-0.17289,6.14431,18.70943,352.4717,0.05219,0.06102,0.01269,0.08129,28.25347
2.62752,-0.04692,1.58387,-0.37608,20.24249,61.87629,0.85014,0.00686,0.00233,0.00949,0.01194,7.19129,-0.29373,0.79769,-0.25068,55.25853,21.12236,13.65394,-0.00461,-0.03807,-0.04946,0.06259,32.51016,0.05491,1.21974,-0.17861,5.84897,18.39951,352.1172,0.03908,0.0454,0.02193,0.06379,18.66698
2.66086,-0.01438,1.58409,-0.38275,20.20799,61.51592,0.73069,0.00023,0.00554,0.00961,0.0111,9.28039,-0.26028,0.79884,-0.25836,54.93571,21.02021,12.27588,0.01776,0.01653,-0.02794,0.037,36.77575,0.08981,1.22148,-0.18457,5.25558,18.83158,352.1378,0.06135,0.0506,0.02875,0.08456,18.14245
2.69421,0.01791,1.58437,-0.38913,20.14588,60.9264,0.67738,-0.00596,0.00772,0.02141,0.02353,15.17996,-0.22697,0.80015,-0.26605,54.56054,21.09197,11.05875,0.02143,0.0335,-0.01731,0.04338,38.97643,0.12467,1.22453,-0.19049,4.20768,19.65831,352.674,0.06726,0.08125,0.03651,0.11162,35.63663
2.72755,0.05013,1.58469,-0.39462,20.11178,60.20913,0.63552,-0.00971,0.0092,0.03994,0.04212,19.63354,-0.19425,0.80144,-0.27365,54.36893,21.6139,11.73971,0.00825,0.03743,-0.01743,0.04211,10.2931,0.15841,1.22838,-0.1958,2.96623,20.02163,353.1291,0.04272,0.10676,0.04764,0.12447,39.19954
2.74978,0.07151,1.58467,-0.39825,20.16015,59.75392,0.6087,-0.01464,0.00407,0.03563,0.03873,19.85023,-0.17298,0.80147,-0.27818,54.26499,21.25406,11.04501,-0.00789,0.01926,-0.01317,0.02463,12.33599,0.18001,1.23091,-0.19898,2.31855,19.72139,353.1962,0.01662,0.11032,0.04973,0.12215,32.97521
2.77202,0.09309,1.58467,-0.40196,20.14098,59.38206,0.54443,-0.01304,0.00215,0.02861,0.03151,17.87556,-0.15126,0.80138,-0.28291,54.24121,21.18128,10.51082,-0.00684,0.00774,-0.01865,0.02132,16.54462,0.20249,1.23312,-0.20235,1.68507,19.79053,353.3202,0.02273,0.10477,0.04326,0.11561,31.00544
2.79425,0.11488,1.58468,-0.40603,20.13939,59.31284,0.53242,-0.00751,0.00122,0.01645,0.01813,10.4218,-0.12956,0.8013,-0.28761,54.21705,21.109,9.97745,-0.0063,0.00195,-0.02142,0.02241,18.95243,0.22496,1.23532,-0.20571,1.05198,19.8582,353.4432,0.02564,0.10193,0.03979,0.11238,30.06791
2.81647,0.1361,1.58513,-0.40795,20.15882,58.29813,0.58517,-0.02098,0.0129,0.05741,0.06247,30.71381,-0.1094,0.80168,-0.29176,54.13234,20.23166,10.34545,-0.06159,0.0066,-0.01293,0.06328,35.21288,0.24444,1.24046,-0.20822,358.3611,20.36829,356.7722,-0.08016,0.18517,0.05635,0.2095,132.784
2.83867,0.15758,1.58518,-0.41105,20.19856,57.86107,0.64089,-0.01965,0.0076,0.04265,0.04757,25.69607,-0.08884,0.80144,-0.2959,54.13584,19.50616,10.07967,-0.06081,-0.00222,-0.01603,0.06293,29.07153,0.26485,1.24346,-0.21068,357.1366,20.03387,357.7295,-0.07315,0.16016,0.0565,0.18492,101.0063
2.86083,0.17897,1.5852,-0.41392,20.22918,57.36285,0.69583,-0.02138,0.00225,0.03483,0.04093,24.11639,-0.06868,0.801,-0.30033,54.22826,18.46155,9.57513,-0.07288,-0.0161,-0.03462,0.08228,29.65773,0.28428,1.24536,-0.21257,356.6642,19.32138,358.1053,-0.1027,0.09935,0.07016,0.15918,49.2803
2.88302,0.20051,1.5853,-0.41639,20.2317,56.84242,0.69288,-0.01947,0.00347,0.0367,0.04169,23.7371,-0.04781,0.8003,-0.30498,54.51236,18.01402,9.44148,-0.06026,-0.02382,-0.04707,0.08009,23.81598,0.3048,1.24743,-0.21474,356.1152,19.1305,358.486,-0.08317,0.09625,0.06103,0.14108,39.61969
2.90521,0.22213,1.58546,-0.4187,20.23161,56.35373,0.65071,-0.01761,0.00531,0.03697,0.04129,22.54451,-0.0263,0.79984,-0.30953,54.63777,17.92327,9.53233,-0.04056,-0.02242,-0.05529,0.07214,16.01234,0.32629,1.24939,-0.21698,355.556,19.43134,358.7535,-0.05242,0.09247,0.051,0.1179,31.78043
2.9274,0.24373,1.58563,-0.42102,20.19687,55.915,0.45975,-0.01775,0.00564,0.03103,0.03619,19.08785,-0.00368,0.79997,-0.31437,54.43437,18.65875,10.13756,0.0071,-0.00379,-0.07573,0.07616,11.38355,0.34893,1.25055,-0.21941,355.3032,20.2287,358.6577,0.00688,0.05824,0.03327,0.06743,28.18878
2.9496,0.2653,1.58568,-0.42324,20.22747,55.50482,0.46504,-0.01911,0.00388,0.02902,0.03496,18.62093,0.01781,0.79948,-0.3188,54.50042,18.43061,9.9443,-0.0085,-0.01293,-0.07418,0.07577,2.58754,0.37077,1.25144,-0.22131,355.0107,20.60538,359.0429,-0.00072,0.0492,0.03716,0.06166,27.1028
2.9718,0.2869,1.58567,-0.4253,20.23459,55.08054,0.48222,-0.0195,0.00176,0.02783,0.03403,18.93807,0.03975,0.79936,-0.32314,54.45217,18.19787,9.3447,-0.00647,-0.00922,-0.07518,0.07601,8.86016,0.39272,1.25158,-0.22278,355.1149,20.94928,359.4927,-0.00241,0.02782,0.04516,0.0531,24.84617
3.00511,0.31961,1.58568,-0.42832,20.28942,54.61251,0.65366,-0.01373,0.00071,0.02389,0.02757,16.99573,0.07208,0.7985,-0.32984,54.65273,17.97447,9.25186,-0.01884,-0.02159,-0.08457,0.08929,5.39599,0.42562,1.25195,-0.22497,355.1359,21.19384,359.589,-0.00521,0.01526,0.04712,0.0498,12.08953
3.02731,0.34153,1.58561,-0.43046,20.3376,54.45528,0.73398,-0.00934,-0.004,0.01434,0.01758,10.95546,0.09296,0.79782,-0.33408,54.83637,17.5247,9.40291,-0.04505,-0.02801,-0.08418,0.0995,23.88238,0.44934,1.25176,-0.22681,355.0209,22.35883,359.9309,0.07236,-0.00631,0.02901,0.07822,61.33865
3.04951,0.36333,1.58543,-0.43244,20.39677,54.19691,0.85481,-0.01114,-0.00602,0.01456,0.01929,12.82964,0.11405,0.79723,-0.33819,55.01175,17.10653,9.40272,-0.0449,-0.02733,-0.08252,0.09784,22.09734,0.47312,1.25191,-0.22853,354.9594,23.62053,0.56792,0.07436,0.00012,0.02776,0.07938,63.56475
3.07172,0.38513,1.58504,-0.43449,20.58499,53.99352,0.97922,-0.01261,-0.01421,0.01119,0.02205,14.53043,0.13493,0.79594,-0.34251,55.36299,16.69498,9.2825,-0.05323,-0.05222,-0.09089,0.11757,20.61268,0.49453,1.2538,-0.23027,354.2363,22.84112,359.6697,-0.01683,0.0769,0.02377,0.08223,50.89885
3.09394,0.40689,1.58491,-0.43655,20.71161,53.72198,1.00565,-0.01333,-0.01008,0.01574,0.02296,14.06245,0.15606,0.7952,-0.34698,55.50476,16.28414,8.99022,-0.04804,-0.04264,-0.08963,0.11027,16.1074,0.51526,1.25575,-0.232,353.2727,22.36334,0.16315,-0.03882,0.08227,0.02927,0.09556,43.9702
3.12727,0.43922,1.58467,-0.44184,20.8794,53.18187,1.00327,-0.01337,-0.00787,0.01943,0.02486,16.10877,0.18794,0.79449,-0.35622,55.81491,15.99738,8.90543,-0.03214,-0.02658,-0.09569,0.10438,12.47353,0.5463,1.25866,-0.23715,351.7411,22.26154,2.36665,-0.04871,0.08598,0.02605,0.1022,65.23216
3.14949,0.4605,1.58437,-0.44632,21.06083,52.74725,0.89206,-0.0165,-0.01218,0.01789,0.02722,18.9621,0.20861,0.79343,-0.36312,56.13151,15.60277,8.62823,-0.04095,-0.03813,-0.09024,0.10618,14.36927,0.56937,1.26215,-0.24243,350.357,23.49772,3.22739,0.03956,0.13974,-0.00659,0.14538,84.32424
3.17172,0.48146,1.58419,-0.45245,21.12966,52.37796,0.81001,-0.01494,-0.01012,0.01764,0.02524,17.36511,0.22918,0.79278,-0.37166,56.33533,15.51167,8.74711,-0.03558,-0.03364,-0.09056,0.10295,12.52955,0.5904,1.2646,-0.24876,349.3161,23.53326,4.02426,0.01481,0.12498,0.00091,0.12586,69.91413
3.20503,0.51236,1.58431,-0.46381,21.12703,51.9469,0.5718,-0.00828,0.0001,0.01681,0.01874,13.27123,0.25984,0.79207,-0.38633,56.48767,15.6682,8.93933,-0.01908,-0.02426,-0.08486,0.0903,6.48156,0.61898,1.26951,-0.2604,347.1453,22.10021,4.94784,-0.05325,0.14192,0.00628,0.15171,71.81583
3.22726,0.53301,1.58464,-0.47201,21.03907,51.81699,0.66653,-0.00045,0.01016,0.01099,0.01497,8.5165,0.27976,0.79162,-0.39597,56.50127,15.12842,8.11219,-0.02629,-0.01856,-0.06221,0.07004,14.34324,0.6401,1.27301,-0.26914,345.6788,22.74133,5.56974,0.01859,0.14479,-0.00968,0.1463,64.59791
3.24948,0.55322,1.58462,-0.4807,21.08454,51.6193,0.72529,-0.00354,0.00467,0.01017,0.01174,9.10614,0.29938,0.79118,-0.40622,56.59875,14.78759,7.85143,-0.02956,-0.0193,-0.06138,0.07081,10.75409,0.66217,1.27544,-0.27795,345.3846,23.54566,4.75079,0.04787,0.12711,-0.00284,0.13585,44.19407
3.27168,0.57346,1.58448,-0.48918,21.16984,51.43566,0.86324,-0.00622,-0.00094,0.00989,0.01172,10.59592,0.31907,0.79076,-0.41602,56.67554,14.66085,8.0003,-0.03165,-0.01911,-0.05566,0.06682,7.83127,0.68415,1.27748,-0.28615,345.4714,23.93018,3.46363,0.05877,0.10955,0.00966,0.12469,38.60096
3.2939,0.59378,1.5843,-0.49739,21.24112,51.25367,1.01793,-0.00561,-0.0054,0.01816,0.01976,11.65612,0.33865,0.79045,-0.42521,56.75479,14.48278,8.33179,-0.03621,-0.01588,-0.03312,0.05158,18.20227,0.7043,1.27869,-0.2938,345.9258,23.6467,3.60681,-0.00157,0.08308,0.02818,0.08774,3.79773
3.31613,0.61418,1.58432,-0.5055,21.21807,51.06987,0.99623,-0.00521,-0.00238,0.0194,0.02023,9.36657,0.35848,0.79013,-0.43452,56.73336,14.24372,8.19221,-0.03337,-0.01525,-0.03308,0.0494,11.26303,0.72417,1.28247,-0.30279,344.1533,23.66202,4.31363,-0.01491,0.12657,0.00459,0.12753,44.8245
3.34946,0.64466,1.58431,-0.51765,21.219,50.75373,0.99235,-0.00898,-0.00082,0.0177,0.01986,9.37698,0.38817,0.78961,-0.44748,56.70224,13.59488,7.63281,-0.03367,-0.01541,-0.01377,0.03951,9.50772,0.75419,1.28994,-0.31825,340.1476,24.27461,6.21555,-0.02169,0.19966,-0.0603,0.20969,113.5401
3.3828,0.67485,1.58404,-0.52952,21.39664,50.28486,1.10702,-0.01815,-0.00619,0.0184,0.02658,14.62558,0.41868,0.79033,-0.46008,56.58796,13.55833,8.12583,-0.01733,0.01218,-0.00593,0.02199,12.88254,0.78081,1.2948,-0.33201,337.6818,22.70449,8.67665,-0.10185,0.15932,-0.04374,0.19409,102.6656
3.41612,0.7055,1.58396,-0.54092,21.45713,49.82689,1.07661,-0.01359,-0.00333,0.01997,0.02438,13.72298,0.44924,0.79018,-0.47217,56.54776,13.12584,7.63771,-0.01547,-0.00033,-0.0015,0.01554,6.25812,0.81094,1.29998,-0.34574,335.5359,23.30579,9.56033,-0.04622,0.1563,-0.04788,0.16987,78.73387
3.44946,0.73611,1.58419,-0.55175,21.39994,49.39389,0.91093,-0.01834,0.00421,0.0216,0.02865,12.28125,0.48051,0.7904,-0.48367,56.57161,12.65912,7.06601,-0.00381,0.00505,0.00101,0.00641,8.3449,0.84203,1.30456,-0.35966,333.9757,23.20753,8.27765,-0.01563,0.14221,-0.06502,0.15715,55.99047
3.47167,0.75641,1.58429,-0.5589,21.36793,49.13208,0.90742,-0.02554,0.00375,0.01734,0.03109,11.58223,0.50156,0.79057,-0.49097,56.41387,12.51866,6.77049,0.0046,0.00646,0.00786,0.01117,9.57464,0.86203,1.30572,-0.36736,334.0393,22.31334,7.68098,-0.03957,0.07524,-0.02219,0.08786,51.03509
3.49389,0.77685,1.58436,-0.56596,21.40668,48.88958,0.97679,-0.02408,0.00365,0.01642,0.02937,11.85145,0.52256,0.7905,-0.49841,56.45081,12.53853,6.85236,0.00343,0.00159,0.00338,0.00507,3.19923,0.88196,1.30775,-0.37563,333.2617,21.60862,7.45049,-0.04254,0.08335,-0.0304,0.09839,49.47494
3.52721,0.80743,1.58451,-0.57666,21.39383,48.59002,1.01687,-0.02411,0.00427,0.01538,0.02892,10.08506,0.55551,0.79284,-0.50954,56.47414,12.84791,7.02467,0.03623,0.05309,0.00233,0.06431,4.23114,0.91352,1.31175,-0.38968,330.8046,21.89096,7.13707,-0.00655,0.11086,-0.07196,0.13233,62.55246
3.56053,0.83812,1.58454,-0.58722,21.3105,48.35695,1.02618,-0.02279,0.00166,0.01518,0.02743,8.07359,0.58691,0.7926,-0.52004,56.39768,12.55598,6.87158,0.00822,0.0079,0.01338,0.01758,3.34661,0.94536,1.31314,-0.40169,330.8001,20.5704,5.20203,0.0075,0.05889,-0.03913,0.0711,68.18328
3.59387,0.8689,1.58448,-0.5977,21.35495,48.03886,1.12842,-0.02087,-0.001,0.01627,0.02649,10.21772,0.61862,0.79461,-0.53044,56.269,12.09302,6.77039,0.00791,0.04715,0.01749,0.05091,9.83817,0.97903,1.31229,-0.41266,332.5072,18.90293,1.68571,0.05163,-0.00427,-0.00847,0.05249,123.7098
3.6272,0.89998,1.58449,-0.60768,21.40645,47.66834,1.1002,-0.01605,0.00001,0.02037,0.02594,10.67214,0.65026,0.79421,-0.5411,56.34364,12.04396,6.90807,0.00378,0.00275,0.00552,0.00723,6.15845,1.01182,1.31161,-0.42362,333.5261,17.38312,359.6823,0.04049,-0.01634,-0.00766,0.04433,102.3708
3.64941,0.92035,1.58452,-0.61437,21.39568,47.48024,1.04004,-0.02514,0.00157,0.02048,0.03246,8.43052,0.67265,0.79537,-0.54867,56.19855,12.31323,6.4472,0.0486,0.04366,-0.00992,0.06607,25.76159,1.0372,1.30922,-0.4308,334.82,18.69935,357.7791,0.15371,-0.09555,-0.00226,0.181,94.88723
3.67162,0.94079,1.58449,-0.62119,21.38927,47.30244,1.0586,-0.02558,0.00004,0.0187,0.03169,8.3435,0.6942,0.7954,-0.55589,56.08727,12.43221,6.26699,0.03631,0.0225,-0.0056,0.04308,19.77118,1.06096,1.30693,-0.43791,337.1747,18.64421,355.6682,0.13871,-0.09941,0.00093,0.17065,117.918
3.70495,0.97161,1.58432,-0.63111,21.48974,47.04847,1.19033,-0.02461,-0.00369,0.01729,0.0303,9.55975,0.72628,0.79541,-0.56641,56.08259,12.559,6.50273,0.01916,0.00573,-0.00227,0.02013,3.37673,1.09706,1.30698,-0.45001,337.9886,19.57251,352.0493,0.13514,-0.02367,-0.03633,0.14192,104.2885
3.72716,0.99235,1.58426,-0.63733,21.48258,46.83999,1.26688,-0.02094,-0.00344,0.02308,0.03135,9.79197,0.74783,0.79648,-0.57359,56.17626,12.7727,6.9144,0.01563,0.02696,-0.01176,0.03331,6.34179,1.12592,1.30861,-0.4572,336.2106,27.06126,356.0006,0.29559,0.02719,-0.03474,0.29886,310.326
3.74938,1.01305,1.58417,-0.64367,21.49678,46.73219,1.21575,-0.02081,-0.00361,0.02093,0.02973,6.79194,0.76879,0.79621,-0.58066,56.17598,12.65535,6.65447,0.00343,0.0074,-0.01283,0.0152,1.33198,1.14959,1.3043,-0.46144,340.0887,27.33708,357.4484,0.20433,-0.08354,0.03937,0.22423,194.9713
3.78271,1.04412,1.58395,-0.65317,21.60593,46.47224,1.20304,-0.02225,-0.00602,0.01417,0.02705,7.86517,0.80083,0.79735,-0.59093,56.08869,12.45952,6.38416,0.00556,0.02763,-0.01172,0.03053,4.02498,1.18072,1.30651,-0.47228,337.3471,26.21923,356.2263,0.03524,0.0289,-0.01141,0.04699,45.27214
3.81604,1.07555,1.58385,-0.66216,21.69348,46.12605,1.24293,-0.01691,-0.00376,0.01616,0.02369,10.34344,0.83263,0.79772,-0.60095,56.05542,12.7199,7.08886,-0.00167,0.01526,-0.01313,0.0202,10.72893,1.21424,1.305,-0.48047,338.1403,26.33123,355.8494,0.04465,-0.02665,0.02797,0.05904,11.80925
3.83827,1.09632,1.58395,-0.66805,21.62672,45.84196,1.12331,-0.02294,0.00463,0.02014,0.03087,12.65349,0.85368,0.79784,-0.60792,56.22824,12.40198,6.6133,-0.01084,0.01091,-0.02977,0.0335,13.47797,1.23762,1.30375,-0.48575,338.801,27.07087,355.8942,0.08017,-0.04754,0.04151,0.10203,34.88782
3.86049,1.11713,1.58395,-0.67378,21.64024,45.58729,1.07705,-0.02448,0.00245,0.01728,0.03006,11.57854,0.87491,0.79792,-0.6145,56.26298,12.10644,5.91941,-0.00878,0.00713,-0.02701,0.02928,16.60762,1.26052,1.30305,-0.49103,339.0461,27.55973,356.1539,0.07423,-0.03958,0.03782,0.09223,31.9176
3.89382,1.14839,1.58397,-0.68194,21.70952,45.14461,1.14719,-0.02636,0.00101,0.01747,0.03164,13.36979,0.90613,0.79702,-0.62423,56.44407,11.84426,4.94755,-0.02355,-0.01832,-0.02888,0.04152,21.74796,1.29312,1.30307,-0.49914,338.8284,27.1992,355.8383,0.02826,-0.00938,0.02399,0.03823,6.49103
3.91604,1.16919,1.58389,-0.68693,21.79687,44.7618,1.22685,-0.03157,-0.00256,0.02283,0.03905,18.03006,0.92705,0.79744,-0.62996,56.47564,12.00758,5.75954,-0.03051,0.01038,-0.01223,0.03447,21.90311,1.31535,1.30302,-0.50408,338.6864,27.1203,355.4107,0.03632,-0.00332,0.02523,0.04434,19.14415
3.93827,1.18994,1.58383,-0.69199,21.82974,44.4152,1.23719,-0.03325,-0.0028,0.02181,0.03986,16.88162,0.94749,0.79726,-0.63567,56.56071,11.80679,5.90813,-0.03954,0.00105,-0.0104,0.0409,18.40992,1.33795,1.30296,-0.50909,338.9273,27.24148,354.941,0.04226,-0.00304,0.02429,0.04884,19.32006
3.9716,1.22114,1.58375,-0.69922,21.8468,43.82698,1.063,-0.03416,-0.00244,0.02342,0.04149,16.29232,0.97823,0.79699,-0.64386,56.62736,11.18138,5.13165,-0.04618,-0.00571,-0.00625,0.04695,8.71728,1.37173,1.30286,-0.51613,339.3126,27.59883,354.4277,0.04275,-0.00303,0.02824,0.05133,18.30601
3.99383,1.24223,1.58371,-0.70368,21.84113,43.22475,0.98975,-0.02425,-0.00167,0.03142,0.03972,23.38678,0.99891,0.79697,-0.64922,56.64289,10.47988,3.81676,-0.04225,-0.00469,-0.00698,0.04308,27.29388,1.39288,1.30261,-0.52027,339.3285,27.38364,354.6689,-0.00192,-0.0058,0.03782,0.03831,4.9405
4.02717,1.27377,1.5836,-0.70999,21.90535,42.65195,0.90653,-0.02914,-0.00289,0.0265,0.03949,18.21166,1.0305,0.79712,-0.65645,56.62927,10.63442,4.1337,-0.03251,0.00219,-0.0039,0.03281,2.25539,1.4253,1.303,-0.52702,339.0323,27.44932,354.855,-0.00364,0.00745,0.01817,0.01997,7.53485
4.04938,1.29445,1.58333,-0.71424,22.11927,42.25158,0.8677,-0.04243,-0.00972,0.01851,0.0473,19.03402,1.05106,0.79791,-0.66055,56.55309,10.08251,4.08565,-0.05066,0.02517,0.01626,0.05886,16.09381,1.44613,1.30375,-0.53168,338.5316,27.50423,355.4763,-0.03477,0.02734,0.00361,0.04438,28.96107
4.0716,1.31538,1.58323,-0.71812,22.19651,41.83718,0.86127,-0.04039,-0.00706,0.02098,0.04606,18.81888,1.07157,0.79786,-0.66473,56.57959,9.62378,3.80048,-0.05396,0.01148,0.01313,0.05671,13.84801,1.46718,1.30434,-0.53593,338.1737,27.3731,355.6793,-0.03397,0.027,0.00529,0.04372,22.84787
4.10494,1.34701,1.58351,-0.72322,22.05954,41.16044,0.85979,-0.03516,0.00442,0.03215,0.04784,19.79125,1.10272,0.79827,-0.6705,56.42781,8.70755,2.79087,-0.04915,0.01201,0.01507,0.05279,15.22124,1.4983,1.3047,-0.5414,337.9303,26.8929,356.0462,-0.04483,0.01477,0.01982,0.05119,16.57622
4.12716,1.36796,1.58354,-0.72663,22.07988,40.78204,0.96833,-0.03996,0.00078,0.02763,0.04859,18.97732,1.12439,0.79892,-0.67438,56.30722,8.98069,3.33932,-0.02379,0.02013,0.00901,0.03244,9.91599,1.52026,1.30446,-0.54524,338.0701,27.21112,355.6918,-0.00148,-0.00266,0.00785,0.00842,13.0136
4.14939,1.38885,1.58331,-0.73007,22.19078,40.39862,0.97564,-0.04252,-0.00494,0.02312,0.04865,18.35586,1.14563,0.79892,-0.67818,56.31108,8.92118,3.33542,-0.02644,0.00998,0.00565,0.02882,5.91383,1.54223,1.30465,-0.54903,337.978,27.38078,355.2924,0.00097,0.00297,0.00534,0.00618,14.56773
4.17161,1.40982,1.58304,-0.73363,22.32558,40.04528,1.00111,-0.03942,-0.00926,0.01716,0.04398,17.39424,1.16705,0.79886,-0.68228,56.33579,8.64842,2.79792,-0.02134,0.00013,-0.00684,0.02241,10.11912,1.56409,1.30487,-0.55299,337.6978,27.63245,354.962,-0.00368,0.00653,0.00193,0.00774,16.59286
4.19383,1.43109,1.58294,-0.73693,22.40128,39.68013,1.00059,-0.03412,-0.00679,0.01826,0.03929,17.05539,1.18843,0.79873,-0.68608,56.34279,8.50838,2.6312,-0.02259,-0.00267,-0.00514,0.02332,6.9832,1.58565,1.30462,-0.55598,337.7172,27.51945,355.1219,-0.00954,-0.00232,0.0175,0.02007,5.44389
4.22716,1.46303,1.58284,-0.74158,22.41382,39.19387,0.8849,-0.03034,-0.0039,0.01903,0.03603,14.31908,1.2204,0.79859,-0.69149,56.30208,8.02487,2.33039,-0.0267,-0.00402,-0.00388,0.02728,7.20189,1.61799,1.3037,-0.55943,338.0122,27.20792,355.9336,-0.01535,-0.0212,0.04593,0.05286,16.99742
4.26049,1.49501,1.58277,-0.74605,22.4324,38.84006,0.81843,-0.02988,-0.00276,0.01501,0.03355,11.10751,1.25277,0.79868,-0.69668,56.23274,7.61007,2.32075,-0.02017,0.00103,-0.00668,0.02127,10.57916,1.65184,1.30311,-0.56355,338.4594,27.48277,355.5698,0.01618,-0.01863,0.02962,0.03855,12.40909
4.28271,1.51634,1.58261,-0.74885,22.51275,38.57641,0.74433,-0.02911,-0.00609,0.01881,0.03519,11.58842,1.27472,0.79836,-0.7003,56.21602,7.30879,1.95526,-0.00375,-0.01043,-0.01814,0.02126,8.25944,1.67422,1.30275,-0.56612,338.681,27.53691,355.4828,0.013,-0.01618,0.02906,0.03571,9.68361
4.30493,1.5377,1.58247,-0.7514,22.59357,38.27443,0.69974,-0.0294,-0.00605,0.02032,0.03625,12.51379,1.29688,0.79819,-0.70393,56.24926,7.13096,1.59845,0.00131,-0.009,-0.02232,0.0241,8.87828,1.69604,1.30263,-0.56864,338.6474,27.46809,355.7222,0.00215,-0.01059,0.02614,0.02828,5.75239
4.32715,1.55908,1.58232,-0.75414,22.66475,38.11504,0.78021,-0.02859,-0.00655,0.01494,0.03291,10.1705,1.31968,0.79773,-0.70818,56.34595,7.25888,1.04217,0.02763,-0.01983,-0.04588,0.05711,25.58846,1.718,1.30301,-0.57163,338.5187,27.48822,355.8243,0.00103,0.01263,0.00676,0.01436,5.16961
4.34937,1.58054,1.58218,-0.75689,22.73501,37.98786,0.86617,-0.02704,-0.00656,0.01143,0.03008,9.36297,1.34233,0.79696,-0.71229,56.50659,7.45619,0.65561,0.02788,-0.0271,-0.04971,0.06311,25.80416,1.7405,1.3036,-0.5747,338.3131,27.81535,355.9605,0.01112,0.01947,0.0001,0.02242,12.21519
4.3827,1.61278,1.58203,-0.76098,22.79724,37.7169,0.92374,-0.02535,-0.00554,0.01131,0.02831,9.1946,1.37561,0.79608,-0.71793,56.60575,7.29591,0.19865,0.01767,-0.02686,-0.04249,0.05328,17.85083,1.77452,1.30476,-0.57958,337.896,28.46486,356.2483,0.02034,0.02715,-0.00614,0.03448,19.64515
4.43825,1.66727,1.58181,-0.76727,22.88044,37.33353,1.06121,-0.00988,-0.0032,0.00843,0.01337,8.2537,1.43081,0.79475,-0.7264,56.78845,6.66058,359.4116,0.00364,-0.02543,-0.03329,0.04205,9.23644,1.83034,1.30612,-0.58615,337.5202,28.36939,356.703,0.01277,0.02735,0.00073,0.0302,13.53261
4.47156,1.69973,1.58151,-0.77109,23.03203,37.1291,1.16571,-0.01648,-0.00748,0.00442,0.01863,8.80929,1.46487,0.79411,-0.73164,57.02264,6.72807,359.0227,0.02303,-0.02077,-0.03795,0.049,13.20023,1.86466,1.30644,-0.59023,337.7502,28.4793,356.2426,0.03105,0.01396,-0.00343,0.03422,7.87701
4.49378,1.72132,1.58137,-0.77359,23.19709,36.87951,1.18437,-0.01963,-0.00516,0.00911,0.02225,12.28187,1.48782,0.79358,-0.73511,57.14594,6.85869,358.4267,0.03356,-0.0197,-0.03335,0.05125,26.6334,1.88772,1.30687,-0.5936,337.5929,28.71985,356.1538,0.03734,0.01598,-0.02122,0.04582,7.87525
4.516,1.74297,1.58126,-0.77572,23.2651,36.63702,1.20564,-0.0198,-0.00491,0.01085,0.02311,11.8765,1.51031,0.79323,-0.73804,57.21085,6.68656,357.8187,0.0258,-0.01782,-0.02846,0.04235,23.88408,1.91022,1.30717,-0.59628,337.4961,28.6498,356.2914,0.02779,0.01475,-0.01671,0.03562,5.7078
4.54933,1.77544,1.58103,-0.77906,23.34734,36.27684,1.13178,-0.02003,-0.00657,0.0067,0.02212,10.68498,1.54357,0.79249,-0.74221,57.44999,6.22844,356.7679,0.00913,-0.02121,-0.02168,0.03167,22.58526,1.94471,1.30722,-0.60041,337.2311,28.92234,356.4395,0.03743,0.00489,-0.01791,0.04179,11.38024
4.58266,1.80806,1.58087,-0.78249,23.44735,36.10502,1.0896,-0.01731,-0.00514,-0.00062,0.01807,6.84453,1.57683,0.79211,-0.74571,57.57653,6.04305,356.454,0.00446,-0.01373,-0.00928,0.01716,10.29452,1.97982,1.30717,-0.60444,337.154,29.57123,356.5475,0.05295,0.00004,-0.02024,0.05668,18.20609
4.61599,1.84128,1.58086,-0.78595,23.55918,35.85305,1.24029,-0.00319,-0.00141,-0.00444,0.00565,9.55626,1.61009,0.79131,-0.74933,57.74101,5.41836,354.7186,0.00326,-0.02136,-0.01015,0.02387,30.91619,2.01441,1.30684,-0.60791,337.3882,29.70898,356.4163,0.04547,-0.00747,-0.0097,0.04709,7.96765
4.63821,1.86332,1.5807,-0.78811,23.6262,35.70066,1.33391,-0.00453,-0.00574,-0.00459,0.00863,9.55409,1.63235,0.78994,-0.75234,58.28862,4.64966,352.1537,0.00474,-0.05246,-0.0362,0.06391,74.95396,2.0371,1.30665,-0.6099,337.4802,29.63855,356.4632,0.02987,-0.00733,-0.00068,0.03077,3.98717
4.66043,1.88519,1.58051,-0.79038,23.6983,35.54994,1.41644,-0.00769,-0.00717,-0.00546,0.01184,9.53243,1.65449,0.78881,-0.75522,58.71861,4.06708,350.4673,0.00281,-0.0515,-0.0347,0.06217,66.7135,2.0601,1.30647,-0.61231,337.4941,29.87767,356.3958,0.03473,-0.0078,-0.00647,0.03617,5.66987
4.69377,1.91782,1.58023,-0.79332,23.93314,35.15993,1.40117,-0.01521,-0.00807,-0.00432,0.01775,12.31897,1.68726,0.78724,-0.75878,59.08944,2.74008,347.0264,-0.0092,-0.04822,-0.02578,0.05545,71.28997,2.09382,1.3054,-0.6151,337.8576,29.84296,356.4126,0.02001,-0.02597,-0.00144,0.03281,8.73586
4.72711,1.95028,1.58001,-0.7957,24.09888,34.51182,1.32497,-0.02122,-0.00717,0.00662,0.02335,17.42792,1.72076,0.78595,-0.76277,59.27404,1.32425,341.9384,0.00363,-0.0412,-0.03482,0.05406,106.3441,2.12675,1.305,-0.61828,337.8096,29.65107,356.5743,-0.00173,-0.01558,-0.01053,0.01889,4.53035
4.74932,1.9718,1.58002,-0.7969,24.07158,33.96319,1.18342,-0.02778,-0.00117,0.01266,0.03055,21.36966,1.74413,0.78407,-0.76647,59.34916,0.54093,335.9302,0.04199,-0.07542,-0.08487,0.12105,208.9004,2.14877,1.3041,-0.61985,338.028,29.64056,356.8801,-0.00339,-0.03858,-0.00242,0.03881,14.17193
4.77155,1.99347,1.57991,-0.798,24.15843,33.50352,1.10556,-0.02572,-0.00302,0.00863,0.0273,20.51227,1.76738,0.78225,-0.76997,59.43293,359.7635,330.1938,0.04461,-0.07865,-0.09427,0.13062,218.8046,2.17097,1.30281,-0.62084,338.5239,29.6003,356.9785,-0.00157,-0.04836,0.00337,0.04851,17.62919
4.80488,2.02595,1.57981,-0.79928,24.2406,32.74527,1.15954,-0.02478,-0.003,0.00583,0.02564,22.66839,1.80225,0.77965,-0.77518,59.53022,359.1096,322.2732,0.04652,-0.0783,-0.1082,0.14143,220.3951,2.20337,1.30034,-0.62177,339.3564,29.16668,356.9486,-0.02068,-0.06759,0.01241,0.07176,24.78495
4.83821,2.05818,1.57934,-0.80021,24.51453,31.95456,1.28384,-0.03072,-0.01133,0.00278,0.03286,25.61736,1.83763,0.77897,-0.7784,59.45631,0.23577,319.6802,0.05802,-0.03489,-0.07716,0.10265,135.5416,2.23531,1.29825,-0.6228,339.6632,28.95133,358.0487,-0.03626,-0.06381,0.00212,0.07342,26.62597
4.87154,2.09034,1.57884,-0.8005,24.75111,31.20354,1.33996,-0.03383,-0.01397,0.00648,0.03717,24.65771,1.87142,0.77873,-0.77994,59.84199,0.37541,319.6019,0.0251,-0.01415,-0.04164,0.05064,39.43059,2.26825,1.29592,-0.62308,340.0616,29.06054,358.869,-0.01758,-0.06857,0.0067,0.07111,27.7146
4.89376,2.11184,1.57866,-0.80027,24.92241,30.67555,1.34279,-0.03248,-0.00861,0.02028,0.03925,24.55759,1.89235,0.7789,-0.77962,60.24945,359.2087,320.7455,-0.03894,0.00217,0.01109,0.04055,65.32879,2.29118,1.29422,-0.6234,340.3693,29.09842,358.2936,0.01913,-0.07725,0.00305,0.07964,18.67872
4.91599,2.13334,1.57839,-0.79983,25.11916,30.18033,1.30576,-0.03239,-0.01033,0.01797,0.03845,23.94285,1.91389,0.77924,-0.77903,60.18214,358.4298,321.0606,-0.03484,0.00871,0.01679,0.03965,56.059,2.31383,1.29198,-0.62287,341.1174,29.07194,358.3569,0.0191,-0.08893,0.01132,0.09166,25.23056
4.94932,2.16569,1.57794,-0.79898,25.37779,29.44609,1.40074,-0.03024,-0.01268,0.013,0.03527,24.41727,1.94657,0.78037,-0.77766,59.9451,357.5797,322.1666,-0.02335,0.02747,0.02451,0.0436,56.54153,2.34773,1.28947,-0.62215,341.7347,28.90868,358.2661,0.01776,-0.0788,0.00833,0.0812,20.8124
4.98265,2.1981,1.57757,-0.79789,25.58278,28.85568,1.50882,-0.02804,-0.01164,0.01247,0.03282,21.30507,1.98026,0.78034,-0.77792,59.98896,357.5783,322.3183,0.00248,0.00635,-0.01523,0.01669,17.46109,2.38207,1.28794,-0.62182,341.9423,29.17659,358.2217,0.02719,-0.0542,-0.00573,0.06091,10.86749
5.00487,2.2198,1.57717,-0.79689,25.94735,28.29083,1.54341,-0.02567,-0.01707,0.0106,0.0326,28.81525,2.0043,0.7805,-0.77882,59.86627,358.7511,322.4979,0.0641,0.01023,-0.05991,0.08833,29.12386,2.40406,1.28712,-0.62056,342.3095,28.72601,358.6494,-0.00032,-0.03873,0.01429,0.04128,21.54866
5.02709,2.24119,1.57673,-0.79557,26.25043,27.65682,1.57072,-0.03083,-0.01842,0.01091,0.03753,30.442,2.02775,0.78066,-0.77929,60.01804,359.4755,323.0127,0.06038,0.00885,-0.06453,0.08882,22.24532,2.42644,1.28647,-0.61943,342.5224,28.55622,358.8633,0.0039,-0.0341,0.00848,0.03536,17.78905
5.06042,2.27331,1.57642,-0.79287,26.37443,26.70555,1.59138,-0.0335,-0.01161,0.01748,0.03952,29.05439,2.06273,0.7812,-0.77916,59.89135,0.71075,324.1293,0.05345,0.01437,-0.05937,0.08117,18.67165,2.46038,1.28589,-0.61757,342.7751,28.52901,358.923,0.01607,-0.02146,-0.00226,0.02691,9.77366
5.09376,2.30553,1.57623,-0.7896,26.57717,25.85777,1.62596,-0.03131,-0.00711,0.02054,0.03812,27.22359,2.09657,0.78073,-0.7794,60.47326,1.31296,325.4125,0.02705,-0.00695,-0.07749,0.08237,23.57159,2.49386,1.28497,-0.6154,343.1012,28.26619,358.7902,0.00944,-0.02613,-0.00894,0.02919,12.11643
5.12709,2.33764,1.57579,-0.78584,26.99666,24.9061,1.6552,-0.03233,-0.01165,0.02044,0.03999,30.39582,2.12848,0.77946,-0.77911,60.938,359.8963,323.7077,-0.02215,-0.03034,-0.08215,0.09033,19.72333,2.52674,1.28344,-0.6125,343.4306,27.83368,359.4095,-0.00472,-0.04093,-0.00631,0.04168,17.83574
5.14931,2.35908,1.57538,-0.78315,27.21905,24.33522,1.70399,-0.0287,-0.01561,0.02181,0.03928,28.62025,2.14978,0.77876,-0.77856,61.20166,359.2487,323.0774,-0.02939,-0.03121,-0.07808,0.08907,18.23807,2.54975,1.28233,-0.61114,343.5663,27.99263,359.0999,0.0309,-0.0494,-0.02965,0.06537,11.35024
5.17153,2.38054,1.575,-0.7804,27.40582,23.7956,1.74254,-0.02884,-0.0164,0.02045,0.03897,27.55655,2.17171,0.77827,-0.77815,61.57922,359.0748,322.7485,-0.01834,-0.02659,-0.08218,0.0883,17.90392,2.57254,1.28082,-0.60915,344.0369,28.01056,358.9133,0.0311,-0.05859,-0.02236,0.07,16.79066
5.20486,2.41281,1.57423,-0.77564,27.83882,23.01895,1.76689,-0.02545,-0.02124,0.0207,0.03908,27.05104,2.20464,0.77767,-0.77676,62.0323,358.7849,321.708,-0.00799,-0.01999,-0.08076,0.08358,24.13893,2.60634,1.27886,-0.60591,344.4816,27.92974,358.8622,0.02396,-0.05884,-0.02443,0.06806,14.24276
5.23819,2.44522,1.57344,-0.77067,28.16582,22.35735,1.91481,-0.02081,-0.02322,0.02064,0.03739,24.97159,2.23817,0.77801,-0.77384,61.90665,359.2086,321.6425,0.00875,0.00266,-0.05071,0.05152,15.00688,2.64054,1.27766,-0.60296,344.3949,28.1418,359.1843,0.03188,-0.04157,-0.03592,0.06352,8.88446
5.27153,2.47765,1.5726,-0.76524,28.62714,21.8106,2.02983,-0.01755,-0.02465,0.01673,0.03458,23.33519,2.27161,0.77817,-0.77048,62.10682,359.6154,321.9062,0.01261,0.00408,-0.04781,0.04961,9.03202,2.67494,1.27594,-0.59882,344.9257,28.22709,358.9063,0.03987,-0.04906,-0.02636,0.06849,13.21624
5.29375,2.49955,1.572,-0.7619,28.99309,21.60324,2.06166,-0.00595,-0.02523,0.00473,0.02635,20.05477,2.29372,0.7785,-0.76771,62.16204,359.7003,321.7623,0.00904,0.01175,-0.03113,0.03448,11.4856,2.69805,1.27605,-0.59655,344.9014,28.41129,358.7532,0.04914,-0.00692,-0.04322,0.06581,8.7481
5.31597,2.52142,1.57162,-0.75824,29.24327,21.34609,2.07794,-0.00449,-0.02118,0.00595,0.02245,18.17903,2.31603,0.77871,-0.76498,62.18184,0.05312,321.788,0.01254,0.01076,-0.03309,0.03698,13.06167,2.72079,1.27574,-0.59382,344.9525,28.4682,358.8196,0.04254,-0.01028,-0.03896,0.05859,6.03358
5.3493,2.55446,1.57117,-0.7529,29.44209,21.05951,1.96477,0.00081,-0.01536,0.0086,0.01762,11.5539,2.34917,0.77874,-0.76076,62.28556,0.17941,321.5064,0.00757,0.00327,-0.02632,0.02758,12.40074,2.75535,1.27558,-0.5901,344.9552,28.77526,358.8156,0.0467,-0.00621,-0.03919,0.06128,8.31652
5.38264,2.58754,1.57063,-0.74763,29.69976,20.85292,1.85485,0.00361,-0.01594,0.00487,0.01706,9.86905,2.38226,0.77874,-0.75611,62.3803,0.3247,321.4251,0.00533,0.00076,-0.0178,0.01859,8.46405,2.78954,1.27483,-0.58581,345.2054,28.88124,359.0654,0.03999,-0.01837,-0.02911,0.05277,9.87349
5.40486,2.60979,1.57008,-0.74423,30.04334,20.76787,1.75577,0.01136,-0.02255,-0.00347,0.02549,14.24105,2.40541,0.77906,-0.75235,62.37175,1.57161,322.4971,0.04048,0.00845,-0.00237,0.04142,19.39498,2.81185,1.27418,-0.58259,345.3445,28.68196,359.1328,0.02639,-0.02695,-0.02031,0.04284,5.17828
5.42708,2.63195,1.56948,-0.74077,30.34187,20.61704,1.77114,0.01058,-0.02483,-0.00369,0.02724,14.52472,2.4277,0.77863,-0.74932,62.76442,1.72329,322.2275,0.0282,-0.00554,-0.01289,0.0315,18.23533,2.83443,1.27321,-0.57935,345.6269,28.608,359.2376,0.0276,-0.03518,-0.01721,0.04792,9.27062
5.46041,2.66497,1.56863,-0.73602,30.70533,20.42672,1.69435,0.00368,-0.02528,-0.0034,0.02578,12.6055,2.46035,0.7787,-0.74402,62.62997,1.00213,320.5133,-0.00031,0.00018,0.00647,0.00648,27.07374,2.86836,1.27186,-0.57517,345.9496,28.55619,359.1887,0.02854,-0.03931,-0.01967,0.05241,9.55122
5.48263,2.68725,1.56821,-0.73442,30.87277,20.38924,1.78424,0.00567,-0.01952,-0.00358,0.02064,9.39795,2.48224,0.77895,-0.7411,62.5298,0.55798,320.193,-0.01023,0.00706,0.04334,0.04508,9.13129,2.89067,1.27079,-0.5737,346.3102,28.3739,359.0705,0.00853,-0.04649,-0.01033,0.04838,17.91854
5.50486,2.70961,1.56787,-0.73324,31.07678,20.26325,1.84715,0.00665,-0.01752,-0.00191,0.01884,10.56466,2.50434,0.77935,-0.73907,62.4306,0.41312,320.172,-0.00703,0.0126,0.04068,0.04316,6.96599,2.91278,1.26975,-0.57261,346.6138,28.06358,359.1693,0.00245,-0.04659,-0.0073,0.04722,18.08259
5.53819,2.74302,1.56744,-0.73395,31.36944,19.91883,1.8571,0.00383,-0.01396,0.00039,0.01448,12.75596,2.53767,0.78024,-0.73807,62.3624,0.27953,320.5757,-0.00151,0.0233,0.04924,0.05449,12.7514,2.9462,1.26877,-0.57395,346.7725,28.03542,359.0874,0.00296,-0.03383,-0.01521,0.03721,8.28032
5.56042,2.76505,1.56714,-0.73569,31.46077,19.66055,1.72678,-0.00335,-0.01339,0.00153,0.01389,10.92298,2.56013,0.78079,-0.73885,62.24426,0.25589,320.3724,0.0117,0.02503,0.04557,0.05329,6.38621,2.9682,1.26833,-0.57589,346.9409,27.87981,359.1013,-0.00513,-0.02215,-0.00896,0.02444,10.06506
5.58264,2.78709,1.56691,-0.73783,31.55897,19.37243,1.6298,-0.00316,-0.01198,0.00193,0.01254,11.50637,2.58303,0.78165,-0.73986,61.93534,0.68674,320.5986,0.02359,0.03199,0.04946,0.06345,11.81082,2.99018,1.26793,-0.57825,347.1039,27.68504,359.0951,-0.00562,-0.02028,-0.00815,0.02257,10.75535
5.61597,2.82056,1.567,-0.74072,31.58949,19.06546,1.62562,0.00556,-0.00089,0.0061,0.0083,9.54775,2.61733,0.78288,-0.74109,61.41694,1.19504,321.0643,0.03097,0.03551,0.05539,0.07272,15.52384,3.02306,1.26829,-0.58184,346.8785,27.48532,359.0237,-0.00811,0.00305,-0.01216,0.01493,7.75206
5.63819,2.84294,1.56708,-0.74271,31.61068,18.99696,1.64942,0.00981,0.00214,0.00339,0.0106,4.66741,2.63989,0.78326,-0.7427,61.44086,1.16671,320.9267,0.0224,0.02162,0.02626,0.04073,4.93479,3.04488,1.26818,-0.58353,346.9786,27.20324,359.0985,-0.0121,-0.00726,0.01315,0.01928,12.27212
5.66042,2.86518,1.56688,-0.74464,31.68354,18.8247,1.63722,0.00734,-0.00346,0.00282,0.00859,6.37822,2.66275,0.78371,-0.74428,61.41188,1.4784,321.1086,0.02737,0.02112,0.02208,0.04102,6.03218,3.06647,1.26771,-0.58504,347.2533,26.73066,359.037,-0.01835,-0.01422,0.01713,0.02885,18.52881
5.69375,2.89834,1.56649,-0.74752,31.92045,18.40189,1.42887,0.00088,-0.00954,0.00426,0.01049,11.10868,2.6973,0.7842,-0.74698,61.33632,2.15297,321.8257,0.03749,0.01629,0.01315,0.04294,8.71288,3.09874,1.26823,-0.58803,347.0089,26.20995,358.874,-0.02549,0.00809,0.00531,0.02727,17.33188
5.72708,2.93152,1.56638,-0.74977,32.10023,17.99941,1.23071,-0.00104,-0.005,0.00751,0.00908,11.45244,2.73124,0.78477,-0.74935,61.17029,2.13974,321.4658,0.02515,0.01688,0.00731,0.03116,8.75632,3.13135,1.2682,-0.59006,347.0436,25.85558,359.1356,-0.02042,0.00126,0.01288,0.02418,11.84235
5.76042,2.96498,1.56653,-0.75196,32.07281,17.73955,1.09939,0.00452,0.00217,0.00609,0.00789,7.50558,2.76463,0.78502,-0.75165,61.20229,1.88132,321.4807,0.00935,0.00973,0.00356,0.01395,4.28294,3.16441,1.26883,-0.59252,346.9294,25.71636,358.6877,-0.00926,0.01456,0.00133,0.0173,12.09905
5.79376,2.9987,1.56703,-0.75461,31.88056,17.63105,0.94913,0.01275,0.01186,0.00779,0.01907,6.0571,2.79679,0.78464,-0.75484,61.28807,0.21931,320.6064,-0.02109,-0.00601,-0.00517,0.02253,23.33,3.19647,1.26876,-0.59448,346.9099,25.24063,358.7904,-0.02808,0.00199,0.02199,0.03572,12.25357
5.82709,3.03137,1.56707,-0.76215,31.97919,17.51237,0.85003,0.01165,0.00383,0.00394,0.01288,3.70078,2.82795,0.78468,-0.7624,61.19874,358.9056,320.7885,-0.03078,-0.00073,0.0001,0.03079,38.49135,3.22792,1.26869,-0.60168,346.8841,24.82866,358.5968,-0.02617,-0.00102,0.01503,0.0302,13.9867
5.86043,3.06255,1.56687,-0.77464,32.08102,17.38358,0.78406,0.0086,-0.00352,0.00036,0.0093,4.17698,2.85934,0.78629,-0.77473,60.52163,359.8725,323.2407,0.00287,0.03611,0.00316,0.03636,47.53847,3.25821,1.26845,-0.61379,346.914,24.60707,358.4042,-0.02054,-0.0056,0.01182,0.02435,10.69513
5.88265,3.08245,1.56673,-0.78493,32.1715,17.33212,0.79853,0.00851,-0.00485,-0.00064,0.00982,4.30766,2.87953,0.78682,-0.78505,59.97327,0.36489,323.7949,0.01203,0.03,0.00013,0.03233,33.29208,3.27731,1.26851,-0.62393,346.8707,24.37598,358.4097,-0.0243,-0.0014,0.00854,0.02579,10.16352
5.91599,3.10038,1.56664,-0.79663,32.25742,17.23428,0.70877,0.00926,-0.00328,0.00244,0.01012,3.19901,2.89626,0.78613,-0.79714,59.13783,359.0558,320.4665,-0.01696,-0.00808,-0.00615,0.01977,50.98285,3.29351,1.26862,-0.63541,346.8076,23.8629,358.6529,-0.03774,0.00206,0.00979,0.03904,13.68327
5.94933,3.10056,1.56657,-0.7967,32.32244,17.15263,0.68037,0.00642,-0.00234,-0.00099,0.0069,2.28669,2.89297,0.78618,-0.79674,58.7258,356.6267,319.6562,-0.07823,-0.00083,0.00753,0.0786,39.08986,3.29295,1.26893,-0.63528,346.6306,23.74771,358.6754,-0.02208,0.00747,0.0053,0.02391,7.35051
5.98267,3.10058,1.56654,-0.79671,32.32233,16.96072,0.64502,0.00193,-0.00124,-0.00049,0.00235,4.4055,2.89435,0.78496,-0.79972,59.79885,357.5148,319.7911,0.01158,-0.02765,-0.06532,0.07187,22.52939,3.29264,1.26884,-0.63474,346.6323,23.74597,358.8754,-0.01262,-0.00009,0.01347,0.01846,4.9276
6.01601,3.10075,1.56661,-0.79641,32.29791,16.70693,0.57347,0.00431,0.00124,0.00674,0.0081,6.15037,2.89396,0.78504,-0.79985,59.27202,357.1721,319.9654,-0.00589,-0.00515,-0.01909,0.02063,11.1404,3.29196,1.26846,-0.63387,346.7918,23.37467,358.7995,-0.01848,-0.00857,0.02289,0.03064,9.46625
6.04933,3.10072,1.56656,-0.79631,32.31446,16.56358,0.60658,0.00053,-0.00079,0.00384,0.00395,5.1175,2.89127,0.78472,-0.79963,58.65245,354.7021,317.6396,-0.06196,-0.00858,0.00001,0.06255,33.47119,3.29102,1.26789,-0.63277,346.9403,22.86333,358.9005,-0.02576,-0.01499,0.03055,0.04268,14.00675
6.08266,3.1006,1.56628,-0.79632,32.45841,16.44788,0.64217,-0.00258,-0.00653,0.00086,0.00707,5.4786,2.89015,0.78416,-0.80059,58.95235,353.9298,317.4026,-0.04075,-0.01456,-0.02145,0.04829,18.75101,3.29062,1.26771,-0.63224,346.947,22.73159,358.7889,-0.01542,-0.00783,0.01959,0.02613,7.20019
6.10488,3.10067,1.56616,-0.79603,32.56219,16.39055,0.68159,0.00153,-0.00507,0.01085,0.01208,5.46033,2.89113,0.78463,-0.80115,59.26344,355.1656,319.0469,0.01919,0.01196,-0.02277,0.03209,26.2371,3.29029,1.26798,-0.63202,346.786,22.61499,358.8967,-0.014,0.0064,0.01284,0.02005,7.42929
6.1271,3.10067,1.56603,-0.7959,32.58009,16.33808,0.69067,0.0007,-0.00558,0.00835,0.01007,3.96069,2.89074,0.78465,-0.80131,59.30227,354.9504,318.9293,0.00088,0.00628,-0.01502,0.0163,13.54287,3.29012,1.26792,-0.63163,346.8721,22.51283,358.9495,-0.01088,0.00169,0.01504,0.01864,5.28925
6.16043,3.1007,1.56602,-0.79555,32.57131,16.30151,0.74377,0.00092,-0.00152,0.00987,0.01003,2.4902,2.89073,0.78383,-0.8024,59.42849,354.8318,316.8181,0.00008,-0.01683,-0.02836,0.03298,42.67951,3.29021,1.26827,-0.63123,346.8259,22.52101,358.792,-0.0008,0.00834,0.0129,0.01539,3.34413
6.18265,3.10072,1.5661,-0.79525,32.5049,16.21794,0.7344,0.00108,0.00216,0.01282,0.01305,3.82032,2.89243,0.78317,-0.8042,60.2662,355.4839,316.0888,0.073,-0.0073,-0.05218,0.09002,53.70872,3.28994,1.26822,-0.63067,346.8794,22.27263,358.9114,-0.00957,0.00012,0.02147,0.02351,8.50772
6.20487,3.10073,1.5661,-0.79504,32.53857,16.09466,0.72202,0.00081,0.00121,0.01101,0.0111,4.38113,2.89335,0.78325,-0.80435,60.32301,356.424,317.0786,0.05724,-0.00171,-0.02944,0.06438,30.5121,3.28978,1.26831,-0.63031,346.8524,22.17232,358.9819,-0.00847,0.00191,0.01885,0.02075,6.58076
6.22709,3.10061,1.5661,-0.79488,32.56533,15.94949,0.68829,-0.00243,0.00058,0.00917,0.00951,5.14204,2.89363,0.7829,-0.80453,60.59236,356.3445,317.2747,0.03482,-0.00895,-0.01866,0.04051,15.65634,3.28975,1.26837,-0.62999,346.8578,22.11038,358.9631,-0.00496,0.00245,0.01658,0.01747,4.52349
6.24931,3.10027,1.56613,-0.79466,32.59661,15.61497,0.5302,-0.01221,0.00092,0.0097,0.01563,10.75909,2.89404,0.78403,-0.80387,60.27441,356.4518,317.6784,0.02329,0.04056,0.02133,0.0514,12.99431,3.28986,1.26849,-0.62982,346.8654,22.1268,358.8755,0.0021,0.00459,0.00972,0.01095,1.4219
6.27153,3.10669,1.56615,-0.79521,32.59975,15.40924,0.4217,-0.01152,0.00092,0.01018,0.0154,9.26489,2.90124,0.78416,-0.80463,60.1055,356.7494,317.4716,0.02384,0.02319,0.01147,0.03518,13.86804,3.29631,1.26853,-0.6303,346.8695,22.00839,358.8831,-0.00381,0.00329,0.012,0.01301,3.14758
6.29376,3.11307,1.56618,-0.7956,32.59149,15.17103,0.33659,-0.01201,0.00116,0.01348,0.01809,9.22506,2.90885,0.78374,-0.80548,60.26994,357.2428,317.5128,0.03324,0.00229,0.00361,0.03351,15.29242,3.30246,1.26851,-0.6307,346.9138,21.75844,358.9217,-0.01338,0.00117,0.01392,0.01934,7.10605
6.31597,3.13295,1.56618,-0.79516,32.61133,14.94396,0.21916,-0.01276,-0.0004,0.02206,0.02549,8.49628,2.9296,0.78404,-0.80554,60.58764,357.4237,318.2072,0.02909,0.00848,0.00284,0.03044,15.30602,3.32225,1.26851,-0.6307,346.9359,21.5974,358.9046,-0.01543,-0.00096,0.00826,0.01753,7.47632
6.33819,3.15489,1.56611,-0.79491,32.67443,14.75723,0.16012,-0.01257,-0.00161,0.01716,0.02134,8.05883,2.95224,0.78402,-0.80545,60.66576,357.5585,318.3537,0.02422,0.00383,0.00401,0.02485,9.78842,3.34409,1.26852,-0.6306,346.8991,21.44399,358.8392,-0.01623,-0.00029,0.00688,0.01763,7.58462
6.37153,3.18774,1.56587,-0.79415,32.7845,14.48763,0.11649,-0.01414,-0.00593,0.01369,0.02056,8.06425,2.98605,0.78427,-0.80422,60.5215,357.4888,318.1467,0.01664,0.00646,0.02105,0.0276,2.39281,3.3766,1.26817,-0.6298,346.9251,21.04068,358.9172,-0.02269,-0.00777,0.01212,0.02687,10.62932
6.39375,3.20969,1.56557,-0.79345,32.97357,14.29979,0.16705,-0.01133,-0.0121,0.01798,0.02445,11.86297,3.00885,0.78481,-0.80281,60.25716,357.724,318.3029,0.02784,0.01911,0.0408,0.05296,10.44866,3.39857,1.26721,-0.62887,347.2433,20.90596,358.9924,-0.01251,-0.03505,0.02361,0.04407,13.59348
6.41597,3.23161,1.56542,-0.7927,33.06413,14.13789,0.20577,-0.01214,-0.00943,0.01729,0.02313,10.5514,3.03169,0.78513,-0.80166,60.16802,358.0746,318.8417,0.02802,0.01689,0.03765,0.04988,10.22752,3.42045,1.26649,-0.62804,347.4987,20.76258,358.9803,-0.01386,-0.03374,0.02182,0.0425,13.35504
6.4493,3.26437,1.56531,-0.79135,33.07832,13.78415,0.23746,-0.01586,-0.00487,0.01434,0.02193,10.7523,3.06659,0.78597,-0.79989,60.09751,358.8337,319.5284,0.04231,0.02306,0.02866,0.05607,10.8283,3.45303,1.26577,-0.62676,347.6837,20.59769,358.933,-0.02005,-0.02474,0.01395,0.03477,9.02556
6.47151,3.28606,1.56539,-0.79019,33.00546,13.52793,0.22372,-0.02082,0.00058,0.01619,0.02638,10.95323,3.08886,0.78612,-0.79873,60.12128,358.5144,319.0678,0.01036,0.00796,0.0196,0.02355,5.1735,3.4735,1.26503,-0.62548,347.8082,19.92763,359.2321,-0.0633,-0.03243,0.0215,0.07431,25.07172
6.49373,3.30781,1.56528,-0.7887,33.06172,13.27839,0.15871,-0.02041,-0.00207,0.01672,0.02647,10.3446,3.11106,0.7863,-0.79702,60.04831,358.3176,318.8993,0.0054,0.00791,0.02342,0.0253,4.36697,3.49452,1.26417,-0.62392,347.996,19.50755,359.4967,-0.05824,-0.0356,0.02096,0.07141,23.31284
6.52706,3.34027,1.56503,-0.78621,33.21226,12.77705,0.15371,-0.02308,-0.00623,0.0139,0.02765,14.2218,3.14469,0.78647,-0.79434,60.03712,358.1565,318.6873,0.00954,0.00601,0.01985,0.02283,3.50639,3.5265,1.26282,-0.62128,348.3266,19.15183,359.6597,-0.04339,-0.03917,0.0183,0.06125,16.49177
6.54928,3.36164,1.56481,-0.78416,33.35088,12.30475,0.1,-0.03261,-0.00878,0.0093,0.03503,19.35919,3.16799,0.78669,-0.79235,59.9379,359.0068,319.1938,0.04149,0.0062,0.00589,0.04236,16.60075,3.54752,1.26142,-0.61889,348.8078,18.84929,359.4515,-0.05113,-0.0582,0.02177,0.08047,25.05553
6.5715,3.38303,1.56467,-0.78115,33.42212,11.9245,0.05435,-0.03112,-0.00758,0.01076,0.03379,17.8581,3.19062,0.78695,-0.78946,59.86957,359.2899,319.2835,0.03396,0.00894,0.00635,0.03569,13.17776,3.56793,1.25991,-0.61551,349.2421,18.30667,359.5721,-0.06249,-0.06302,0.02538,0.09231,27.3022
6.59373,3.40423,1.56443,-0.77757,33.52801,11.49435,359.9467,-0.03321,-0.00968,0.01499,0.0377,17.53447,3.21277,0.78725,-0.78623,59.76157,359.2387,319.2619,0.00766,0.00893,0.00088,0.0118,3.61183,3.58709,1.25744,-0.61132,349.8079,17.3947,0.1577,-0.11164,-0.09825,0.03622,0.15307,43.33332
6.61595,3.42545,1.56427,-0.77329,33.61399,11.11665,359.9142,-0.0313,-0.00846,0.01533,0.03586,17.07443,3.23454,0.78728,-0.78215,59.66471,358.9812,318.9954,0.00175,0.00527,0.00391,0.00679,5.37774,3.60722,1.25612,-0.60716,349.8964,16.97681,0.26428,-0.09508,-0.07883,0.02348,0.12572,30.58394
6.63818,3.44651,1.56415,-0.769,33.68324,10.71019,359.8897,-0.03441,-0.0067,0.01245,0.0372,17.861,3.25593,0.78714,-0.7785,59.79739,358.5032,318.8363,-0.01403,-0.00477,-0.01344,0.02001,13.18216,3.62769,1.25405,-0.60266,350.3337,16.73691,0.29477,-0.07063,-0.09468,0.02496,0.12073,26.15945
6.6604,3.46757,1.56399,-0.76449,33.76883,10.29865,359.8868,-0.03419,-0.00689,0.01223,0.03696,18.34131,3.27752,0.78711,-0.7745,59.86446,358.1436,318.7135,-0.0121,-0.00307,-0.0122,0.01745,12.63124,3.64793,1.25178,-0.59771,350.9703,16.33657,0.32777,-0.07066,-0.09851,0.02825,0.12448,29.87583
6.69373,3.49912,1.56357,-0.75818,33.99249,9.63087,359.8758,-0.037,-0.01116,0.01355,0.04095,20.27185,3.30955,0.78688,-0.76948,60.05616,357.3322,318.5134,-0.02075,-0.00595,-0.02166,0.03058,18.30301,3.67799,1.24848,-0.59087,351.9506,15.61402,0.13714,-0.07976,-0.09882,0.02961,0.1304,35.3856
6.72706,3.53104,1.563,-0.75758,34.33625,8.94047,359.9102,-0.03989,-0.01561,0.01671,0.04598,22.77161,3.34265,0.78701,-0.77082,60.16042,356.9726,318.1665,-0.00932,0.0015,-0.03575,0.03698,8.1752,3.70899,1.24717,-0.5905,351.9913,15.288,0.25103,-0.07118,-0.05428,0.01547,0.09084,14.67739
6.74929,3.55195,1.56276,-0.76172,34.43615,8.45565,359.8983,-0.03815,-0.0105,0.01544,0.04247,22.26848,3.36427,0.78723,-0.77628,60.13531,356.9868,318.6198,-0.00852,0.00724,-0.04483,0.04621,18.47948,3.72919,1.2467,-0.59446,352.1143,14.92906,0.2517,-0.07001,-0.02821,0.02112,0.07838,17.27537
6.7715,3.57237,1.56262,-0.76811,34.5163,8.00752,359.9088,-0.03624,-0.00853,0.01478,0.04006,21.5091,3.3851,0.78715,-0.784,60.29374,356.5604,318.528,-0.01214,0.00201,-0.0456,0.04724,16.98977,3.74889,1.24592,-0.60063,352.3668,14.56792,0.00548,-0.06843,-0.03154,0.02242,0.07861,20.02582
6.80483,3.60306,1.56233,-0.77815,34.69325,7.24811,359.9098,-0.03089,-0.00855,0.01174,0.03413,22.93191,3.41635,0.78708,-0.79634,60.4735,356.1928,318.5207,-0.01225,-0.00116,-0.05492,0.05628,13.22724,3.77851,1.24471,-0.60994,352.9679,14.07301,359.2576,-0.06307,-0.03522,0.03013,0.07826,29.7777
6.82705,3.62342,1.5621,-0.78541,34.90368,6.74621,359.789,-0.02994,-0.00857,0.00354,0.03134,21.72924,3.4365,0.78699,-0.80494,60.53985,355.5165,318.5259,-0.03378,-0.00287,-0.05787,0.06707,27.19512,3.79762,1.24382,-0.61632,353.3123,13.60612,359.1129,-0.07981,-0.03864,0.03734,0.09621,25.7783
6.84928,3.64366,1.56201,-0.79275,35.01413,6.26751,359.6932,-0.03083,-0.00645,0.00386,0.03173,20.82834,3.45667,0.78673,-0.8138,60.77984,354.7747,318.2545,-0.03428,-0.0073,-0.06118,0.07051,26.07608,3.81677,1.24296,-0.62314,353.5762,13.19564,359.0736,-0.08033,-0.03864,0.03243,0.09485,23.85143
6.8715,3.66401,1.56214,-0.79992,35.02513,5.80888,359.6234,-0.02748,0.00552,0.00514,0.02849,19.08557,3.47772,0.78626,-0.82308,60.82467,354.8406,317.7208,0.00151,-0.01929,-0.08971,0.09178,24.41151,3.83477,1.24267,-0.63002,353.3861,12.36435,359.7757,-0.12087,-0.01932,0.02259,0.12447,38.38993
6.89372,3.68441,1.56223,-0.80664,35.00319,5.30128,359.5514,-0.02874,0.00468,0.01045,0.03094,20.10216,3.49887,0.78606,-0.83181,60.90526,355.0428,317.8322,0.00263,-0.0142,-0.0821,0.08336,14.16881,3.85384,1.24212,-0.63661,353.4025,11.87458,359.8915,-0.10525,-0.02204,0.02232,0.10982,29.56747
6.92705,3.71505,1.56238,-0.81629,35.00401,4.4901,359.3454,-0.03133,0.00464,0.01645,0.03569,21.06143,3.5305,0.78598,-0.84489,61.29467,355.0551,318.2425,-0.00113,-0.00542,-0.08385,0.08403,10.98318,3.88327,1.23987,-0.64558,354.1623,11.21123,359.664,-0.07779,-0.05601,0.03452,0.10188,27.68023
6.96038,3.74635,1.5625,-0.82454,35.0652,3.76924,359.2529,-0.02978,0.00386,0.00525,0.03048,20.4094,3.56253,0.78569,-0.85585,61.40398,355.0526,317.6942,-0.00561,-0.00779,-0.08095,0.08151,11.91412,3.91304,1.23652,-0.65219,355.125,10.41479,359.5175,-0.07573,-0.08934,0.04665,0.12607,35.27898
6.9826,3.76773,1.5626,-0.82733,35.06117,3.19896,359.1983,-0.02932,0.00395,0.00437,0.0299,22.77406,3.5844,0.78578,-0.86006,61.49099,354.9359,317.3756,-0.01046,-0.00247,-0.06716,0.06801,11.39219,3.93341,1.23321,-0.65384,356.133,9.79743,359.1403,-0.07398,-0.13166,0.05115,0.15945,50.13095
7.00482,3.78942,1.56249,-0.8259,35.07248,2.7177,359.1408,-0.02578,-0.00052,0.00652,0.0266,21.52681,3.60644,0.78518,-0.8606,61.91273,354.7936,317.1203,-0.0086,-0.01459,-0.07335,0.07528,15.11086,3.95389,1.23056,-0.65165,356.8634,9.25943,358.8256,-0.07549,-0.12541,0.04698,0.15373,46.9034
7.03816,3.82083,1.5624,-0.81717,35.09024,1.96508,359.0537,-0.02459,-0.00224,0.00578,0.02536,21.27569,3.63885,0.78518,-0.85431,62.19764,355.0143,316.9995,0.00222,-0.00358,-0.0691,0.06922,13.14271,3.98321,1.22423,-0.64148,358.2894,8.40479,358.7265,-0.08401,-0.17373,0.04823,0.19891,48.8531
7.06038,3.84052,1.5623,-0.8089,35.18991,1.27058,358.9379,-0.03908,-0.00443,-0.0018,0.03937,28.30164,3.6585,0.7857,-0.84569,61.74548,354.2134,316.4662,-0.03813,0.01926,0.00265,0.0428,23.45582,4.00217,1.21845,-0.63216,359.4593,7.90959,358.4,-0.07514,-0.24285,0.04475,0.25812,55.79839
7.08259,3.85986,1.56217,-0.79973,35.26323,0.60739,358.8148,-0.04038,-0.00517,0.00112,0.04073,27.76357,3.67769,0.78608,-0.83665,61.45584,353.5894,316.4235,-0.04343,0.01817,0.0003,0.04708,24.87908,4.02071,1.21407,-0.62223,0.32376,7.42928,358.3243,-0.07659,-0.22005,0.0413,0.23663,50.02505
7.10481,3.87882,1.56177,-0.79001,35.37745,359.8642,358.6338,-0.04722,-0.01153,0.00882,0.0494,28.82814,3.69614,0.78692,-0.8267,60.97711,352.326,316.2941,-0.06012,0.02811,0.01377,0.06778,39.99622,4.0398,1.2092,-0.61221,1.07212,7.229,358.3594,-0.06235,-0.21954,0.03595,0.23104,42.00783
7.12703,3.8979,1.56161,-0.78044,35.4642,359.2026,358.5119,-0.04555,-0.00932,0.0043,0.0467,28.03465,3.71433,0.78772,-0.81655,60.38409,350.9883,315.7607,-0.07193,0.03201,0.01961,0.08113,44.26978,4.05873,1.20356,-0.6017,2.20405,6.90861,358.1797,-0.05638,-0.2367,0.03879,0.24639,47.65326
7.16037,3.92607,1.56134,-0.76508,35.59587,358.1741,358.3691,-0.04331,-0.00877,0.00106,0.0442,28.42945,3.74136,0.78882,-0.80057,59.6296,349.2695,315.2569,-0.07379,0.03248,0.01801,0.08261,44.76796,4.08632,1.1954,-0.58496,3.77745,6.36217,358.0905,-0.05746,-0.24076,0.039,0.25057,48.78534
7.18259,3.94476,1.561,-0.75483,35.81769,357.4519,358.2993,-0.04306,-0.01402,-0.00513,0.04558,31.29959,3.76018,0.79001,-0.7896,59.5105,348.8696,316.2789,-0.03749,0.04866,0.02307,0.06562,52.43827,4.10658,1.18856,-0.57384,4.99621,6.92925,358.431,0.01379,-0.28923,0.03192,0.29131,56.86359
7.20481,3.96352,1.56056,-0.74434,35.93657,356.7406,358.1559,-0.04079,-0.01685,-0.00119,0.04415,30.20252,3.77981,0.79047,-0.77942,59.4212,348.8812,316.37,-0.0186,0.03457,0.00563,0.03966,28.37189,4.12611,1.183,-0.56298,6.07091,7.03393,357.9748,0.00473,-0.26953,0.02541,0.27077,52.59285
7.23815,3.99184,1.55981,-0.72879,36.22408,355.7319,357.9347,-0.03855,-0.02116,0.0034,0.04411,28.70454,3.81067,0.79094,-0.76541,59.74723,349.7889,317.0582,0.02421,0.01922,-0.0292,0.04252,11.66836,4.15388,1.17289,-0.54715,8.0867,6.22718,357.0483,-0.03935,-0.29493,0.01669,0.29801,63.38545
7.26037,4.00237,1.55933,-0.72279,36.3429,355.1439,357.8052,-0.03656,-0.02184,0.00654,0.04309,25.31684,3.82261,0.79145,-0.76022,59.80496,350.2198,317.7467,0.0237,0.02483,-0.0271,0.04373,18.59134,4.16422,1.16512,-0.54132,9.40048,5.88186,356.6444,-0.03711,-0.33231,-0.00027,0.33437,59.74829
7.28259,4.00161,1.5589,-0.72273,36.49283,354.596,357.7155,-0.03533,-0.02057,0.00473,0.04115,24.38587,3.82216,0.79233,-0.76003,59.42069,350.0852,318.4626,0.00165,0.03224,-0.00937,0.03362,28.0375,4.16367,1.15859,-0.54128,10.25124,5.74211,356.2086,-0.0309,-0.31313,0.00073,0.31465,51.29548
7.31592,4.00084,1.55767,-0.72247,36.96218,354.1449,357.768,-0.0261,-0.03277,0.00697,0.04248,20.61285,3.82055,0.79231,-0.76058,59.25842,348.4961,317.981,-0.03583,0.00759,-0.01473,0.03948,32.35934,4.16378,1.14386,-0.54144,12.20778,6.18373,358.3548,-0.00526,-0.40985,-0.00342,0.4099,69.63135
7.33815,4.00076,1.55684,-0.72243,37.41195,354.2398,358.0017,-0.00796,-0.0347,0.00284,0.03572,19.58842,3.81965,0.79226,-0.76133,59.03785,347.6393,317.0241,-0.04327,-0.00631,-0.03641,0.0569,22.95304,4.1653,1.13547,-0.54264,14.23569,6.23571,357.0072,0.0509,-0.37729,-0.04402,0.38324,92.65485
7.36037,4.00037,1.55639,-0.72226,37.58594,353.9746,358.0662,-0.01257,-0.02747,0.00525,0.03066,16.5383,3.81941,0.79208,-0.76249,59.2271,347.1685,316.6312,-0.02694,-0.00718,-0.04431,0.05235,16.83803,4.16626,1.12874,-0.54346,15.38018,6.38268,355.91,0.04706,-0.34,-0.04047,0.34562,81.85297
7.3937,4.00002,1.55594,-0.72141,37.63934,353.7137,358.2065,-0.01116,-0.0169,0.02035,0.02871,11.6676,3.8205,0.79241,-0.76455,59.50047,347.8906,317.1288,0.01774,0.00573,-0.05729,0.06024,8.30459,4.167,1.11961,-0.54493,16.99446,6.77582,355.6733,0.02847,-0.29035,-0.04316,0.29492,57.26196
7.41592,3.99983,1.55521,-0.72082,37.79922,353.516,358.2142,-0.00844,-0.0307,0.02587,0.04102,10.88221,3.8214,0.79239,-0.76614,59.65555,348.2568,317.3166,0.03581,-0.00132,-0.0693,0.07802,11.91398,4.16606,1.11728,-0.54628,17.05338,6.46394,355.9139,-0.03339,-0.1205,-0.0593,0.13839,15.5145
7.43815,3.99962,1.55474,-0.72062,38.03177,353.253,358.1251,-0.00894,-0.02594,0.01727,0.03242,12.44315,3.82161,0.79223,-0.76764,59.74643,348.0464,316.7822,0.02281,-0.00435,-0.06851,0.07234,12.86205,4.16547,1.11438,-0.54733,16.90405,6.44021,356.5052,-0.03001,-0.12544,-0.05327,0.13954,18.87215
7.46037,3.99962,1.55434,-0.72047,38.28983,353.0789,357.9594,-0.00268,-0.01956,0.01004,0.02215,12.36675,3.82193,0.79258,-0.76902,59.56294,348.073,316.2745,0.01798,0.01206,-0.06143,0.06513,16.06212,4.16356,1.11238,-0.54832,16.53476,6.10588,358.128,-0.06448,-0.11934,-0.04681,0.1435,54.44125
7.48259,3.99961,1.55395,-0.72027,38.46592,352.9318,357.8351,-0.00145,-0.01853,0.0094,0.02083,10.94805,3.82212,0.79247,-0.77068,59.90538,348.0849,316.7622,0.01332,0.00349,-0.06805,0.06943,6.48301,4.16283,1.10906,-0.54931,17.08981,5.93718,358.428,-0.04863,-0.13433,-0.04571,0.14999,37.64212
7.51592,3.9997,1.55348,-0.71969,38.62816,352.7469,357.6429,0.00172,-0.01518,0.01552,0.02178,7.83698,3.82211,0.79193,-0.77331,60.40341,347.7716,317.0843,0.00315,-0.01128,-0.0761,0.07699,19.18234,4.16191,1.1057,-0.55052,17.39511,5.70403,358.5599,-0.0329,-0.1092,-0.03872,0.12044,17.9844
7.53815,4.00016,1.55345,-0.71876,38.51275,352.884,357.6071,0.01273,-0.00523,0.02761,0.03085,6.71289,3.82152,0.79219,-0.77395,60.0614,347.6796,317.2894,-0.01932,0.00177,-0.04266,0.04686,15.77418,4.1613,1.10574,-0.55079,17.55542,5.5327,358.4431,-0.02437,-0.0314,-0.02095,0.04494,10.95587
7.56037,4.00017,1.55319,-0.71857,38.64888,352.8149,357.4944,0.00649,-0.00836,0.01823,0.02108,5.63479,3.82112,0.79208,-0.77498,60.06029,347.3366,317.1134,-0.01872,-0.00166,-0.04454,0.04834,11.83985,4.16087,1.10513,-0.55135,17.48635,5.47866,358.4982,-0.02176,-0.02949,-0.02303,0.04328,5.61415
7.59371,4.0005,1.5528,-0.71814,38.84415,352.8153,357.5824,0.00918,-0.011,0.01426,0.02022,5.2254,3.82066,0.7917,-0.77689,60.26788,346.8297,316.5961,-0.01499,-0.00889,-0.05413,0.05687,8.27387,4.15981,1.10394,-0.55191,17.62771,5.24089,358.7815,-0.02927,-0.03415,-0.01855,0.04865,11.30921
7.62705,4.00067,1.55195,-0.71757,39.02654,352.8438,357.6273,0.00609,-0.02187,0.01622,0.0279,5.47639,3.8206,0.79101,-0.77899,60.81346,346.703,316.1065,-0.00519,-0.01774,-0.06073,0.06348,16.00814,4.15874,1.10425,-0.5521,17.65906,4.94156,358.5202,-0.03139,-0.00145,-0.00893,0.03267,8.25877
7.64927,4.00086,1.55168,-0.71748,39.15398,352.8802,357.6363,0.00789,-0.01406,0.00669,0.01745,5.81411,3.81994,0.79088,-0.77984,60.92831,346.151,314.9575,-0.02376,-0.00606,-0.04082,0.04762,25.86771,4.15801,1.10444,-0.5521,17.5417,4.79242,358.8199,-0.032,0.00513,-0.00226,0.03249,15.40105
7.67149,4.00099,1.55137,-0.71741,39.30129,352.8642,357.5887,0.0068,-0.01417,0.00491,0.01647,6.30405,3.81914,0.79064,-0.78061,61.08309,345.4492,314.1267,-0.02996,-0.00846,-0.03785,0.04901,21.55495,4.15785,1.10446,-0.5523,17.324,5.10126,359.6324,-0.01966,0.00287,-0.00573,0.02068,24.2429
7.70482,4.00136,1.55077,-0.71725,39.58491,352.908,357.5309,0.01,-0.01703,0.00488,0.02034,8.2766,3.81806,0.79046,-0.78106,61.22176,344.8427,313.6182,-0.0318,-0.0061,-0.01937,0.03773,11.29896,4.15745,1.10437,-0.55246,17.49548,4.76516,359.1836,-0.01392,-0.00119,-0.00485,0.01479,6.99952
7.73816,4.00177,1.55008,-0.71686,39.8041,352.9778,357.4245,0.01166,-0.01979,0.00981,0.02498,8.08995,3.81769,0.79068,-0.78107,61.22588,344.9091,313.6765,-0.01637,0.00357,-0.00508,0.01751,2.28801,4.15822,1.10423,-0.55256,17.70098,5.02699,358.6876,0.01399,-0.00346,-0.00361,0.01485,14.96782
7.76038,4.002,1.54989,-0.71702,39.93428,353.0416,357.4544,0.01088,-0.01093,-0.00279,0.01567,6.30315,3.81789,0.79138,-0.7797,60.96795,345.5025,314.2796,-0.00003,0.02261,0.04577,0.05106,10.91062,4.15874,1.10288,-0.55242,18.13736,5.19718,359.1893,0.019,-0.05132,0.00385,0.05486,21.77729
7.7826,4.00222,1.54968,-0.71714,40.04563,353.0806,357.4272,0.01037,-0.01001,-0.00412,0.015,5.92939,3.81753,0.79169,-0.77921,60.83567,345.3546,314.072,-0.00808,0.01828,0.03399,0.03943,7.40513,4.159,1.10183,-0.55244,18.3635,5.29488,359.4465,0.01529,-0.04929,0.00158,0.05163,18.36634
7.81593,4.00252,1.54918,-0.71726,40.20659,353.1801,357.4886,0.00929,-0.01388,-0.00364,0.01709,5.43796,3.81721,0.79187,-0.77842,61.09619,345.1494,314.0403,-0.00932,0.0087,0.02621,0.02914,5.42035,4.15995,1.09763,-0.55248,19.14924,5.50332,0.10008,0.0252,-0.10684,-0.00065,0.10978,27.07307
7.83816,4.00274,1.54883,-0.71739,40.31087,353.2608,357.5141,0.00959,-0.01433,-0.00616,0.01831,5.67611,3.81728,0.79195,-0.77788,61.12111,345.1875,313.8654,0.00201,0.00568,0.02731,0.02797,8.1555,4.16078,1.09316,-0.55269,19.99383,5.51301,0.47154,0.03817,-0.18545,-0.00722,0.18948,39.09021
7.86038,4.00291,1.5486,-0.71756,40.46928,353.3767,357.5952,0.00864,-0.01239,-0.00695,0.01663,6.86649,3.81717,0.79229,-0.77688,60.86074,345.1312,313.5821,-0.00154,0.01057,0.03614,0.03768,10.86568,4.16248,1.09013,-0.55283,20.201,5.87925,0.53095,0.05727,-0.1608,-0.00688,0.17083,24.96304
7.89373,4.0032,1.5483,-0.71779,40.67579,353.5106,357.7154,0.00877,-0.00991,-0.00684,0.01489,6.91752,3.81744,0.79291,-0.77537,60.74632,345.3128,313.9608,0.00577,0.01648,0.04298,0.04639,5.13322,4.16615,1.08518,-0.55336,20.66868,7.01007,1.2135,0.09686,-0.15163,-0.01343,0.18043,31.78119
7.91595,4.00341,1.54791,-0.71729,40.65179,353.5457,357.8104,0.00925,-0.01577,0.01687,0.02488,2.97349,3.81921,0.79343,-0.77476,60.88357,346.62,314.8758,0.0678,0.02334,0.02963,0.07758,26.09721,4.16777,1.08125,-0.55412,21.25602,7.03804,1.53348,0.07877,-0.17566,-0.0311,0.19501,29.4233
7.93818,4.00345,1.54778,-0.71708,40.66445,353.5651,357.845,0.00552,-0.01083,0.01324,0.01797,1.48675,3.8203,0.79429,-0.77358,60.48882,347.4392,315.2824,0.05847,0.03096,0.04138,0.07804,25.09419,4.16985,1.07749,-0.55486,22.17345,7.48673,1.55794,0.08631,-0.17235,-0.0322,0.19542,35.89524
7.97153,4.00351,1.54758,-0.71704,40.75039,353.4961,357.837,0.00276,-0.00716,0.00428,0.00879,1.69301,3.82097,0.79484,-0.77229,60.40002,347.6052,315.4209,0.02966,0.02002,0.03945,0.05327,8.60244,4.17323,1.07263,-0.55605,23.533,8.1929,0.98094,0.09752,-0.15245,-0.03483,0.1843,46.55843
7.99376,4.00347,1.54756,-0.71686,40.80537,353.34,357.7672,0.00027,-0.00368,0.0079,0.00872,2.67301,3.82145,0.79505,-0.77152,60.28647,347.38,314.8818,0.02788,0.01615,0.03646,0.04866,11.39813,4.17543,1.07045,-0.55671,24.23977,8.61276,0.4804,0.09386,-0.11191,-0.02975,0.14906,42.53324
8.01599,4.00363,1.54733,-0.71656,40.83971,353.2345,357.6466,0.00383,-0.00711,0.01061,0.01333,3.33557,3.82231,0.79542,-0.77076,60.16804,347.817,315.2302,0.03332,0.01631,0.03518,0.05113,9.78423,4.17673,1.06909,-0.55723,24.6012,8.86569,0.56833,0.07626,-0.08656,-0.02645,0.11835,29.89655
8.04933,4.00387,1.54707,-0.71629,40.92209,353.131,357.5181,0.00634,-0.00748,0.00871,0.01311,3.66081,3.8234,0.7957,-0.77013,60.17563,348.1206,315.8558,0.03285,0.01046,0.02318,0.04154,8.40941,4.17838,1.06781,-0.55774,24.91598,9.20398,0.9375,0.05611,-0.05036,-0.01814,0.07755,16.70958
8.07157,4.00415,1.54701,-0.7161,40.91574,353.132,357.4823,0.01132,-0.00367,0.00911,0.01499,0.9152,3.82385,0.79565,-0.77011,60.25331,348.0167,315.7995,0.02335,0.00179,0.01008,0.0255,0.91338,4.17883,1.06829,-0.55765,24.78147,9.21905,1.20899,0.02816,-0.00042,-0.00267,0.02829,10.6797
8.0938,4.00439,1.54694,-0.71585,40.92898,353.1931,357.4867,0.01118,-0.00323,0.0101,0.01541,1.35418,3.82399,0.79532,-0.76997,60.33082,347.5417,315.3343,0.01476,-0.00648,0.00824,0.0181,5.6545,4.17926,1.06752,-0.55777,25.04799,9.29695,1.71036,0.02374,-0.01757,-0.00399,0.02981,17.1231
8.12715,4.00482,1.54677,-0.71514,40.97437,353.3546,357.5075,0.01249,-0.00476,0.01848,0.0228,3.8181,3.82616,0.79488,-0.77007,60.39741,348.4493,315.1419,0.05255,-0.01166,-0.00022,0.05383,24.08079,4.17986,1.0657,-0.55796,25.69475,9.26085,2.20843,0.01948,-0.04539,-0.00519,0.04967,22.31553
8.14938,4.00525,1.5466,-0.71514,41.02835,353.5652,357.5656,0.01741,-0.00747,0.00424,0.01941,7.1344,3.82829,0.79489,-0.77057,60.57997,349.9749,316.4072,0.07901,-0.00512,-0.01782,0.08116,26.55759,4.18035,1.06449,-0.55804,26.50594,9.04764,1.11914,0.01975,-0.05601,-0.00503,0.0596,42.80952
8.17161,4.00558,1.54643,-0.71516,41.10161,353.6836,357.6533,0.0162,-0.00747,0.00183,0.01794,5.84267,3.82915,0.79454,-0.77077,60.76054,350.1922,316.4249,0.0589,-0.01035,-0.01336,0.06128,18.02095,4.18052,1.06299,-0.55831,27.26304,8.88068,1.08533,0.01367,-0.06158,-0.00863,0.06366,36.32944
8.20495,4.00594,1.54626,-0.71515,41.22752,353.8295,357.7558,0.01193,-0.00581,0.00054,0.01328,5.11303,3.82938,0.794,-0.77082,60.85266,349.6733,315.623,0.01977,-0.01463,-0.0045,0.025,10.47143,4.18126,1.06066,-0.55858,28.29132,8.91584,1.1869,0.02004,-0.06791,-0.00834,0.0713,31.54876
8.2272,4.00606,1.54616,-0.71473,41.21805,353.9002,357.7693,0.00768,-0.00414,0.01075,0.01384,1.27826,3.8286,0.79402,-0.77005,60.46982,348.9319,314.867,-0.01021,-0.00444,0.01996,0.02286,13.49,4.1822,1.06013,-0.55869,28.49804,9.0929,0.89883,0.03456,-0.03507,-0.00558,0.04956,19.20981
8.24942,4.00614,1.54619,-0.71467,41.1531,353.884,357.7345,0.00557,-0.00138,0.0068,0.00889,1.18635,3.82867,0.79414,-0.76981,60.59284,348.9023,315.4423,-0.00351,0.00036,0.0155,0.0159,11.86826,4.18213,1.05842,-0.55918,29.26917,8.8125,0.91598,0.01554,-0.05596,-0.01376,0.05969,25.0507
8.28277,4.00622,1.54621,-0.7147,41.11701,353.8405,357.751,0.00316,0.00006,0.00102,0.00332,1.04698,3.82936,0.7946,-0.76912,60.54601,349.3721,316.618,0.01454,0.01045,0.01948,0.02646,20.38847,4.18222,1.05657,-0.55965,29.92692,8.54073,1.02086,0.00594,-0.05566,-0.01398,0.0577,22.37191
8.305,4.00628,1.54623,-0.71447,41.14268,353.7469,357.7015,0.0034,0.0005,0.00938,0.00999,1.41668,3.82898,0.79518,-0.76799,60.10495,349.1962,316.9233,-0.0108,0.02433,0.04498,0.05226,26.26068,4.18338,1.05634,-0.55963,29.77139,9.02388,1.13828,0.03555,-0.03165,-0.00417,0.04778,11.93321
8.32723,4.00637,1.54623,-0.7142,41.11566,353.7287,357.741,0.00377,0.0002,0.01084,0.01148,1.72442,3.82893,0.79567,-0.76706,59.70314,349.2032,317.2089,-0.00645,0.02329,0.04342,0.04969,23.96897,4.1837,1.05493,-0.55986,30.31441,9.03427,1.14803,0.02494,-0.04776,-0.00734,0.05437,15.47759
8.36058,4.0064,1.54622,-0.71412,41.04775,353.7073,357.74,0.00149,-0.00013,0.00449,0.00473,1.45754,3.82818,0.79657,-0.76564,59.25088,348.782,317.8446,-0.01837,0.0259,0.04279,0.05328,30.64815,4.18341,1.05318,-0.56011,30.94452,8.44709,0.48094,-0.00016,-0.05126,-0.00746,0.0518,21.92364
8.38282,4.00644,1.54613,-0.71433,41.14,353.7335,357.723,0.00213,-0.00293,-0.00641,0.00737,3.10119,3.82851,0.796,-0.76596,59.50495,348.7938,316.9571,0.00721,-0.01303,-0.00107,0.01493,26.30066,4.18483,1.05317,-0.55986,30.80699,8.95783,0.27433,0.05094,-0.00989,0.00781,0.05248,22.84879
8.40505,4.00653,1.5461,-0.71425,41.21649,353.7472,357.7613,0.00319,-0.00211,-0.0013,0.00404,3.24676,3.8285,0.7958,-0.76583,59.54922,348.6837,316.5925,0.00355,-0.0109,0.00251,0.01174,19.366,4.18537,1.05311,-0.5598,30.87683,9.08274,0.12596,0.0378,-0.00642,0.00534,0.03871,16.74394
8.43839,4.00667,1.54614,-0.71408,41.19216,353.7677,357.8498,0.00383,0.00026,0.00342,0.00514,1.82525,3.82766,0.79507,-0.76594,59.80879,347.8281,315.7769,-0.01804,-0.01916,-0.00186,0.02638,13.74649,4.18492,1.05361,-0.55959,30.67447,9.00657,0.90751,-0.00074,0.00973,0.0059,0.0114,15.6158
8.46063,4.00674,1.54624,-0.71407,41.08025,353.7632,357.8299,0.00339,0.00337,0.00122,0.00494,3.51454,3.82706,0.79441,-0.76679,60.2659,347.0216,314.9967,-0.0239,-0.02798,-0.03127,0.04829,24.62135,4.18343,1.05327,-0.55936,30.82497,8.34885,0.98369,-0.05403,-0.01108,0.00995,0.05605,25.69409
8.48285,4.00684,1.54627,-0.7141,41.07417,353.7518,357.8316,0.00402,0.00235,-0.00022,0.00466,1.75727,3.82665,0.79391,-0.76708,60.44075,346.4961,314.2714,-0.0212,-0.02522,-0.02225,0.03976,20.92978,4.1829,1.05295,-0.5593,30.95699,8.04418,0.74066,-0.03897,-0.01273,0.00631,0.04148,18.20967
8.50509,4.00692,1.54631,-0.71396,41.10412,353.7617,357.8253,0.00361,0.00226,0.00532,0.00682,0.43932,3.8268,0.79423,-0.76686,60.21976,346.6151,314.1244,0.0013,0.00745,0.00205,0.00784,7.5033,4.18305,1.05361,-0.55896,30.5574,8.15968,0.40008,-0.00604,0.01679,0.01273,0.02192,15.08024
8.52732,4.00702,1.54635,-0.71389,41.10637,353.7479,357.8589,0.00393,0.00204,0.00424,0.00613,0.98988,3.82672,0.79428,-0.76673,60.21577,346.3972,313.9933,-0.00118,0.005,0.00388,0.00644,4.0494,4.18268,1.0537,-0.55886,30.51494,7.99751,0.33554,-0.0112,0.01041,0.00863,0.01755,8.78767
8.56067,4.00721,1.54647,-0.71397,41.0484,353.6914,357.8679,0.00525,0.00306,-0.00073,0.00612,1.84698,3.82694,0.7948,-0.76649,60.22105,346.5268,314.3893,0.00465,0.0129,0.00654,0.01519,5.89525,4.18211,1.05482,-0.5586,30.09655,7.8198,0.32506,-0.01574,0.02781,0.00808,0.03296,11.83303
8.59402,4.00736,1.54665,-0.71408,41.02579,353.6173,357.7555,0.0047,0.00494,-0.00259,0.00729,2.11817,3.82731,0.79498,-0.76658,60.31933,346.6575,314.4712,0.0095,0.00734,-0.00048,0.01202,2.79399,4.18202,1.05412,-0.55847,30.21176,7.86447,0.56537,-0.00601,-0.00871,0.00475,0.0116,5.04193
8.61625,4.00731,1.54681,-0.71398,40.99977,353.6156,357.7408,-0.00059,0.00608,0.00256,0.00662,0.52954,3.82751,0.79512,-0.76653,60.28154,346.7202,314.5443,0.00829,0.00657,0.00257,0.01089,1.65017,4.18153,1.05301,-0.55853,30.6834,7.46865,359.7369,-0.01847,-0.03662,-0.00107,0.04103,24.38844
8.63848,4.00739,1.54684,-0.714,40.99448,353.6142,357.737,0.00161,0.00375,0.00078,0.00415,0.26477,3.8275,0.7951,-0.7665,60.29557,346.6503,314.5973,0.00409,0.00269,0.00201,0.00529,2.99011,4.1814,1.05241,-0.55839,30.73661,7.58945,359.6185,-0.01211,-0.03186,0.00269,0.03419,15.23587
8.67183,4.00758,1.54679,-0.71411,40.98969,353.6453,357.7706,0.00474,-0.00017,-0.00232,0.00528,0.06619,3.82745,0.7948,-0.76669,60.31374,346.5875,314.576,-0.00021,-0.00603,-0.00377,0.00712,0.74753,4.18103,1.05269,-0.55781,30.40095,7.22444,357.9122,-0.01133,-0.0016,0.01372,0.01786,38.48943
8.69406,4.0077,1.54692,-0.71391,40.91379,353.6615,357.7977,0.00417,0.0047,0.00739,0.0097,0.83239,3.82755,0.79454,-0.76709,60.44798,346.541,314.4316,0.00493,-0.00887,-0.01297,0.01647,5.47016,4.17948,1.04967,-0.5586,32.36935,5.82532,354.6255,-0.05502,-0.13772,-0.03673,0.15279,109.1816
8.71629,4.0077,1.54704,-0.71364,40.87271,353.693,357.8184,0.00213,0.00507,0.00988,0.01131,0.4162,3.82766,0.79451,-0.76717,60.45683,346.6072,314.4806,0.00495,-0.00506,-0.00834,0.01094,2.73508,4.17898,1.04784,-0.55899,33.1969,5.90908,354.7106,-0.03881,-0.11003,-0.0272,0.1198,68.618
8.73852,4.0078,1.54707,-0.71374,40.92833,353.6928,357.8204,0.00447,0.00177,-0.00289,0.00561,0.10405,3.82772,0.79451,-0.76711,60.3909,346.622,314.5174,0.00364,-0.00114,0.00063,0.00387,2.04231,4.17707,1.04716,-0.55905,33.19401,5.44324,354.9532,-0.07691,-0.04217,-0.01042,0.08833,24.63134
8.76074,4.00791,1.54711,-0.71391,40.96209,353.6971,357.8241,0.00469,0.0017,-0.00529,0.00727,0.05202,3.82782,0.79445,-0.76715,60.44389,346.5923,314.5556,0.00425,-0.0019,-0.00056,0.00469,1.96189,4.17657,1.0463,-0.55945,33.62909,4.86868,353.0578,-0.0497,-0.0406,-0.0144,0.06577,44.29059
8.7941,4.00802,1.54732,-0.71403,40.91705,353.7399,357.8058,0.0037,0.00535,-0.00396,0.00761,1.26828,3.82799,0.79428,-0.76722,60.49559,346.6783,314.6091,0.00489,-0.00418,-0.0017,0.00666,0.98827,4.17619,1.04421,-0.55999,34.44966,4.76726,351.8116,-0.02109,-0.05713,-0.01568,0.06288,42.59565
8.81633,4.008,1.54763,-0.71393,40.79422,353.7948,357.8513,0.00027,0.0117,0.00246,0.01196,4.77483,3.82805,0.79421,-0.76721,60.5169,346.656,314.5671,0.00333,-0.00348,0.00033,0.00483,1.25792,4.17534,1.04411,-0.55997,34.00473,4.74605,352.4616,-0.03421,-0.01239,-0.00102,0.0364,21.15906
8.83857,4.00808,1.54778,-0.71395,40.74063,353.8163,357.882,0.00182,0.00929,0.0008,0.00951,3.66749,3.82814,0.79419,-0.76716,60.55278,346.6366,314.6167,0.00372,-0.00214,0.00127,0.00448,1.31538,4.17533,1.04413,-0.55971,33.58175,5.18677,353.0312,-0.01733,-0.00572,0.00539,0.01903,23.49942
8.8608,4.00808,1.54805,-0.714,40.5992,353.8367,357.9431,0.00039,0.01128,-0.00183,0.01144,5.32305,3.82822,0.79425,-0.76705,60.51041,346.6497,314.6407,0.00395,0.00109,0.00366,0.00549,0.32885,4.17973,1.04127,-0.55966,35.57965,10.7832,356.7661,0.16008,-0.12397,0.00106,0.20247,187.2927
8.88303,4.00811,1.54822,-0.71412,40.5386,353.835,357.9837,0.00083,0.00933,-0.00349,0.01,4.26445,3.8284,0.79429,-0.76701,60.52665,346.6614,314.6633,0.00601,0.00143,0.00274,0.00676,0.16442,4.18144,1.039,-0.55876,36.86458,13.02999,357.597,0.11863,-0.11307,0.02063,0.16518,142.6537
8.91638,4.00816,1.54838,-0.71404,40.49547,353.8372,358.0119,0.0014,0.00589,0.00088,0.00612,2.08874,3.82869,0.7943,-0.7669,60.45538,346.7584,314.6756,0.008,0.00051,0.00314,0.00861,2.14983,4.18035,1.03423,-0.55789,39.59561,12.90411,356.8519,0.00517,-0.13547,0.02485,0.13782,84.60706
8.93862,4.00824,1.54828,-0.71406,40.54413,353.8308,357.987,0.00328,-0.0024,-0.00242,0.00473,0.63958,3.82879,0.79414,-0.76693,60.46825,346.7214,314.5565,0.00453,-0.00483,0.00112,0.00672,3.20097,4.17761,1.03427,-0.55742,38.72559,9.98302,355.9164,-0.07935,-0.0115,0.02164,0.08305,77.32933
8.96084,4.0083,1.54833,-0.71417,40.5584,353.8453,357.9904,0.00306,-0.00009,-0.00372,0.00482,0.31979,3.82891,0.79416,-0.76682,60.44228,346.7268,314.572,0.0051,-0.00188,0.00306,0.00623,1.60049,4.17719,1.03435,-0.55763,38.26577,8.81058,354.5091,-0.04908,-0.00393,0.00593,0.0496,58.32218
8.99419,4.00837,1.54845,-0.71427,40.49955,353.8843,357.9105,0.00231,0.00254,-0.00301,0.00457,2.17235,3.82918,0.79409,-0.76672,60.54541,346.8402,314.8482,0.00731,-0.00218,0.00286,0.00815,4.40503,4.17691,1.03452,-0.55771,37.48717,7.63216,352.6841,-0.0186,0.00294,-0.00031,0.01883,48.28572
9.01643,4.00844,1.54874,-0.71416,40.44696,353.9078,357.8907,0.00269,0.0112,0.003,0.0119,1.63503,3.82954,0.79432,-0.76645,60.47859,347.0647,315.0253,0.01247,0.00787,0.01084,0.0183,3.71873,4.18013,1.03452,-0.55674,37.21492,9.77953,353.2572,0.1044,0.01096,0.03476,0.11057,61.88576
9.03866,4.00851,1.54892,-0.71426,40.40856,353.9245,357.8808,0.00303,0.00974,-0.00074,0.01022,0.81751,3.82966,0.79443,-0.76625,60.43615,347.086,315.1014,0.00881,0.00646,0.00993,0.01476,2.96967,4.18067,1.03473,-0.55601,36.83316,9.84811,352.8178,0.06435,0.01032,0.03369,0.07337,42.32384
9.0609,4.00859,1.54926,-0.71436,40.27736,353.9144,357.9229,0.00309,0.01372,-0.00289,0.01436,5.24006,3.82943,0.79432,-0.76609,60.31187,346.9149,315.0542,-0.00531,-0.00225,0.00657,0.00874,5.8204,4.17949,1.03814,-0.55414,34.34799,8.66342,353.1048,-0.02563,0.11243,0.07019,0.135,94.25869
9.08313,4.00868,1.54956,-0.71437,40.1452,353.9466,357.9597,0.00365,0.01354,-0.00174,0.01413,5.61536,3.82945,0.7943,-0.76626,60.38296,346.9129,315.1285,-0.00203,-0.0017,-0.0005,0.0027,3.54068,4.1786,1.03963,-0.55354,33.31849,7.82796,353.022,-0.03284,0.08988,0.04863,0.10734,75.73701
9.10536,4.00878,1.5499,-0.71433,40.02648,353.9796,358.0208,0.00363,0.01489,0.00117,0.01537,5.33396,3.8296,0.79412,-0.76674,60.46847,346.9796,315.0337,0.00409,-0.00736,-0.01745,0.01937,5.88565,4.17858,1.04017,-0.55341,33.82121,7.50891,352.0227,-0.00336,0.04758,0.02305,0.05298,35.0954
9.1276,4.00893,1.55012,-0.71445,39.9552,354.0192,358.052,0.00519,0.01251,-0.00204,0.0137,4.37761,3.82972,0.79394,-0.76707,60.54052,346.9832,314.9386,0.00466,-0.00774,-0.01607,0.01844,5.673,4.17953,1.04104,-0.55285,33.56545,7.845,351.3967,0.01967,0.04324,0.02412,0.05327,34.52766
9.14982,4.00922,1.55024,-0.71473,39.9901,354.0832,358.0558,0.01148,0.00682,-0.01032,0.01688,2.2302,3.82965,0.79386,-0.76729,60.556,346.9994,315.0042,-0.00183,-0.00415,-0.01071,0.01163,1.41825,4.18315,1.04221,-0.55202,32.61298,10.21902,352.3423,0.14155,0.05347,0.03482,0.15527,86.6823
9.17206,4.0095,1.5504,-0.71488,39.93988,354.1193,358.0451,0.01211,0.00711,-0.00852,0.01643,2.20939,3.82957,0.79375,-0.7675,60.64649,346.9379,315.0233,-0.00278,-0.0046,-0.01007,0.01141,2.71648,4.1867,1.0435,-0.55135,31.53383,12.52843,353.5573,0.15062,0.05577,0.03232,0.16384,93.08817
9.2054,4.00991,1.55072,-0.71497,39.83461,354.2601,357.9227,0.01223,0.00895,-0.00398,0.01567,6.37246,3.82952,0.79368,-0.76764,60.67011,346.9007,314.9181,-0.00182,-0.00274,-0.00583,0.00669,0.67912,4.18827,1.04571,-0.55151,30.73583,13.67402,354.0162,0.0729,0.06357,0.00466,0.09684,51.66994
9.22764,4.01022,1.55089,-0.71503,39.77011,354.3739,357.8975,0.01257,0.00835,-0.00353,0.01549,5.90233,3.82938,0.79362,-0.76778,60.73722,346.8754,314.9513,-0.00442,-0.00257,-0.00623,0.00806,1.31945,4.18921,1.04887,-0.55164,29.37442,13.78067,352.6205,0.0535,0.11598,-0.0054,0.12784,75.95129
9.24987,4.01053,1.55105,-0.71513,39.72429,354.4272,357.8701,0.0132,0.0077,-0.00403,0.01581,4.89469,3.82926,0.79376,-0.76771,60.70434,346.7628,314.9849,-0.00486,0.00179,-0.00149,0.00539,3.67831,4.1898,1.05066,-0.55185,28.74445,13.01977,350.3812,0.04013,0.09827,-0.00747,0.10641,80.66937
9.2721,4.01081,1.55101,-0.71534,39.75076,354.4924,357.9233,0.0131,-0.00046,-0.00911,0.01596,2.41036,3.82931,0.79383,-0.76786,60.75822,346.834,315.022,-0.00017,0.00182,-0.00625,0.00652,1.5299,4.18821,1.05037,-0.5511,29.41004,10.54529,348.5575,-0.03534,0.01266,0.02339,0.04423,74.71309
9.29433,4.01107,1.55106,-0.71554,39.75312,354.5359,357.924,0.01229,0.00098,-0.00897,0.01524,1.20518,3.8292,0.79376,-0.76804,60.77372,346.8683,314.8962,-0.00252,-0.00054,-0.00706,0.00752,3.86278,4.18771,1.04864,-0.5502,30.93178,9.69538,348.695,-0.02878,-0.03263,0.03208,0.05406,63.899
9.31656,4.01119,1.55107,-0.71585,39.79042,354.5808,357.9197,0.00733,0.00089,-0.01219,0.01425,2.35131,3.82901,0.7937,-0.76806,60.74641,346.7479,314.7148,-0.00707,-0.00248,-0.00192,0.00774,4.07247,4.18965,1.04792,-0.55032,31.8561,11.65374,350.3807,0.0623,-0.03083,0.00273,0.06957,67.59442
9.33879,4.01136,1.55117,-0.71594,39.73943,354.5888,357.8706,0.00766,0.00277,-0.00816,0.01153,2.23348,3.82869,0.79365,-0.76793,60.72781,346.5977,314.6805,-0.01075,-0.0023,0.00196,0.01117,2.76251,4.1909,1.04805,-0.55002,31.99201,12.63588,351.4049,0.05926,-0.01233,0.00796,0.06105,54.3655
9.37213,4.01164,1.55139,-0.71602,39.62162,354.619,357.8533,0.00806,0.00556,-0.00373,0.01048,3.17442,3.82818,0.7937,-0.76758,60.63309,346.317,314.5205,-0.01423,0.00046,0.00827,0.01647,4.84942,4.1921,1.04874,-0.54968,31.40852,12.61664,351.3958,0.04169,0.01245,0.00983,0.04461,14.24401
9.39437,4.01182,1.5515,-0.71608,39.57609,354.6483,357.8174,0.00773,0.00443,-0.00281,0.00934,0.79361,3.82852,0.79384,-0.76762,60.64302,346.4771,314.6269,0.00797,0.00432,0.00053,0.00908,1.32574,4.19357,1.04797,-0.55005,31.51121,13.08307,352.8705,0.06341,-0.02462,-0.00846,0.06854,48.01688
9.4166,4.01199,1.55155,-0.71616,39.54848,354.6969,357.8183,0.0079,0.00335,-0.0032,0.00915,1.58781,3.82857,0.79387,-0.7676,60.69174,346.4944,314.6355,0.00511,0.00281,0.00062,0.00586,1.60936,4.19599,1.04708,-0.55026,31.64044,14.67299,354.5256,0.08605,-0.03247,-0.00884,0.0924,57.24088
9.43884,4.01217,1.55156,-0.71627,39.53539,354.6974,357.8195,0.00798,0.00111,-0.00516,0.00957,0.39695,3.82891,0.79382,-0.76755,60.77519,346.7104,314.8201,0.01105,-0.00159,0.0022,0.01138,3.62409,4.19876,1.04569,-0.55046,31.93932,16.42288,355.8856,0.11055,-0.05625,-0.00925,0.12438,59.25919
9.46107,4.01234,1.55163,-0.71638,39.50859,354.7215,357.811,0.00771,0.00226,-0.00495,0.00943,1.10542,3.82894,0.79384,-0.7675,60.79804,346.7513,314.8528,0.00612,-0.00047,0.00235,0.00657,1.81204,4.20047,1.04516,-0.55048,32.03817,17.32577,356.7924,0.09371,-0.04,-0.00511,0.10202,49.26535
9.4833,4.01244,1.55166,-0.71652,39.53456,354.7226,357.8069,0.00543,0.0023,-0.00512,0.00781,0.83892,3.82875,0.79402,-0.76694,60.58769,346.5349,314.6569,-0.00549,0.00545,0.0184,0.01996,6.62696,4.20239,1.04524,-0.55107,31.9338,17.57003,355.825,0.08646,-0.00127,-0.01748,0.08822,35.85096
9.50553,4.01249,1.55176,-0.71665,39.48623,354.7358,357.807,0.00379,0.00322,-0.00559,0.00748,0.81791,3.82871,0.79411,-0.76659,60.49011,346.4932,314.7241,-0.00363,0.00461,0.01711,0.01809,6.24102,4.20347,1.04553,-0.55101,31.62978,17.98388,356.2305,0.06758,0.00586,-0.00729,0.06822,23.68672
9.52777,4.01253,1.5519,-0.71662,39.3856,354.7297,357.812,0.00266,0.00642,0.00119,0.00705,1.56583,3.82908,0.79394,-0.76669,60.55338,346.5705,314.8623,0.01315,-0.00479,0.00028,0.01399,3.27709,4.20356,1.04612,-0.55089,31.45504,17.87033,356.173,0.02191,0.02097,0.00138,0.03037,9.3019
9.55,4.01268,1.55205,-0.71664,39.33305,354.748,357.8043,0.00454,0.00642,0.00016,0.00787,1.97925,3.82931,0.79397,-0.7666,60.5756,346.6877,314.9511,0.01189,-0.00173,0.00228,0.01223,2.63561,4.20427,1.04637,-0.55086,31.33315,18.06683,356.3298,0.02681,0.0161,0.0014,0.0313,8.36333
9.58334,4.01299,1.55217,-0.71658,39.31092,354.834,357.7693,0.00826,0.00439,0.00139,0.00946,2.033,3.82976,0.79386,-0.76682,60.66999,346.7997,314.9513,0.01294,-0.00293,-0.00442,0.01398,3.59354,4.20351,1.04673,-0.55097,31.61861,17.51638,355.9001,-0.01041,0.01224,-0.00199,0.01619,11.01883
9.60558,4.01338,1.55214,-0.71623,39.25422,355.2531,357.896,0.01569,-0.00056,0.01206,0.01979,13.22876,3.83004,0.79374,-0.76681,60.62707,346.9266,314.9884,0.01265,-0.00398,-0.00033,0.01326,4.33904,4.20309,1.04711,-0.55085,31.44742,17.4783,356.3026,-0.01298,0.01572,0.00414,0.0208,15.65326
9.62781,4.01379,1.55216,-0.71613,39.24488,355.5394,358.0301,0.01701,0.00023,0.00824,0.0189,11.62505,3.83027,0.79363,-0.76682,60.68933,347.0131,315.0501,0.01159,-0.00444,-0.00032,0.01242,2.99623,4.20352,1.04768,-0.55074,31.13264,17.77823,356.7564,0.00304,0.02071,0.00453,0.02141,17.86895
9.65005,4.01441,1.55212,-0.71622,39.30167,355.9722,358.2307,0.02535,-0.0018,-0.00092,0.02543,14.54604,3.83035,0.79342,-0.76664,60.61916,346.9966,315.0355,0.00573,-0.00659,0.00561,0.01038,0.74906,4.20436,1.04797,-0.5509,31.0936,18.31658,357.0066,0.02631,0.01503,-0.00275,0.03042,15.50111
9.67228,4.01462,1.55215,-0.71621,39.29366,356.0975,358.2766,0.0174,-0.00015,-0.00028,0.0174,9.55399,3.83052,0.79338,-0.76656,60.61268,347.0462,315.0663,0.00672,-0.00408,0.00453,0.00907,0.37453,4.20485,1.04824,-0.5509,30.99799,18.56941,357.2492,0.02424,0.01363,-0.0012,0.02784,13.53226
9.70562,4.01664,1.55274,-0.71573,38.92368,357.7642,358.8543,0.04992,0.01334,0.01074,0.05277,34.35437,3.83032,0.79316,-0.76665,60.65841,346.8626,315.0227,-0.00281,-0.00597,-0.001,0.00668,3.39007,4.20778,1.04814,-0.55128,31.13777,20.12106,357.561,0.07181,0.00123,-0.00884,0.07236,34.46313
9.72786,4.01775,1.55289,-0.71585,38.88054,358.5069,359.2426,0.05302,0.00768,-0.00309,0.05367,29.51077,3.83052,0.79321,-0.76653,60.59498,346.8788,315.0457,0.00739,0.00062,0.00514,0.00903,2.80099,4.20862,1.0482,-0.55117,31.07987,20.39264,357.4664,0.04663,0.00213,0.00089,0.04668,19.53053
9.75008,4.01872,1.55307,-0.7158,38.80496,359.1382,359.5168,0.04835,0.00805,-0.00044,0.04902,26.26171,3.83071,0.79325,-0.76644,60.57111,346.9392,315.2175,0.00804,0.0013,0.0045,0.0093,4.01283,4.20941,1.04814,-0.55122,31.11764,20.71516,357.4406,0.04102,-0.00046,-0.00056,0.04103,17.3114
9.77231,4.0202,1.55355,-0.7156,38.53337,0.29244,359.8226,0.05691,0.01611,0.0057,0.05942,37.24966,3.83118,0.7932,-0.76666,60.66443,347.2445,315.5492,0.015,-0.00119,-0.00423,0.01564,5.51077,4.20943,1.04807,-0.5512,31.18597,20.61213,357.3398,0.01606,-0.0007,0.00054,0.01609,5.42185
9.79454,4.02197,1.5541,-0.7154,38.23901,1.54859,0.24817,0.06842,0.02045,0.00729,0.07178,43.07372,3.8313,0.79287,-0.76704,60.7152,347.2666,315.2689,0.01038,-0.00799,-0.01077,0.01696,6.03989,4.20924,1.04846,-0.55128,31.03565,20.53698,357.4966,0.00359,0.00835,-0.00152,0.00921,3.5219
9.82788,4.0247,1.55469,-0.71541,37.93719,3.45748,0.86828,0.07845,0.01838,0.00156,0.08059,47.41245,3.8312,0.79262,-0.76721,60.80917,347.2332,315.5233,0.00017,-0.00755,-0.00646,0.00993,5.70865,4.21019,1.04833,-0.55146,31.04019,21.11153,357.7835,0.02226,-0.00073,-0.00444,0.02271,11.08597
9.85012,4.02656,1.55524,-0.71535,37.68966,4.72455,1.14867,0.08108,0.02171,0.00224,0.08397,49.37698,3.83113,0.79246,-0.76718,60.78638,347.192,315.4725,-0.00132,-0.00731,-0.0026,0.00787,2.85433,4.2107,1.04832,-0.55156,31.1082,21.41034,357.8354,0.02257,-0.00061,-0.00447,0.02302,11.55095
9.87235,4.02744,1.55548,-0.7153,37.57154,5.3155,1.32232,0.0602,0.01612,0.00223,0.06237,36.33076,3.83119,0.79234,-0.76726,60.80428,347.209,315.5174,0.00059,-0.0064,-0.00317,0.00716,2.22543,4.21125,1.04832,-0.55163,31.10918,21.69152,357.9357,0.02381,-0.00034,-0.00377,0.02411,11.2709
9.89457,4.03087,1.55638,-0.71549,37.03975,7.35485,2.03604,0.10728,0.02843,-0.00308,0.11102,58.25155,3.83114,0.79198,-0.76745,60.87999,347.2785,315.4105,-0.00075,-0.0113,-0.00588,0.01276,3.68458,4.21212,1.04961,-0.55142,30.67265,22.13843,358.2488,0.03138,0.02884,0.00299,0.04272,17.09163
9.91679,4.03276,1.55676,-0.71594,36.84531,8.52008,2.42078,0.09628,0.02276,-0.01185,0.09964,51.61689,3.83113,0.7919,-0.76745,60.92029,347.2925,315.4491,-0.0007,-0.0075,-0.00292,0.00807,2.25744,4.2129,1.05,-0.55122,30.64141,22.36735,358.068,0.03335,0.02325,0.00588,0.04108,14.19281
9.93904,4.03459,1.55697,-0.71652,36.83006,9.5338,2.59203,0.0856,0.01289,-0.02068,0.089,42.75488,3.83122,0.79186,-0.76745,61.02492,347.4063,315.5834,0.00405,-0.0037,-0.00075,0.00554,4.15306,4.21451,1.05072,-0.55077,30.41031,22.90988,358.1443,0.06801,0.0312,0.01505,0.07633,25.11022
9.96127,4.0363,1.55729,-0.71675,36.6894,10.48495,2.81896,0.08132,0.01375,-0.01548,0.08392,40.39344,3.83127,0.79168,-0.76749,61.06711,347.4577,315.4727,0.00298,-0.00595,-0.00131,0.00678,4.98953,4.21599,1.05137,-0.55062,30.16637,23.50617,358.3129,0.06742,0.0302,0.01096,0.07468,25.70476
9.99463,4.0384,1.55748,-0.71717,36.58576,11.40108,2.83427,0.0675,0.00756,-0.0134,0.06923,30.51004,3.8313,0.79182,-0.76725,61.13436,347.6308,315.5676,0.00159,0.00167,0.0052,0.00568,3.88967,4.21973,1.05232,-0.55077,29.95571,24.97374,358.3474,0.10086,0.02882,-0.00065,0.1049,38.97261
10.01687,4.03911,1.55739,-0.71747,36.61555,11.65384,2.60368,0.039,-0.0012,-0.01297,0.04112,21.36451,3.83109,0.79189,-0.76686,61.12096,347.6166,315.3759,-0.00699,0.00355,0.01527,0.01716,7.04473,4.22134,1.05307,-0.55042,29.78624,25.3192,358.2082,0.07541,0.03319,0.01314,0.08344,23.52187
10.03911,4.04028,1.55754,-0.71767,36.5615,12.167,2.54003,0.0459,0.00266,-0.01105,0.04728,22.99809,3.83095,0.79196,-0.76662,61.17434,347.6488,315.3401,-0.00664,0.00332,0.01297,0.01495,5.12922,4.22302,1.0539,-0.55025,29.59254,25.8183,358.2591,0.07548,0.03516,0.01036,0.0839,23.04321
10.06135,4.04137,1.55769,-0.71786,36.48863,12.58931,2.4833,0.04741,0.00488,-0.00974,0.04865,21.87394,3.83087,0.79216,-0.76618,61.18018,347.7483,315.3145,-0.00513,0.00615,0.01643,0.01828,5.26361,4.2246,1.05482,-0.55021,29.29164,26.33826,358.3626,0.07326,0.03832,0.00609,0.0829,23.92811
10.08358,4.04217,1.55781,-0.71804,36.47486,12.71587,2.37239,0.03599,0.00446,-0.00876,0.03731,11.0841,3.83059,0.79262,-0.76517,61.00227,347.7932,315.176,-0.01163,0.01649,0.03852,0.04349,8.40439,4.22542,1.05526,-0.55014,29.16,26.40502,358.2907,0.04959,0.02409,0.00099,0.05514,13.35677
10.10581,4.04302,1.5579,-0.71836,36.41683,13.00636,2.32078,0.03722,0.00423,-0.01159,0.03921,12.78474,3.83034,0.7929,-0.76437,60.97155,347.8555,315.2731,-0.01145,0.01446,0.03718,0.04151,4.20903,4.22667,1.0557,-0.55025,29.04862,26.79598,358.3873,0.05295,0.02195,-0.00187,0.05735,14.8361
10.13917,4.0443,1.55815,-0.7186,36.23404,13.52804,2.16957,0.03803,0.00669,-0.00825,0.03948,17.75885,3.82986,0.79342,-0.76282,60.76962,347.9662,315.2455,-0.01358,0.01549,0.04404,0.04862,6.51826,4.2291,1.05639,-0.55064,28.71613,27.67312,358.5375,0.06792,0.02098,-0.00926,0.07168,23.50148
10.16141,4.04521,1.55833,-0.71872,36.20711,13.94516,2.13798,0.04098,0.00719,-0.0065,0.04211,18.48511,3.82945,0.79367,-0.76196,60.764,348.0095,315.114,-0.01876,0.01226,0.0411,0.04681,6.49109,4.23027,1.05617,-0.55088,28.6699,27.96913,358.5416,0.05514,-0.00384,-0.01074,0.05631,15.01153
10.18363,4.04621,1.55842,-0.71893,36.14862,14.32012,2.1051,0.04311,0.00571,-0.008,0.04422,18.21959,3.82902,0.79394,-0.76101,60.65138,347.9948,314.9829,-0.01918,0.01226,0.04187,0.04766,6.77941,4.23149,1.05619,-0.55111,28.6463,28.29642,358.4867,0.05497,-0.00148,-0.01043,0.05597,15.47822
10.21698,4.04713,1.55828,-0.71922,36.16779,14.74539,2.20585,0.03143,-0.00193,-0.00849,0.03261,12.82842,3.82844,0.79444,-0.75938,60.5037,348.0028,315.0113,-0.01785,0.01443,0.04712,0.05241,4.34766,4.23275,1.055,-0.55195,29.17006,28.53727,357.8788,0.0421,-0.0273,-0.02151,0.0546,22.97758
10.25033,4.04818,1.5587,-0.71919,35.97242,15.24623,2.22659,0.0314,0.00918,-0.00164,0.03275,14.86455,3.82827,0.79491,-0.7582,60.42148,348.2857,314.9479,-0.00833,0.01411,0.03828,0.04164,8.38113,4.23382,1.05472,-0.55257,29.23896,28.88125,357.8431,0.0346,-0.01305,-0.01931,0.04172,13.39676
10.28367,4.04896,1.55897,-0.71941,35.97798,15.51683,2.29478,0.02533,0.00815,-0.00527,0.02713,8.89844,3.82777,0.79533,-0.75696,60.26394,348.2763,314.8665,-0.01315,0.01293,0.03737,0.04168,5.53048,4.23383,1.05442,-0.553,29.47503,28.71014,357.3907,0.00878,-0.00993,-0.01452,0.01966,12.42889
10.30591,4.0491,1.55887,-0.7197,36.00637,15.45385,2.24006,0.01266,-0.00063,-0.01048,0.01645,1.35882,3.82757,0.79538,-0.75658,60.32324,348.2543,314.8878,-0.0084,0.00427,0.02081,0.02285,1.4726,4.23371,1.0549,-0.55318,29.30686,28.65486,357.3017,0.00434,0.01866,-0.01143,0.02231,9.14962
10.32814,4.04924,1.55888,-0.71978,35.94932,15.33289,2.09789,0.00961,0,-0.00701,0.0119,2.82688,3.82747,0.7955,-0.75609,60.30302,348.3417,314.792,-0.00648,0.00476,0.02136,0.02282,4.15844,4.23412,1.05541,-0.55346,29.12248,28.80732,357.2623,0.01143,0.02071,-0.01191,0.02648,9.84402
10.35038,4.04931,1.55922,-0.71958,35.78467,15.19465,1.89962,0.00552,0.01192,0.00445,0.01387,7.88615,3.82757,0.79555,-0.75592,60.37249,348.4656,314.681,0.00211,0.00432,0.01369,0.01451,8.9005,4.23549,1.05619,-0.55403,28.80417,29.4959,357.291,0.05109,0.02588,-0.02348,0.0619,27.53387
10.37262,4.04958,1.55953,-0.71955,35.6734,15.21577,1.8341,0.00902,0.01273,0.00277,0.01584,6.72432,3.82749,0.79578,-0.75538,60.28856,348.4389,314.5732,-0.00082,0.00727,0.01898,0.02034,6.35144,4.23635,1.05621,-0.55449,28.86349,29.79572,357.0116,0.04486,0.01333,-0.02203,0.05172,23.90181
10.40597,4.04978,1.55985,-0.7197,35.64559,15.13917,1.75544,0.00658,0.01044,-0.00255,0.0126,2.89509,3.8275,0.79618,-0.75461,60.17232,348.4248,314.6732,0.00012,0.01097,0.02207,0.02465,3.11499,4.23744,1.05635,-0.55494,28.84268,29.96627,356.2766,0.03581,0.00667,-0.01567,0.03965,23.8559
10.42821,4.04974,1.56016,-0.71971,35.51484,15.06388,1.60231,0.00206,0.01543,0.00055,0.01558,6.71094,3.82793,0.79625,-0.75458,60.21626,348.61,314.7326,0.01604,0.00358,0.00425,0.01697,5.31257,4.23874,1.05724,-0.55533,28.23064,30.64751,356.7135,0.06058,0.03703,-0.01956,0.07364,35.56245
10.45044,4.04999,1.56058,-0.71965,35.34087,15.03258,1.52956,0.00662,0.01706,0.00154,0.01836,7.38765,3.82823,0.79627,-0.75445,60.26385,348.7947,314.801,0.0148,0.00211,0.00502,0.01577,5.7619,4.24005,1.05811,-0.5558,27.81771,31.22108,356.7068,0.05987,0.03804,-0.02037,0.0738,33.16784
10.48379,4.05035,1.56178,-0.71936,34.84724,15.06925,1.44309,0.00963,0.03144,0.00685,0.03359,13.13054,3.82835,0.79629,-0.7543,60.21291,348.7912,314.6593,0.00631,0.00091,0.00465,0.0079,4.19652,4.24096,1.05951,-0.55589,27.4076,31.26893,355.86,0.03542,0.04108,-0.00704,0.0547,26.68496
10.51714,4.05066,1.56356,-0.71927,33.98859,15.0852,1.25282,0.0095,0.04782,0.00374,0.0489,23.1052,3.82821,0.79609,-0.75422,60.17929,348.6972,314.6396,-0.00151,-0.00416,0.0029,0.00529,1.28334,4.24203,1.0622,-0.55584,26.48759,31.46613,355.168,0.03285,0.07075,-0.00069,0.07801,33.87086
10.55048,4.05094,1.56717,-0.71832,32.28387,14.89036,0.97543,0.00871,0.09305,0.02233,0.09609,44.40964,3.82844,0.79575,-0.75471,60.30564,348.7714,314.687,0.00481,-0.00872,-0.01026,0.0143,2.70148,4.24137,1.06717,-0.55476,24.40058,31.23598,356.278,-0.00664,0.12948,0.02409,0.13187,57.29218
10.5838,4.05115,1.57221,-0.71676,29.89081,14.38546,0.50812,0.00682,0.1368,0.04079,0.14291,65.98459,3.82867,0.79528,-0.75531,60.45076,348.8001,314.6345,0.00649,-0.01274,-0.01596,0.02143,4.34477,4.24101,1.07189,-0.5541,22.76742,31.10789,356.6035,-0.00985,0.13843,0.02094,0.14035,52.0095
10.61714,4.05087,1.57738,-0.71542,27.44166,13.83297,359.9832,-0.0046,0.15043,0.04034,0.15581,72.94579,3.82886,0.79507,-0.75574,60.5416,348.783,314.6136,0.00577,-0.00781,-0.01377,0.01685,3.08028,4.24094,1.07539,-0.55359,21.58757,31.0332,356.6547,-0.00394,0.11343,0.01669,0.11472,39.46265
10.63939,4.04956,1.58792,-0.71329,22.21187,12.46198,359.4873,-0.04374,0.3881,0.0831,0.39931,196.3559,3.82886,0.79507,-0.75574,60.5416,348.783,314.6136,0.00144,-0.00195,-0.00344,0.00421,0.77007,4.24094,1.07539,-0.55359,21.58757,31.0332,356.6547,-0.00099,0.02836,0.00417,0.02868,9.86566
10.66143,4.04902,1.59322,-0.71236,19.69187,11.80739,359.1262,-0.03403,0.31438,0.06277,0.32239,156.9837,3.82886,0.79507,-0.75574,60.5416,348.783,314.6136,0.00072,-0.00098,-0.00172,0.00211,0.38504,4.24094,1.07539,-0.55359,21.58757,31.0332,356.6547,-0.00049,0.01418,0.00209,0.01434,4.93283
10.69462,4.04736,1.60241,-0.71193,15.42199,10.60639,358.5859,-0.04593,0.28625,0.02535,0.29101,139.205,3.82886,0.79507,-0.75574,60.5416,348.783,314.6136,0.00018,-0.00024,-0.00043,0.00053,0.09626,4.24094,1.07539,-0.55359,21.58757,31.0332,356.6547,-0.00012,0.00354,0.00052,0.00358,1.23321
10.71669,4.04607,1.60863,-0.7118,12.4513,9.74272,358.1937,-0.05787,0.28516,0.0085,0.29109,141.1937,3.82886,0.79507,-0.75574,60.5416,348.783,314.6136,0.00005,-0.00006,-0.00011,0.00013,0.02406,4.24094,1.07539,-0.55359,21.58757,31.0332,356.6547,-0.00003,0.00089,0.00013,0.0009,0.3083
10.73881,4.04452,1.61431,-0.71244,9.86935,8.61268,358.0363,-0.06915,0.26028,-0.02431,0.2704,128.4495,3.82886,0.79507,-0.75574,60.5416,348.783,314.6136,0.00001,-0.00002,-0.00003,0.00003,0.00602,4.24094,1.07539,-0.55359,21.58757,31.0332,356.6547,-0.00001,0.00022,0.00003,0.00022,0.07708
10.76099,4.04313,1.61914,-0.71315,7.70262,7.65619,357.9673,-0.06357,0.22723,-0.03006,0.23786,112.3729,3.82886,0.79507,-0.75574,60.5416,348.783,314.6136,0,0,-0.00001,0.00001,0.0015,4.24094,1.07539,-0.55359,21.58757,31.0332,356.6547,0,0.00006,0.00001,0.00006,0.01927
10.78319,4.04146,1.62331,-0.71463,5.85428,6.6768,358.02,-0.07569,0.19076,-0.06668,0.21579,96.02361,3.82886,0.79507,-0.75574,60.5416,348.783,314.6136,0,0,0,0,0.00038,4.24094,1.07539,-0.55359,21.58757,31.0332,356.6547,0,0.00001,0,0.00001,0.00482
10.8054,4.03964,1.6267,-0.71616,4.33418,5.78831,357.9491,-0.08363,0.15191,-0.07487,0.18888,79.7738,3.82886,0.79507,-0.75574,60.5416,348.783,314.6136,0,0,0,0,0.00009,4.24094,1.07539,-0.55359,21.58757,31.0332,356.6547,0,0,0,0,0.0012
10.82758,4.03797,1.62958,-0.71766,3.03136,4.90685,357.9715,-0.07595,0.13596,-0.06799,0.16993,73.79863,3.82886,0.79507,-0.75574,60.5416,348.783,314.6136,0,0,0,0,0.00002,4.24094,1.07539,-0.55359,21.58757,31.0332,356.6547,0,0,0,0,0.0003
10.84974,4.03631,1.632,-0.7194,1.759,3.94095,358.0761,-0.07518,0.11714,-0.07513,0.15817,71.51091,3.82886,0.79507,-0.75574,60.5416,348.783,314.6136,0,0,0,0,0.00001,4.24094,1.07539,-0.55359,21.58757,31.0332,356.6547,0,0,0,0,0.00008
10.87192,4.03478,1.63383,-0.72112,1.03279,3.21193,357.8755,-0.07058,0.08383,-0.07843,0.13476,49.61401,3.82886,0.79507,-0.75574,60.5416,348.783,314.6136,0,0,0,0,0,4.24094,1.07539,-0.55359,21.58757,31.0332,356.6547,0,0,0,0,0.00002
10.89411,4.03322,1.63489,-0.72266,0.53427,2.46002,358.0014,-0.07144,0.06093,-0.07077,0.11758,43.71774,3.82886,0.79507,-0.75574,60.5416,348.783,314.6136,0,0,0,0,0,4.24094,1.07539,-0.55359,21.58757,31.0332,356.6547,0,0,0,0,0
10.91633,4.03139,1.636,-0.72375,359.9196,1.36771,358.378,-0.08032,0.05526,-0.05395,0.11143,55.44558,3.82886,0.79507,-0.75574,60.5416,348.783,314.6136,0,0,0,0,0,4.24094,1.07539,-0.55359,21.58757,31.0332,356.6547,0,0,0,0,0
10.93854,4.02928,1.63659,-0.7247,359.5738,0.20354,358.4867,-0.08925,0.03695,-0.04677,0.10732,53.29495,3.82886,0.79507,-0.75574,60.5416,348.783,314.6136,0,0,0,0,0,4.24094,1.07539,-0.55359,21.58757,31.0332,356.6547,0,0,0,0,0
10.96072,4.02745,1.63631,-0.72598,359.7831,359.281,358.2978,-0.08337,0.00345,-0.05472,0.09978,43.31798,3.82886,0.79507,-0.75574,60.5416,348.783,314.6136,0,0,0,0,0,4.24094,1.07539,-0.55359,21.58757,31.0332,356.6547,0,0,0,0,0
10.98294,4.02571,1.63611,-0.72721,359.9495,358.3262,358.368,-0.07942,0.00421,-0.05462,0.09648,42.94647,3.82886,0.79507,-0.75574,60.5416,348.783,314.6136,0,0,0,0,0,4.24094,1.07539,-0.55359,21.58757,31.0332,356.6547,0,0,0,0,0
11.00515,4.02387,1.63549,-0.72781,0.14534,356.8546,358.8664,-0.08198,-0.00736,-0.03348,0.08885,60.08271,3.82886,0.79507,-0.75574,60.5416,348.783,314.6136,0,0,0,0,0,4.24094,1.07539,-0.55359,21.58757,31.0332,356.6547,0,0,0,0,0
11.02735,4.02198,1.63603,-0.72821,359.8504,355.7374,358.7504,-0.08365,0.01481,-0.02169,0.08768,52.75018,3.82886,0.79507,-0.75574,60.5416,348.783,314.6136,0,0,0,0,0,4.24094,1.07539,-0.55359,21.58757,31.0332,356.6547,0,0,0,0,0
11.04954,4.02024,1.63612,-0.72901,359.8526,354.7446,358.6879,-0.07923,0.00404,-0.03273,0.08582,46.54089,3.82886,0.79507,-0.75574,60.5416,348.783,314.6136,0,0,0,0,0,4.24094,1.07539,-0.55359,21.58757,31.0332,356.6547,0,0,0,0,0
11.07174,4.01866,1.63568,-0.72992,0.1948,353.721,358.7578,-0.07313,-0.01379,-0.03878,0.08392,47.57338,3.82886,0.79507,-0.75574,60.5416,348.783,314.6136,0,0,0,0,0,4.24094,1.07539,-0.55359,21.58757,31.0332,356.6547,0,0,0,0,0
11.09394,4.01698,1.63574,-0.73062,0.15825,352.5313,359.2202,-0.07597,0.00034,-0.03279,0.08274,55.6405,3.82886,0.79507,-0.75574,60.5416,348.783,314.6136,0,0,0,0,0,4.24094,1.07539,-0.55359,21.58757,31.0332,356.6547,0,0,0,0,0
11.11615,4.01494,1.63611,-0.73123,359.9468,351.1537,359.6568,-0.08928,0.01309,-0.02829,0.09456,64.22733,3.82886,0.79507,-0.75574,60.5416,348.783,314.6136,0,0,0,0,0,4.24094,1.07539,-0.55359,21.58757,31.0332,356.6547,0,0,0,0,0
11.13837,4.01286,1.63634,-0.73194,359.8899,349.8294,359.8142,-0.09093,0.0113,-0.03152,0.0969,59.50434,3.82886,0.79507,-0.75574,60.5416,348.783,314.6136,0,0,0,0,0,4.24094,1.07539,-0.55359,21.58757,31.0332,356.6547,0,0,0,0,0
11.16059,4.01048,1.63592,-0.73264,0.18648,348.3851,359.7516,-0.10438,-0.01261,-0.03214,0.10994,64.41857,3.82886,0.79507,-0.75574,60.5416,348.783,314.6136,0,0,0,0,0,4.24094,1.07539,-0.55359,21.58757,31.0332,356.6547,0,0,0,0,0
11.18281,4.00801,1.6355,-0.73335,0.44744,346.8074,359.7748,-0.11014,-0.01716,-0.03132,0.11579,70.40385,3.82886,0.79507,-0.75574,60.5416,348.783,314.6136,0,0,0,0,0,4.24094,1.07539,-0.55359,21.58757,31.0332,356.6547,0,0,0,0,0
11.20501,4.00564,1.63546,-0.73391,0.47632,345.1966,359.8735,-0.10745,-0.00507,-0.02665,0.11082,71.79713,3.82886,0.79507,-0.75574,60.5416,348.783,314.6136,0,0,0,0,0,4.24094,1.07539,-0.55359,21.58757,31.0332,356.6547,0,0,0,0,0
11.22722,4.00308,1.6354,-0.73454,0.52535,343.4013,0.02022,-0.11463,-0.00439,-0.0287,0.11825,79.39173,3.82886,0.79507,-0.75574,60.5416,348.783,314.6136,0,0,0,0,0,4.24094,1.07539,-0.55359,21.58757,31.0332,356.6547,0,0,0,0,0
11.24943,4.00022,1.635,-0.7355,0.74028,341.3784,0.40451,-0.12872,-0.01674,-0.04137,0.13624,92.92367,3.82886,0.79507,-0.75574,60.5416,348.783,314.6136,0,0,0,0,0,4.24094,1.07539,-0.55359,21.58757,31.0332,356.6547,0,0,0,0,0
11.27164,3.99687,1.63466,-0.73662,0.97086,339.0893,0.77924,-0.14631,-0.01494,-0.04836,0.15482,101.8986,3.82886,0.79507,-0.75574,60.5416,348.783,314.6136,0,0,0,0,0,4.24094,1.07539,-0.55359,21.58757,31.0332,356.6547,0,0,0,0,0
11.29386,3.99333,1.6344,-0.73777,1.04073,336.9144,0.75136,-0.15578,-0.01238,-0.05107,0.16441,97.6713,3.82886,0.79507,-0.75574,60.5416,348.783,314.6136,0,0,0,0,0,4.24094,1.07539,-0.55359,21.58757,31.0332,356.6547,0,0,0,0,0
11.31608,3.99018,1.63422,-0.73912,1.16778,335.2984,0.39364,-0.14235,-0.00959,-0.05734,0.15376,78.11668,3.82886,0.79507,-0.75574,60.5416,348.783,314.6136,0,0,0,0,0,4.24094,1.07539,-0.55359,21.58757,31.0332,356.6547,0,0,0,0,0
11.33829,3.98847,1.6341,-0.74012,1.29573,334.3493,0.27357,-0.09393,-0.00634,-0.04729,0.10535,53.3912,3.82886,0.79507,-0.75574,60.5416,348.783,314.6136,0,0,0,0,0,4.24094,1.07539,-0.55359,21.58757,31.0332,356.6547,0,0,0,0,0
11.36049,3.98714,1.63404,-0.74089,1.39252,333.3066,0.76816,-0.06775,-0.00292,-0.03708,0.07729,51.23285,3.82886,0.79507,-0.75574,60.5416,348.783,314.6136,0,0,0,0,0,4.24094,1.07539,-0.55359,21.58757,31.0332,356.6547,0,0,0,0,0
11.38271,3.98587,1.63422,-0.74138,1.28599,332.4459,0.99522,-0.06247,0.00254,-0.02951,0.06913,45.64012,3.82886,0.79507,-0.75574,60.5416,348.783,314.6136,0,0,0,0,0,4.24094,1.07539,-0.55359,21.58757,31.0332,356.6547,0,0,0,0,0
11.40493,3.9846,1.63415,-0.74187,1.27351,331.6826,0.8766,-0.05448,-0.00232,-0.0219,0.05876,33.67463,3.82886,0.79507,-0.75574,60.5416,348.783,314.6136,0,0,0,0,0,4.24094,1.07539,-0.55359,21.58757,31.0332,356.6547,0,0,0,0,0
11.42715,3.98335,1.63384,-0.74231,1.40116,330.9063,0.71642,-0.05551,-0.01057,-0.01986,0.0599,35.5527,3.82886,0.79507,-0.75574,60.5416,348.783,314.6136,0,0,0,0,0,4.24094,1.07539,-0.55359,21.58757,31.0332,356.6547,0,0,0,0,0
11.44935,3.98212,1.63359,-0.74278,1.53347,330.1141,0.57532,-0.05592,-0.01158,-0.02159,0.06105,36.60746,3.82886,0.79507,-0.75574,60.5416,348.783,314.6136,0,0,0,0,0,4.24094,1.07539,-0.55359,21.58757,31.0332,356.6547,0,0,0,0,0
11.47156,3.98097,1.63324,-0.74334,1.72775,329.3108,0.46602,-0.05375,-0.01387,-0.02405,0.0605,37.69105,3.82886,0.79507,-0.75574,60.5416,348.783,314.6136,0,0,0,0,0,4.24094,1.07539,-0.55359,21.58757,31.0332,356.6547,0,0,0,0,0
11.49377,3.97962,1.63294,-0.74402,1.81964,328.4748,0.33924,-0.05946,-0.0148,-0.02989,0.06817,38.58533,3.82886,0.79507,-0.75574,60.5416,348.783,314.6136,0,0,0,0,0,4.24094,1.07539,-0.55359,21.58757,31.0332,356.6547,0,0,0,0,0
11.51599,3.9783,1.63261,-0.7448,1.85098,327.8135,0.07721,-0.0588,-0.01333,-0.03291,0.06869,33.18895,3.82886,0.79507,-0.75574,60.5416,348.783,314.6136,0,0,0,0,0,4.24094,1.07539,-0.55359,21.58757,31.0332,356.6547,0,0,0,0,0
11.53821,3.97742,1.63289,-0.74519,1.73461,327.4404,359.9524,-0.04298,0.00729,-0.02047,0.04816,21.05116,3.82886,0.79507,-0.75574,60.5416,348.783,314.6136,0,0,0,0,0,4.24094,1.07539,-0.55359,21.58757,31.0332,356.6547,0,0,0,0,0
11.56043,3.97695,1.63308,-0.74551,1.64631,327.1862,0.1045,-0.02579,0.00693,-0.01672,0.0315,14.89842,3.82886,0.79507,-0.75574,60.5416,348.783,314.6136,0,0,0,0,0,4.24094,1.07539,-0.55359,21.58757,31.0332,356.6547,0,0,0,0,0
11.58264,3.97667,1.63298,-0.74593,1.73515,327.001,0.3495,-0.01558,-0.00215,-0.01827,0.02411,13.74693,3.82886,0.79507,-0.75574,60.5416,348.783,314.6136,0,0,0,0,0,4.24094,1.07539,-0.55359,21.58757,31.0332,356.6547,0,0,0,0,0
11.60486,3.97646,1.63283,-0.74637,1.77259,327.0235,0.44856,-0.01015,-0.00442,-0.01893,0.02193,5.89133,3.82886,0.79507,-0.75574,60.5416,348.783,314.6136,0,0,0,0,0,4.24094,1.07539,-0.55359,21.58757,31.0332,356.6547,0,0,0,0,0
11.62708,3.97634,1.63291,-0.74659,1.71742,327.1746,0.42771,-0.00529,0.00268,-0.01051,0.01207,5.84266,3.82886,0.79507,-0.75574,60.5416,348.783,314.6136,0,0,0,0,0,4.24094,1.07539,-0.55359,21.58757,31.0332,356.6547,0,0,0,0,0
11.64929,3.97658,1.63305,-0.74658,1.69924,327.5327,0.39049,0.00744,0.00463,-0.00209,0.00901,13.95744,3.82886,0.79507,-0.75574,60.5416,348.783,314.6136,0,0,0,0,0,4.24094,1.07539,-0.55359,21.58757,31.0332,356.6547,0,0,0,0,0
11.6715,3.97701,1.63298,-0.74652,1.76287,327.9362,0.46893,0.01449,-0.0014,0.00057,0.01457,15.78112,3.82886,0.79507,-0.75574,60.5416,348.783,314.6136,0,0,0,0,0,4.24094,1.07539,-0.55359,21.58757,31.0332,356.6547,0,0,0,0,0
11.69371,3.97732,1.63291,-0.74658,1.69857,328.095,0.87369,0.01069,-0.00169,-0.00317,0.01128,15.46532,3.82886,0.79507,-0.75574,60.5416,348.783,314.6136,0,0,0,0,0,4.24094,1.07539,-0.55359,21.58757,31.0332,356.6547,0,0,0,0,0
11.71593,3.97703,1.63327,-0.74707,1.44134,327.9956,1.31887,-0.00816,0.01254,-0.01768,0.02316,19.16513,3.82886,0.79507,-0.75574,60.5416,348.783,314.6136,0,0,0,0,0,4.24094,1.07539,-0.55359,21.58757,31.0332,356.6547,0,0,0,0,0
11.73814,3.97669,1.63368,-0.74744,1.23118,327.9008,1.35208,-0.01331,0.01533,-0.01662,0.02624,10.9344,3.82886,0.79507,-0.75574,60.5416,348.783,314.6136,0,0,0,0,0,4.24094,1.07539,-0.55359,21.58757,31.0332,356.6547,0,0,0,0,0
11.76036,3.97634,1.63381,-0.74793,1.22901,327.7952,1.2382,-0.01435,0.00727,-0.02029,0.02589,5.14016,3.82886,0.79507,-0.75574,60.5416,348.783,314.6136,0,0,0,0,0,4.24094,1.07539,-0.55359,21.58757,31.0332,356.6547,0,0,0,0,0
11.78259,3.97613,1.63362,-0.74843,1.40738,327.7125,1.12589,-0.01067,-0.0047,-0.02174,0.02467,7.4395,3.82886,0.79507,-0.75574,60.5416,348.783,314.6136,0,0,0,0,0,4.24094,1.07539,-0.55359,21.58757,31.0332,356.6547,0,0,0,0,0
11.8048,3.97616,1.63296,-0.74901,1.85154,327.7468,0.95593,-0.00127,-0.02383,-0.02433,0.03408,17.34891,3.82886,0.79507,-0.75574,60.5416,348.783,314.6136,0,0,0,0,0,4.24094,1.07539,-0.55359,21.58757,31.0332,356.6547,0,0,0,0,0
11.82703,3.97628,1.63215,-0.7493,2.28504,327.913,0.75546,0.00392,-0.03312,-0.01395,0.03615,21.07128,3.82886,0.79507,-0.75574,60.5416,348.783,314.6136,0,0,0,0,0,4.24094,1.07539,-0.55359,21.58757,31.0332,356.6547,0,0,0,0,0
11.84924,3.97629,1.63204,-0.74934,2.20904,327.9432,0.80406,0.00069,-0.00948,-0.00474,0.01062,2.54593,3.82886,0.79507,-0.75574,60.5416,348.783,314.6136,0,0,0,0,0,4.24094,1.07539,-0.55359,21.58757,31.0332,356.6547,0,0,0,0,0
11.87146,3.97623,1.63239,-0.74953,1.90828,327.8744,0.99075,-0.00212,0.01034,-0.0084,0.01349,12.13875,3.82886,0.79507,-0.75574,60.5416,348.783,314.6136,0,0,0,0,0,4.24094,1.07539,-0.55359,21.58757,31.0332,356.6547,0,0,0,0,0
11.89369,3.97618,1.63265,-0.75016,1.79578,327.8368,1.06058,-0.00233,0.00986,-0.02508,0.02705,5.56824,3.82886,0.79507,-0.75574,60.5416,348.783,314.6136,0,0,0,0,0,4.24094,1.07539,-0.55359,21.58757,31.0332,356.6547,0,0,0,0,0
11.9159,3.97612,1.63272,-0.75087,1.81672,327.839,1.05819,-0.00302,0.00482,-0.03203,0.03253,1.39206,3.82886,0.79507,-0.75574,60.5416,348.783,314.6136,0,0,0,0,0,4.24094,1.07539,-0.55359,21.58757,31.0332,356.6547,0,0,0,0,0
11.93812,3.97602,1.63282,-0.75134,1.75114,327.8036,0.98494,-0.00447,0.00481,-0.02356,0.02446,3.75908,3.82886,0.79507,-0.75574,60.5416,348.783,314.6136,0,0,0,0,0,4.24094,1.07539,-0.55359,21.58757,31.0332,356.6547,0,0,0,0,0
11.96034,3.97589,1.63308,-0.75184,1.60844,327.7183,0.98551,-0.00519,0.00938,-0.02277,0.02517,5.75206,3.82886,0.79507,-0.75574,60.5416,348.783,314.6136,0,0,0,0,0,4.24094,1.07539,-0.55359,21.58757,31.0332,356.6547,0,0,0,0,0
11.98256,3.9759,1.63314,-0.75237,1.62836,327.6843,0.94741,-0.00035,0.00311,-0.02335,0.02356,1.43802,3.82886,0.79507,-0.75574,60.5416,348.783,314.6136,0,0,0,0,0,4.24094,1.07539,-0.55359,21.58757,31.0332,356.6547,0,0,0,0,0
12.00477,3.97602,1.63292,-0.75312,1.71691,327.7096,0.88661,0.00431,-0.00617,-0.0306,0.03151,3.79451,3.82886,0.79507,-0.75574,60.5416,348.783,314.6136,0,0,0,0,0,4.24094,1.07539,-0.55359,21.58757,31.0332,356.6547,0,0,0,0,0
12.02702,3.97614,1.63276,-0.75358,1.7757,327.7747,0.75362,0.0055,-0.00738,-0.02144,0.02334,7.46518,3.82886,0.79507,-0.75574,60.5416,348.783,314.6136,0,0,0,0,0,4.24094,1.07539,-0.55359,21.58757,31.0332,356.6547,0,0,0,0,0
12.04921,3.97625,1.63265,-0.7539,1.91016,327.8704,0.63266,0.00504,-0.00558,-0.0161,0.01777,9.06275,3.82886,0.79507,-0.75574,60.5416,348.783,314.6136,0,0,0,0,0,4.24094,1.07539,-0.55359,21.58757,31.0332,356.6547,0,0,0,0,0
12.07143,3.97637,1.6326,-0.75412,1.9088,327.9473,0.56796,0.00466,-0.00144,-0.01178,0.01275,4.44837,3.82886,0.79507,-0.75574,60.5416,348.783,314.6136,0,0,0,0,0,4.24094,1.07539,-0.55359,21.58757,31.0332,356.6547,0,0,0,0,0
12.09365,3.97632,1.6331,-0.75436,1.67498,327.9116,0.65257,-0.00085,0.01725,-0.01179,0.02091,8.50214,3.82886,0.79507,-0.75574,60.5416,348.783,314.6136,0,0,0,0,0,4.24094,1.07539,-0.55359,21.58757,31.0332,356.6547,0,0,0,0,0
12.11586,3.97628,1.63339,-0.75482,1.57816,327.8955,0.69141,-0.00153,0.01309,-0.019,0.02312,4.34657,3.82886,0.79507,-0.75574,60.5416,348.783,314.6136,0,0,0,0,0,4.24094,1.07539,-0.55359,21.58757,31.0332,356.6547,0,0,0,0,0
12.13808,3.9764,1.63338,-0.75513,1.59301,327.9257,0.64397,0.0039,0.00333,-0.01476,0.01563,1.08664,3.82886,0.79507,-0.75574,60.5416,348.783,314.6136,0,0,0,0,0,4.24094,1.07539,-0.55359,21.58757,31.0332,356.6547,0,0,0,0,0
12.16029,3.97643,1.63343,-0.75533,1.5742,327.9354,0.6301,0.00176,0.00214,-0.00903,0.00944,0.27166,3.82886,0.79507,-0.75574,60.5416,348.783,314.6136,0,0,0,0,0,4.24094,1.07539,-0.55359,21.58757,31.0332,356.6547,0,0,0,0,0
12.18252,3.97683,1.63348,-0.75562,1.59997,328.104,0.64442,0.01235,0.00163,-0.01184,0.01719,5.08791,3.82886,0.79507,-0.75574,60.5416,348.783,314.6136,0,0,0,0,0,4.24094,1.07539,-0.55359,21.58757,31.0332,356.6547,0,0,0,0,0
12.20474,3.97712,1.6335,-0.75609,1.61261,328.1458,0.73934,0.01224,0.00163,-0.01865,0.02237,3.67134,3.82886,0.79507,-0.75574,60.5416,348.783,314.6136,0,0,0,0,0,4.24094,1.07539,-0.55359,21.58757,31.0332,356.6547,0,0,0,0,0
12.22697,3.9773,1.63372,-0.75639,1.48142,328.186,0.76974,0.00872,0.0082,-0.01257,0.01736,5.21206,3.82886,0.79507,-0.75574,60.5416,348.783,314.6136,0,0,0,0,0,4.24094,1.07539,-0.55359,21.58757,31.0332,356.6547,0,0,0,0,0
12.24919,3.97744,1.63406,-0.75638,1.28058,328.2575,0.62063,0.00703,0.01395,-0.00218,0.01577,10.30698,3.82886,0.79507,-0.75574,60.5416,348.783,314.6136,0,0,0,0,0,4.24094,1.07539,-0.55359,21.58757,31.0332,356.6547,0,0,0,0,0
12.27141,3.97772,1.63424,-0.75648,1.21468,328.3581,0.57671,0.013,0.0102,-0.00314,0.01682,7.06744,3.82886,0.79507,-0.75574,60.5416,348.783,314.6136,0,0,0,0,0,4.24094,1.07539,-0.55359,21.58757,31.0332,356.6547,0,0,0,0,0
12.29362,3.97813,1.63453,-0.75657,1.08697,328.4014,0.62985,0.01696,0.0126,-0.00392,0.02149,6.19633,3.82886,0.79507,-0.75574,60.5416,348.783,314.6136,0,0,0,0,0,4.24094,1.07539,-0.55359,21.58757,31.0332,356.6547,0,0,0,0,0
12.31584,3.97852,1.6349,-0.75664,0.92108,328.4385,0.62383,0.01707,0.0154,-0.0029,0.02318,7.10185,3.82886,0.79507,-0.75574,60.5416,348.783,314.6136,0,0,0,0,0,4.24094,1.07539,-0.55359,21.58757,31.0332,356.6547,0,0,0,0,0
12.33805,3.97868,1.63533,-0.75652,0.77778,328.4524,0.58676,0.00897,0.01887,0.00377,0.02123,6.87832,3.82886,0.79507,-0.75574,60.5416,348.783,314.6136,0,0,0,0,0,4.24094,1.07539,-0.55359,21.58757,31.0332,356.6547,0,0,0,0,0
12.36027,3.97878,1.63566,-0.75639,0.63772,328.475,0.48584,0.00589,0.01569,0.00501,0.01749,6.71963,3.82886,0.79507,-0.75574,60.5416,348.783,314.6136,0,0,0,0,0,4.24094,1.07539,-0.55359,21.58757,31.0332,356.6547,0,0,0,0,0
12.38249,3.9789,1.63582,-0.7564,0.56699,328.4988,0.46448,0.00466,0.00831,0.00096,0.00958,3.0647,3.82886,0.79507,-0.75574,60.5416,348.783,314.6136,0,0,0,0,0,4.24094,1.07539,-0.55359,21.58757,31.0332,356.6547,0,0,0,0,0
12.40471,3.97931,1.63594,-0.75639,0.57493,328.5868,0.34999,0.01346,0.00722,-0.00025,0.01527,4.93678,3.82886,0.79507,-0.75574,60.5416,348.783,314.6136,0,0,0,0,0,4.24094,1.07539,-0.55359,21.58757,31.0332,356.6547,0,0,0,0,0
12.42693,3.97953,1.63626,-0.7563,0.36954,328.5798,0.35785,0.01017,0.01267,0.004,0.01673,7.96112,3.82886,0.79507,-0.75574,60.5416,348.783,314.6136,0,0,0,0,0,4.24094,1.07539,-0.55359,21.58757,31.0332,356.6547,0,0,0,0,0
12.44915,3.97969,1.63661,-0.75613,0.15887,328.5464,0.3306,0.00823,0.01464,0.00671,0.01809,9.17593,3.82886,0.79507,-0.75574,60.5416,348.783,314.6136,0,0,0,0,0,4.24094,1.07539,-0.55359,21.58757,31.0332,356.6547,0,0,0,0,0
12.47137,3.97984,1.63706,-0.75598,359.9085,328.5233,0.25472,0.00742,0.01944,0.00692,0.02193,11.31329,3.82886,0.79507,-0.75574,60.5416,348.783,314.6136,0,0,0,0,0,4.24094,1.07539,-0.55359,21.58757,31.0332,356.6547,0,0,0,0,0
12.49359,3.9801,1.63772,-0.75601,359.5347,328.4679,0.27847,0.01153,0.02825,0.00031,0.03051,15.81551,3.82886,0.79507,-0.75574,60.5416,348.783,314.6136,0,0,0,0,0,4.24094,1.07539,-0.55359,21.58757,31.0332,356.6547,0,0,0,0,0
12.51581,3.9804,1.63854,-0.75625,359.1253,328.2981,0.33534,0.01277,0.03538,-0.00887,0.03865,18.81239,3.82886,0.79507,-0.75574,60.5416,348.783,314.6136,0,0,0,0,0,4.24094,1.07539,-0.55359,21.58757,31.0332,356.6547,0,0,0,0,0
12.53804,3.98045,1.63949,-0.75657,358.6565,328.1413,0.30825,0.00464,0.04148,-0.01272,0.04363,21.34319,3.82886,0.79507,-0.75574,60.5416,348.783,314.6136,0,0,0,0,0,4.24094,1.07539,-0.55359,21.58757,31.0332,356.6547,0,0,0,0,0
12.56026,3.98043,1.64065,-0.75692,357.9947,327.8932,0.31955,0.00108,0.04744,-0.01423,0.04954,28.26327,3.82886,0.79507,-0.75574,60.5416,348.783,314.6136,0,0,0,0,0,4.24094,1.07539,-0.55359,21.58757,31.0332,356.6547,0,0,0,0,0
12.58248,3.98034,1.64189,-0.75743,357.3128,327.5634,0.3854,-0.00264,0.05346,-0.02117,0.05756,32.01949,3.82886,0.79507,-0.75574,60.5416,348.783,314.6136,0,0,0,0,0,4.24094,1.07539,-0.55359,21.58757,31.0332,356.6547,0,0,0,0,0
12.6047,3.98037,1.64228,-0.75753,357.1016,327.489,0.3909,0.00006,0.02215,-0.00753,0.0234,13.02291,3.82886,0.79507,-0.75574,60.5416,348.783,314.6136,0,0,0,0,0,4.24094,1.07539,-0.55359,21.58757,31.0332,356.6547,0,0,0,0,0
12.62692,3.98043,1.6438,-0.75923,356.3484,326.9373,0.38612,0.00201,0.04873,-0.04554,0.06672,30.12998,3.82886,0.79507,-0.75574,60.5416,348.783,314.6136,0,0,0,0,0,4.24094,1.07539,-0.55359,21.58757,31.0332,356.6547,0,0,0,0,0
12.64915,3.98045,1.64426,-0.75981,356.0526,326.662,0.37702,0.00103,0.02796,-0.03511,0.0449,22.87587,3.82886,0.79507,-0.75574,60.5416,348.783,314.6136,0,0,0,0,0,4.24094,1.07539,-0.55359,21.58757,31.0332,356.6547,0,0,0,0,0
12.67137,3.98046,1.64422,-0.76017,356.0803,326.4486,0.30173,0.00075,-0.00001,-0.0203,0.02031,11.38987,3.82886,0.79507,-0.75574,60.5416,348.783,314.6136,0,0,0,0,0,4.24094,1.07539,-0.55359,21.58757,31.0332,356.6547,0,0,0,0,0
12.69359,3.98052,1.64402,-0.76045,356.2064,326.2733,0.32834,0.00219,-0.00546,-0.01501,0.01612,9.22762,3.82886,0.79507,-0.75574,60.5416,348.783,314.6136,0,0,0,0,0,4.24094,1.07539,-0.55359,21.58757,31.0332,356.6547,0,0,0,0,0
12.71582,3.98054,1.64338,-0.76071,356.5063,325.9697,0.50913,0.00047,-0.02019,-0.01286,0.02394,16.22174,3.82886,0.79507,-0.75574,60.5416,348.783,314.6136,0,0,0,0,0,4.24094,1.07539,-0.55359,21.58757,31.0332,356.6547,0,0,0,0,0
12.73805,3.9802,1.64256,-0.76091,356.8967,325.5264,0.70936,-0.01102,-0.03062,-0.01025,0.03412,23.14874,3.8327,0.79365,-0.75901,61.27648,345.675,314.4472,0.17266,-0.06415,-0.1469,0.2356,137.3275,4.22943,1.07777,-0.53625,20.79903,26.64307,354.3035,-0.51782,0.10709,0.78,0.94233,190.5895
12.76027,3.97972,1.64183,-0.76112,357.2782,325.1263,0.7675,-0.01892,-0.03156,-0.00952,0.03801,24.6103,3.83239,0.79407,-0.75784,61.17788,345.6033,314.0925,0.03434,-0.00108,0.00325,0.03451,26.59095,4.22891,1.07868,-0.53565,20.52639,26.53503,354.2119,-0.14606,0.05692,0.2153,0.26632,53.26152
12.7936,3.97845,1.64082,-0.76157,357.758,324.2291,0.6535,-0.03325,-0.03065,-0.0124,0.04689,28.97329,3.83195,0.79501,-0.75658,60.9651,345.4694,313.8574,-0.00144,0.02092,0.02915,0.0359,7.2417,4.2284,1.07913,-0.53485,20.50964,26.39187,353.9124,-0.04795,0.02438,0.07195,0.08984,17.95659
12.82693,3.97725,1.64045,-0.76247,357.9796,323.2142,0.46257,-0.03533,-0.01597,-0.02331,0.04524,30.83993,3.83092,0.79576,-0.75438,60.60178,345.1017,313.5332,-0.0235,0.02209,0.05692,0.06543,10.62664,4.2278,1.0791,-0.53433,20.51618,26.2452,353.7568,-0.02551,0.00554,0.0296,0.03946,8.23167
12.84915,3.97672,1.64058,-0.76274,357.9343,322.7643,0.33779,-0.02954,-0.00507,-0.01774,0.03483,25.58329,3.83057,0.79609,-0.7533,60.49477,345.1297,313.768,-0.01947,0.01842,0.05264,0.05907,8.86929,4.22768,1.07913,-0.53414,20.42002,26.32168,353.845,-0.01536,0.00349,0.01903,0.0247,3.39268
12.8936,3.97626,1.64084,-0.76285,357.7592,322.2351,0.2108,-0.01516,0.00401,-0.006,0.01678,15.95809,3.83042,0.79648,-0.75186,60.42248,345.2424,313.7568,-0.00659,0.01102,0.03747,0.03961,2.86529,4.22681,1.07772,-0.53374,20.74461,26.15649,353.8388,-0.01817,-0.02321,0.01117,0.03152,5.43854
12.92691,3.97618,1.64129,-0.76262,357.615,322.161,0.3267,-0.00544,0.01113,0.00356,0.01289,6.85205,3.83003,0.79677,-0.75094,60.27641,345.0577,313.6907,-0.01048,0.00939,0.03007,0.0332,4.86111,4.22618,1.07702,-0.5333,20.87848,26.06517,353.8907,-0.01878,-0.02171,0.01273,0.0314,5.37152
12.96024,3.97622,1.6416,-0.76215,357.4847,322.1902,0.40239,-0.00062,0.00972,0.01163,0.01517,4.48918,3.82994,0.79689,-0.75039,60.24812,345.0483,313.86,-0.00464,0.00491,0.01979,0.02091,4.82737,4.22568,1.07698,-0.53289,20.82987,25.98579,354.0324,-0.01595,-0.00623,0.0123,0.02109,4.95325
12.98246,3.97646,1.64153,-0.76167,357.561,322.4034,0.43377,0.00746,-0.00031,0.01679,0.01838,6.77966,3.82997,0.79675,-0.75072,60.39899,345.2361,314.121,0.00082,-0.00306,-0.00577,0.00658,7.75851,4.22539,1.07734,-0.53236,20.84611,25.87976,353.9205,-0.01221,0.01099,0.0207,0.02642,2.60748
13.00468,3.97655,1.64136,-0.76144,357.6089,322.4485,0.43837,0.00577,-0.00399,0.01353,0.01524,4.70947,3.83016,0.79677,-0.75063,60.43791,345.3511,314.35,0.00476,-0.0011,-0.00098,0.00498,6.96843,4.22527,1.07753,-0.53198,20.78755,25.89105,353.9256,-0.00886,0.00977,0.01896,0.0231,1.29836
13.02691,3.97665,1.64091,-0.76093,357.8029,322.5654,0.40118,0.00444,-0.0166,0.02196,0.02788,9.38195,3.83039,0.79655,-0.75102,60.492,345.3784,314.3966,0.00845,-0.00888,-0.01579,0.01999,1.74211,4.22523,1.07786,-0.53147,20.77299,25.88059,353.8669,-0.00423,0.01357,0.02137,0.02567,2.57409
13.04913,3.97671,1.6405,-0.76043,358.0807,322.6158,0.31641,0.00358,-0.01742,0.02225,0.02848,11.08964,3.83055,0.79639,-0.75116,60.53845,345.4781,314.5679,0.00775,-0.00824,-0.01116,0.01589,3.30481,4.22513,1.07813,-0.53106,20.75578,25.86028,353.8351,-0.00448,0.01277,0.01997,0.02413,2.00337
13.08246,3.97686,1.63957,-0.75959,358.6506,322.7808,0.04872,0.00416,-0.02531,0.02451,0.03547,17.32343,3.83089,0.796,-0.75159,60.66679,345.5525,314.7779,0.00976,-0.01084,-0.01246,0.01919,5.22188,4.2249,1.07931,-0.53025,20.50263,25.7369,353.751,-0.00615,0.02982,0.02314,0.03824,6.58224
13.10468,3.97684,1.63915,-0.75913,358.8267,322.7437,359.9565,0.00028,-0.01953,0.02113,0.02878,10.40488,3.83089,0.79598,-0.75189,60.64717,345.4879,314.5842,0.00193,-0.00213,-0.01237,0.0127,3.7016,4.22499,1.08006,-0.52976,20.37794,25.75486,353.7233,-0.00007,0.03073,0.02311,0.03845,5.16247
13.1269,3.97688,1.63885,-0.75868,359.0196,322.7973,359.7989,0.00106,-0.01658,0.02077,0.0266,10.78882,3.83098,0.79587,-0.7521,60.69552,345.4804,314.602,0.0031,-0.00351,-0.01101,0.01196,1.73651,4.22503,1.08048,-0.52939,20.33404,25.73921,353.6616,0.00099,0.02482,0.02005,0.03192,4.10402
13.16023,3.97708,1.63829,-0.75786,359.4291,323.0151,359.4502,0.00471,-0.01677,0.02357,0.02931,15.60967,3.83139,0.79566,-0.75261,60.87492,345.6151,314.8607,0.01002,-0.00571,-0.01423,0.01832,5.36475,4.22527,1.08077,-0.52897,20.20745,25.79414,353.8387,0.00564,0.01259,0.01445,0.01998,4.81731
13.18245,3.97765,1.63726,-0.75711,0.08661,323.5231,359.1588,0.02024,-0.03973,0.03072,0.05415,33.45341,3.83167,0.79582,-0.75278,60.94687,345.6988,314.8042,0.01109,0.00421,-0.0085,0.01459,5.30812,4.2253,1.08073,-0.5286,20.14341,25.83633,353.9647,0.00186,0.00005,0.01585,0.01595,4.5683
13.20467,3.97813,1.63635,-0.75635,0.66723,324.0412,358.8375,0.02095,-0.04022,0.03246,0.05577,35.64861,3.83173,0.79566,-0.75288,60.99639,345.6801,314.7538,0.00693,-0.00135,-0.00649,0.00959,3.89012,4.22524,1.08063,-0.52839,20.1775,25.7925,353.9674,-0.00043,-0.00236,0.01265,0.01287,2.21493
13.2269,3.97909,1.63506,-0.75488,1.47373,325.0786,358.1903,0.03843,-0.054,0.0594,0.089,58.5634,3.83183,0.79568,-0.75274,61.0274,345.7422,314.7314,0.00541,0.00171,0.00384,0.00685,4.70036,4.22491,1.08072,-0.52813,20.12689,25.65574,354.0804,-0.01035,0.00511,0.01195,0.01662,7.96717
13.24912,3.98074,1.6333,-0.75287,2.60449,326.524,357.6722,0.05646,-0.0666,0.07497,0.11508,72.28493,3.83162,0.79593,-0.75236,60.99497,345.5464,314.3609,-0.00209,0.00652,0.01046,0.0125,7.06193,4.22467,1.08174,-0.52785,19.61753,25.67183,354.5756,-0.01058,0.02549,0.01235,0.03024,19.31429
13.27134,3.98363,1.63028,-0.75014,4.39257,328.7387,357.347,0.11625,-0.12399,0.11299,0.2041,118.9292,3.83101,0.79619,-0.75119,60.77705,345.338,314.4048,-0.02255,0.0106,0.04508,0.05151,11.73033,4.22434,1.08313,-0.52744,19.18106,25.62146,354.8894,-0.01486,0.05321,0.01745,0.05794,21.47713
13.29356,3.98621,1.6274,-0.74774,6.02484,330.7068,357.0783,0.11616,-0.12683,0.11052,0.20443,117.7323,3.83077,0.79642,-0.75023,60.61007,345.277,314.609,-0.0165,0.01048,0.04417,0.0483,12.50947,4.22398,1.08402,-0.527,19.05781,25.47247,354.8528,-0.01553,0.04662,0.01877,0.0526,13.88669
13.32689,3.992,1.62183,-0.74325,9.09313,335.0747,356.7658,0.1595,-0.15705,0.12853,0.25812,150.4213,3.83102,0.79725,-0.74834,60.21371,345.4935,315.0085,0.0015,0.02148,0.05366,0.05782,13.08175,4.22307,1.08573,-0.52593,18.82553,25.19736,354.7806,-0.02441,0.05008,0.02878,0.06271,10.86219
13.36022,3.99891,1.61584,-0.73854,12.46488,340.3104,356.2592,0.19524,-0.174,0.13828,0.29583,179.8386,3.83099,0.79768,-0.74616,59.83123,345.7257,315.5947,-0.00034,0.01486,0.06233,0.06408,15.68934,4.22187,1.08829,-0.52474,18.16836,24.98825,355.2499,-0.03307,0.07026,0.0339,0.08473,21.8794
13.38243,4.0052,1.61051,-0.73614,15.29564,344.7426,355.8258,0.25927,-0.221,0.11232,0.35871,223.01,3.83127,0.79771,-0.74509,59.61493,345.7932,315.8013,0.00872,0.00403,0.05094,0.05184,12.71023,4.21993,1.09152,-0.52299,17.33178,24.3932,355.5639,-0.07224,0.12942,0.06666,0.16252,43.52475
13.40465,4.0105,1.60609,-0.73406,17.63734,348.477,355.9965,0.24895,-0.21011,0.10309,0.34169,209.7632,3.83115,0.79763,-0.74408,59.40923,345.6899,315.9527,0.00178,0.00015,0.04814,0.04818,13.31455,4.21911,1.09404,-0.52224,16.54863,24.21954,356.0144,-0.05451,0.12138,0.05038,0.14228,42.47649
13.43798,4.01883,1.59966,-0.73125,20.58093,354.0033,356.7946,0.24969,-0.19718,0.08883,0.33033,189.0623,3.83198,0.79731,-0.74343,59.28646,345.8832,316.6236,0.01918,-0.00708,0.02674,0.03367,14.7322,4.21736,1.09803,-0.5213,15.41786,23.87632,357.019,-0.05303,0.12013,0.03358,0.13554,46.59543
13.46019,4.02467,1.59494,-0.7311,22.62358,357.6427,357.8279,0.25628,-0.20566,0.02493,0.32954,180.551,3.83346,0.79705,-0.74394,59.24957,346.3863,316.7398,0.05851,-0.01188,-0.01488,0.06153,14.43046,4.21622,1.10037,-0.52106,15.20657,23.31019,356.6662,-0.05028,0.10878,0.01438,0.1207,26.68058
13.48242,4.02975,1.59094,-0.73047,24.52306,1.15355,358.6352,0.24242,-0.19262,0.02681,0.31079,175.3431,3.8345,0.79674,-0.74408,59.18216,346.6773,316.8603,0.05267,-0.01292,-0.01071,0.05528,11.86518,4.21536,1.10264,-0.52086,14.72785,22.84875,356.6646,-0.04469,0.10545,0.01168,0.11512,27.68344
13.50464,4.03417,1.58824,-0.73073,25.58336,4.27514,359.431,0.2082,-0.1378,0.00193,0.24968,144.7969,3.83588,0.79626,-0.74504,59.2152,347.0037,317.1324,0.05953,-0.0207,-0.03697,0.07307,7.63368,4.21431,1.10516,-0.52158,13.79524,22.61742,357.583,-0.04842,0.1084,-0.02313,0.12095,52.20205
13.52686,4.03861,1.58524,-0.7301,26.76156,7.3465,0.2159,0.20398,-0.13649,0.01511,0.2459,141.036,3.8371,0.79559,-0.74581,59.28029,347.3421,317.4645,0.05729,-0.02538,-0.03567,0.0721,7.71999,4.21325,1.10654,-0.52208,13.29356,22.31252,358.2883,-0.04809,0.08508,-0.02275,0.10035,47.6917
13.5602,4.04398,1.58155,-0.73027,28.04386,10.80046,1.1508,0.17166,-0.11709,-0.00003,0.20779,111.463,3.83895,0.79415,-0.74757,59.44147,347.7804,317.6463,0.0559,-0.03893,-0.04862,0.08369,9.16436,4.21188,1.10711,-0.52337,13.35856,21.71134,358.3235,-0.04293,0.03418,-0.03471,0.06493,21.63735
13.59353,4.04865,1.57855,-0.73052,29.00452,13.66427,1.69873,0.14814,-0.09676,-0.00563,0.17703,91.09685,3.84004,0.79325,-0.74901,59.14915,347.8424,317.4877,0.03861,-0.02984,-0.04442,0.06598,8.45676,4.21043,1.10852,-0.5253,13.02403,21.16335,358.5819,-0.04325,0.04038,-0.05213,0.07886,21.90725
13.62687,4.05268,1.57665,-0.73041,29.43344,16.07447,1.9106,0.12774,-0.06698,0.0011,0.14424,75.34264,3.83952,0.79191,-0.75093,59.06554,346.7163,316.5314,-0.00208,-0.03767,-0.05449,0.06627,12.8681,4.20898,1.11031,-0.52714,11.8212,20.87879,0.54765,-0.04337,0.05031,-0.05443,0.08588,57.60186
13.64909,4.05432,1.57561,-0.73045,29.65369,16.8414,1.86678,0.08991,-0.05565,-0.00072,0.10574,48.25481,3.83986,0.79144,-0.75225,59.04451,346.7823,317.062,0.01817,-0.02396,-0.05677,0.06425,16.07402,4.20812,1.11092,-0.52858,11.45288,20.59237,0.89844,-0.03802,0.03356,-0.0623,0.08033,31.91471
13.67131,4.05575,1.57407,-0.73052,30.13745,17.46626,1.96656,0.0771,-0.06247,-0.00205,0.09925,40.28018,3.84085,0.79118,-0.75335,58.94508,347.45,317.8524,0.03125,-0.01795,-0.05315,0.06421,15.74839,4.20746,1.11166,-0.52978,11.109,20.3854,1.20074,-0.03381,0.03342,-0.05829,0.07521,27.77171
13.70463,4.05717,1.57142,-0.7311,31.3036,17.73487,2.01995,0.05122,-0.0753,-0.01351,0.09206,33.93016,3.84209,0.78953,-0.75614,59.70305,348.037,318.1443,0.03583,-0.04146,-0.07609,0.09377,18.6308,4.20592,1.11181,-0.5313,11.07577,19.91667,1.61163,-0.04304,0.01166,-0.04868,0.06601,21.26326
13.72685,4.05628,1.57018,-0.73177,32.19555,16.73199,1.48387,-0.02359,-0.05722,-0.02222,0.06576,46.06409,3.84295,0.78886,-0.75794,59.77288,348.8163,317.1805,0.03179,-0.03769,-0.0822,0.09586,51.92062,4.20376,1.11094,-0.5318,11.37064,19.07059,1.48669,-0.08491,-0.02867,-0.02866,0.0941,33.61538
13.74907,4.05632,1.56916,-0.73161,32.62025,16.45924,1.1137,-0.01089,-0.05167,-0.0076,0.05335,34.32849,3.84201,0.78781,-0.75959,60.38949,347.8473,316.4461,-0.00528,-0.04257,-0.0783,0.08928,29.75421,4.20148,1.1097,-0.53235,11.73045,18.208,1.6908,-0.09393,-0.04217,-0.02682,0.1064,38.88013
13.77129,4.05509,1.56942,-0.73057,32.33007,15.11055,0.27881,-0.04097,-0.00462,0.03215,0.05228,41.27115,3.84136,0.78861,-0.76014,60.32675,348.0977,316.2349,-0.02167,0.01061,-0.04356,0.0498,22.77367,4.19813,1.1054,-0.53289,12.99523,16.95098,1.83681,-0.12673,-0.15042,-0.02868,0.19876,64.80624
13.79352,4.05477,1.56909,-0.72994,32.50122,14.46221,359.8751,-0.02786,-0.00986,0.03014,0.04222,33.10992,3.84066,0.78833,-0.76117,60.68358,347.9205,315.7191,-0.02672,-0.00081,-0.04495,0.0523,22.16094,4.19578,1.10204,-0.53377,14.13669,16.0225,1.23219,-0.11634,-0.15077,-0.03414,0.19347,64.55627
13.82685,4.0538,1.56851,-0.7293,32.86992,13.28753,359.2818,-0.02864,-0.01554,0.02213,0.03939,31.73526,3.83845,0.78818,-0.76162,60.92525,347.1277,314.1566,-0.05647,-0.00358,-0.02126,0.06044,27.2271,4.19404,1.09822,-0.53556,15.25519,15.50245,359.985,-0.06813,-0.12368,-0.04885,0.14941,50.31507
13.84907,4.05268,1.56808,-0.72903,33.14743,12.35281,358.9108,-0.04505,-0.01828,0.01548,0.05102,35.90806,3.83539,0.78672,-0.76263,61.87494,344.3888,309.9987,-0.11223,-0.04768,-0.04044,0.12847,88.73631,4.19406,1.09484,-0.53687,16.17143,15.55553,359.6857,-0.023,-0.14379,-0.05475,0.15557,42.4808
13.87129,4.05206,1.56749,-0.72861,33.44021,11.71799,358.6164,-0.03649,-0.02252,0.01717,0.04619,31.50341,3.83482,0.78717,-0.76262,61.88412,345.0187,309.438,-0.06886,-0.01372,-0.01996,0.07299,64.05106,4.19274,1.09153,-0.53796,17.06542,15.16063,359.6577,-0.0412,-0.14631,-0.05198,0.16064,41.87434
13.90462,4.05081,1.5665,-0.72786,33.99096,10.50687,358.1402,-0.0371,-0.02786,0.02125,0.05103,34.04255,3.83445,0.78824,-0.76146,62.26118,346.378,310.6311,-0.02561,0.0207,0.0211,0.03911,22.34245,4.19017,1.08522,-0.53954,18.81871,14.28367,0.26554,-0.06833,-0.17854,-0.04839,0.1972,57.02758
13.92685,4.04984,1.56565,-0.72743,34.39713,9.69029,357.9384,-0.03991,-0.03433,0.01913,0.05601,34.60656,3.83321,0.78989,-0.75952,61.57435,346.5913,310.6625,-0.04888,0.05718,0.06708,0.10079,23.00991,4.18794,1.08073,-0.54071,20.15835,13.34202,0.41863,-0.08969,-0.1915,-0.05213,0.21779,67.84707
13.94907,4.04909,1.5652,-0.72674,34.59661,9.15176,357.7791,-0.03688,-0.02727,0.02514,0.05231,28.7035,3.8306,0.79168,-0.75696,60.54211,345.5949,309.5857,-0.08313,0.06884,0.09117,0.14129,35.23294,4.18732,1.07783,-0.54204,20.76298,13.0031,359.7851,-0.05867,-0.16099,-0.05617,0.18032,48.16722
13.97129,4.04846,1.56477,-0.72619,34.83715,8.59032,357.5929,-0.03259,-0.02324,0.02483,0.0471,26.4382,3.8289,0.79311,-0.75525,60.09037,345.0619,308.9201,-0.07982,0.06667,0.08396,0.13367,29.89964,4.1877,1.0747,-0.54331,21.4704,13.11438,359.8016,-0.02084,-0.15102,-0.05658,0.16261,38.03852
13.99351,4.05674,1.56434,-0.72067,35.14392,7.97225,357.5267,-0.03476,-0.02121,0.02779,0.0493,27.89427,3.83766,0.79376,-0.74978,60.23307,345.0745,308.5372,-0.04776,0.04792,0.05638,0.08807,17.61035,4.19612,1.07025,-0.53948,22.60462,12.86088,1.04794,-0.02574,-0.17548,-0.05091,0.18452,53.76138
14.03796,4.09586,1.56358,-0.70191,35.63311,6.79729,357.3201,-0.03641,-0.01773,0.02441,0.04728,27.1736,3.87477,0.79712,-0.72743,58.11515,343.9016,308.0741,-0.07302,0.06931,0.0921,0.13644,40.78166,4.23406,1.0617,-0.52354,25.01092,11.28487,1.2491,-0.057,-0.19346,-0.04335,0.20629,65.42925
14.07129,4.12504,1.56303,-0.6878,35.92142,5.89806,357.22,-0.03737,-0.01691,0.01799,0.04479,26.8313,3.90171,0.80095,-0.70968,56.21799,343.0013,310.3302,-0.09696,0.10354,0.11662,0.18364,88.06594,4.26501,1.05791,-0.51087,25.90084,10.83554,359.5018,-0.00255,-0.13349,-0.03149,0.13718,47.07026
14.10462,4.15374,1.56257,-0.6733,36.21292,4.65501,357.0314,-0.04513,-0.01445,0.01755,0.05054,33.20264,3.93008,0.80165,-0.69549,55.9142,341.4821,309.8749,-0.06746,0.04156,0.03541,0.08678,46.51426,4.29386,1.05107,-0.49796,27.65228,10.08513,0.9132,-0.03304,-0.1874,-0.03054,0.19272,60.68732
14.13796,4.18218,1.56218,-0.65823,36.4239,3.43728,356.6933,-0.047,-0.01245,0.01788,0.0518,32.41011,3.9578,0.80369,-0.68012,55.47809,340.6424,311.8046,-0.06875,0.05645,0.02915,0.09361,71.38911,4.3213,1.04225,-0.48503,30.3189,8.70331,1.8127,-0.06661,-0.24517,-0.04224,0.25755,89.86131
14.17129,4.18037,1.56231,-0.65789,36.4067,2.21055,356.3302,-0.05248,-0.00025,0.0121,0.05386,31.62444,3.96114,0.8008,-0.68513,57.15429,341.0586,309.7764,0.05785,-0.05092,-0.10538,0.13056,49.86929,4.31924,1.03579,-0.48619,31.62144,6.32817,357.966,-0.06306,-0.20669,-0.03674,0.2192,86.6055
14.20463,4.17831,1.56244,-0.6572,36.3956,0.77701,356.032,-0.05944,0.00292,0.01874,0.06239,36.66465,3.96314,0.79885,-0.68967,58.30487,340.9914,308.2549,0.05948,-0.0567,-0.12867,0.15267,54.34499,4.3217,1.02818,-0.48752,33.05607,7.93994,359.3441,0.03965,-0.22298,-0.03909,0.22982,47.3332
14.22686,4.17723,1.56283,-0.65666,36.24444,0.16301,355.8308,-0.04976,0.01475,0.02287,0.05672,26.23092,3.96302,0.79855,-0.69153,58.42898,340.2481,307.8304,0.01013,-0.02026,-0.09024,0.09304,16.51674,4.32141,1.02474,-0.48825,33.43834,7.90512,0.00857,-0.00229,-0.16248,-0.03134,0.16549,32.0499
14.24909,4.17639,1.56311,-0.65618,36.19284,359.5772,355.6908,-0.04372,0.01382,0.02229,0.05098,24.7082,3.96323,0.79857,-0.69288,58.51553,340.0627,307.9404,0.00978,-0.00965,-0.07544,0.07668,12.4024,4.3218,1.0225,-0.48867,33.3716,8.22086,0.34455,0.00753,-0.13169,-0.02506,0.13427,19.6663
14.28243,4.1757,1.56374,-0.65538,36.01012,359.0282,355.7636,-0.02645,0.01747,0.0236,0.03952,19.88829,3.96418,0.79901,-0.69487,58.56992,340.3678,309.0693,0.02382,0.00731,-0.06363,0.06833,21.15414,4.32226,1.02079,-0.48933,33.37437,8.75837,0.45059,0.01236,-0.07148,-0.02119,0.07557,12.12699
14.31576,4.17496,1.56428,-0.65461,35.81332,358.4045,355.6248,-0.02348,0.01649,0.02313,0.03685,18.12323,3.96483,0.79919,-0.69713,58.79458,340.2071,309.3449,0.02042,0.00602,-0.06674,0.07006,15.70491,4.32056,1.02,-0.48964,33.52554,7.95562,359.5614,-0.03515,-0.03568,-0.01221,0.05156,16.24255
14.34909,4.17438,1.56469,-0.65418,35.70886,358.0048,355.4674,-0.01891,0.01353,0.01536,0.02786,12.30586,3.96566,0.79883,-0.70007,59.1123,340.1561,309.3675,0.02388,-0.00675,-0.08274,0.08638,10.05455,4.31955,1.01926,-0.48953,33.64287,7.85061,359.9917,-0.03148,-0.02546,-0.0007,0.04049,10.46188
14.38243,4.17404,1.56473,-0.65386,35.73932,357.7627,355.4457,-0.01227,0.00429,0.01118,0.01715,7.52248,3.96655,0.7978,-0.70337,59.69967,340.127,309.3447,0.0259,-0.02467,-0.09509,0.1016,15.43351,4.31888,1.01928,-0.48878,33.53148,7.7827,0.19179,-0.02311,-0.00597,0.01683,0.0292,8.04089
14.41576,4.17378,1.5644,-0.65353,35.85379,357.6294,355.4777,-0.00894,-0.00638,0.01007,0.0149,5.83013,3.96702,0.79677,-0.70635,60.08274,340.0383,309.1522,0.01717,-0.02952,-0.09061,0.09684,12.71823,4.31865,1.02033,-0.48724,33.13718,7.69062,359.9889,-0.01099,0.02223,0.03879,0.04604,9.69591
14.44908,4.17377,1.56435,-0.65322,35.93055,357.6458,355.4799,-0.00252,-0.00289,0.00958,0.01032,2.53714,3.96653,0.79619,-0.70828,60.15607,339.4047,308.7852,-0.00675,-0.02028,-0.06629,0.06965,9.48801,4.31812,1.02149,-0.48553,32.75603,7.61742,0.10265,-0.01458,0.03171,0.04826,0.05956,11.48913
14.47131,4.17381,1.56426,-0.65302,35.98308,357.663,355.4943,-0.00038,-0.00327,0.0093,0.00986,2.39118,3.96614,0.79607,-0.7093,60.1555,339.1187,308.8088,-0.01228,-0.01298,-0.056,0.05878,10.74167,4.31785,1.02236,-0.48437,32.52353,7.55801,0.25391,-0.01345,0.03521,0.05014,0.06272,12.26808
14.49353,4.17396,1.56397,-0.65272,36.05064,357.8028,355.5441,0.00608,-0.01267,0.01298,0.01913,5.2418,3.96569,0.79596,-0.70993,60.21746,338.8336,308.7673,-0.01578,-0.00454,-0.03187,0.03585,7.94145,4.31756,1.02445,-0.48298,31.99853,7.47794,0.27213,-0.01574,0.08737,0.06089,0.10765,22.90558
14.51575,4.17402,1.56383,-0.65243,36.08025,357.8762,355.5933,0.00423,-0.0094,0.01305,0.01663,4.06654,3.96554,0.79575,-0.71078,60.35486,338.6602,308.6602,-0.01121,-0.00696,-0.03524,0.03763,7.15932,4.31693,1.02586,-0.4819,31.68197,7.23425,0.24734,-0.02212,0.07532,0.05465,0.09565,19.83829
14.54909,4.17421,1.56389,-0.65198,36.07705,357.9967,355.621,0.0054,-0.0012,0.01336,0.01446,3.2839,3.96553,0.79572,-0.71145,60.4679,338.8498,308.866,-0.00298,-0.00237,-0.02387,0.02418,4.1381,4.31607,1.02781,-0.48053,31.23974,6.79016,359.836,-0.02476,0.06266,0.04462,0.08082,17.93213
14.58242,4.17445,1.56391,-0.6517,36.14997,358.1246,355.6718,0.00682,0.00018,0.00965,0.01182,3.64601,3.96494,0.79577,-0.7116,60.47655,338.5916,308.8199,-0.01417,0.00058,-0.00933,0.01697,5.30861,4.31551,1.02914,-0.47945,30.98579,6.68281,359.9669,-0.01895,0.04567,0.03538,0.0608,10.9732
14.61576,4.17447,1.5636,-0.65128,36.15802,358.1831,355.6472,0.00219,-0.00685,0.01188,0.01389,1.95142,3.96438,0.79587,-0.71137,60.44556,338.3708,308.7029,-0.01611,0.0024,0.00282,0.01653,4.20998,4.31566,1.02989,-0.47877,30.85341,6.83329,0.04566,-0.00121,0.02821,0.02409,0.03712,5.667
14.63798,4.17448,1.56366,-0.65121,36.21247,358.1772,355.5897,0.00128,-0.00023,0.00554,0.00569,1.55111,3.96446,0.7963,-0.71053,60.42048,338.5538,308.9258,-0.00104,0.01621,0.02995,0.03407,5.15552,4.31536,1.03034,-0.47844,30.68237,6.94339,0.51063,-0.00834,0.02774,0.01868,0.03447,16.7832
14.6602,4.17452,1.56371,-0.65105,36.22104,358.2041,355.5906,0.00158,0.00106,0.00645,0.00673,0.77555,3.96438,0.79648,-0.70998,60.37876,338.6049,309.0869,-0.00225,0.01219,0.02735,0.03003,5.34311,4.3154,1.031,-0.47801,30.45963,7.02895,0.61542,-0.00328,0.02877,0.01904,0.03465,13.20373
14.69354,4.17463,1.56378,-0.65073,36.19867,358.3145,355.6324,0.00292,0.00178,0.00871,0.00936,2.20232,3.96411,0.79663,-0.70911,60.27623,338.5908,309.1088,-0.00655,0.00628,0.02643,0.02795,3.32408,4.3152,1.03144,-0.47761,30.41057,6.96642,0.64886,-0.00539,0.01711,0.01385,0.02267,4.9273
14.72687,4.17486,1.56357,-0.65057,36.18978,358.3432,355.7196,0.00588,-0.00424,0.00575,0.00925,1.63682,3.96383,0.79683,-0.70739,60.08228,338.5049,309.0023,-0.00792,0.00616,0.04542,0.04651,5.11054,4.31413,1.02925,-0.47829,31.3309,6.44536,0.70391,-0.02522,-0.04497,-0.01186,0.05291,23.67935
14.74909,4.17492,1.56356,-0.6505,36.21793,358.3308,355.7027,0.00419,-0.00228,0.00436,0.00646,0.81841,3.96414,0.79701,-0.70642,60.07974,338.7087,309.1841,0.0029,0.007,0.04453,0.04517,3.1652,4.31374,1.02804,-0.47868,31.64619,6.40391,1.33042,-0.02157,-0.04972,-0.01467,0.05614,25.90641
14.78243,4.17496,1.56356,-0.65038,36.28367,358.3184,355.6126,0.00187,-0.00053,0.00384,0.00431,2.20168,3.96484,0.79733,-0.70479,60.0556,339.0876,309.2847,0.01655,0.00912,0.04774,0.05134,7.06373,4.31308,1.02611,-0.47943,32.1158,5.8709,0.74848,-0.02024,-0.05592,-0.02057,0.06293,18.96524
14.81575,4.17505,1.56306,-0.64988,36.30225,358.3034,355.5973,0.00255,-0.01156,0.01221,0.017,0.55042,3.96546,0.7979,-0.70267,59.88338,339.3324,309.4007,0.01815,0.01499,0.05975,0.06422,6.68851,4.31287,1.02321,-0.48048,32.99461,5.6488,0.45284,-0.00961,-0.07923,-0.02882,0.08485,24.93854
14.84908,4.17498,1.56307,-0.64956,36.33936,358.2531,355.5995,-0.00094,-0.00248,0.01042,0.01075,1.38263,3.96604,0.79854,-0.70059,59.66747,339.5974,309.7635,0.01757,0.01818,0.06163,0.06661,7.44108,4.31223,1.01936,-0.48179,34.01971,5.40951,1.05698,-0.01686,-0.10648,-0.03679,0.11391,33.40066
14.87129,4.17492,1.56313,-0.64927,36.38462,358.2528,355.6671,-0.00252,0.00135,0.01279,0.01311,2.60932,3.96663,0.79893,-0.69945,59.60672,339.843,309.9556,0.02505,0.01871,0.0537,0.06214,6.69221,4.31218,1.01769,-0.48251,34.3004,5.38422,0.96612,-0.00595,-0.08032,-0.03339,0.08719,16.33667
14.89351,4.17485,1.56301,-0.64898,36.42196,358.2197,355.7053,-0.00281,-0.00193,0.01291,0.01335,2.95844,3.96722,0.79933,-0.69842,59.55249,340.1035,310.1057,0.02571,0.01836,0.05003,0.05917,6.80152,4.31188,1.01575,-0.48328,34.87568,5.07564,0.39273,-0.00982,-0.08377,-0.03385,0.09089,24.41928
14.92685,4.17459,1.56252,-0.64856,36.54927,358.0544,355.7439,-0.0065,-0.01155,0.01271,0.01836,5.8691,3.96816,0.79995,-0.69705,59.50227,340.4965,310.438,0.02765,0.01844,0.04335,0.05462,6.25043,4.31105,1.01221,-0.48456,35.91669,4.52878,359.5884,-0.02117,-0.10068,-0.03732,0.10944,33.8387
14.94906,4.17427,1.56209,-0.64828,36.8047,357.7486,355.6237,-0.01282,-0.01835,0.01187,0.02534,13.519,3.96872,0.80034,-0.69665,59.52521,340.7459,310.5906,0.02419,0.01705,0.02296,0.03746,5.71765,4.31164,1.01119,-0.48467,35.66567,5.13554,0.0163,0.01668,-0.0567,-0.01185,0.06028,15.65561
14.97128,4.17396,1.56167,-0.64811,37.03251,357.5025,355.5304,-0.0133,-0.01842,0.00993,0.02479,13.63842,3.96921,0.80059,-0.69608,59.48872,340.8638,310.6423,0.02309,0.01429,0.02415,0.03634,4.57851,4.31165,1.0098,-0.4851,35.78772,5.2539,0.31345,0.00859,-0.05959,-0.01571,0.06222,11.5625
15.00461,4.17321,1.56057,-0.64782,37.51242,356.9938,355.3824,-0.02014,-0.02956,0.00885,0.03685,17.98301,3.97008,0.80127,-0.69555,59.43604,341.4214,311.2599,0.02547,0.01892,0.01809,0.03652,7.90897,4.31068,1.00696,-0.48599,36.261,4.95725,1.0965,-0.01963,-0.07894,-0.02396,0.0848,25.68208
15.02683,4.17274,1.55997,-0.64722,37.60887,356.7252,355.3385,-0.02341,-0.0306,0.02701,0.04706,13.27355,3.9699,0.80127,-0.69583,59.44657,341.1887,310.9795,-0.00716,0.00025,-0.01563,0.0172,5.84074,4.30977,1.00446,-0.48651,36.61072,4.40762,0.99914,-0.04275,-0.11281,-0.0229,0.12279,28.50179
15.04906,4.17247,1.55977,-0.64676,37.66367,356.5306,355.3282,-0.01795,-0.01981,0.02395,0.03589,11.00681,3.97001,0.80137,-0.69577,59.37854,341.2798,310.9726,-0.00108,0.00234,-0.00637,0.00687,3.94444,4.3098,1.00193,-0.48705,36.99164,4.36985,0.82241,-0.02062,-0.11328,-0.02379,0.11758,19.67837
15.08238,4.17199,1.55957,-0.64613,37.74607,356.2713,355.2294,-0.01515,-0.00937,0.02002,0.0268,7.85509,3.96988,0.80152,-0.69602,59.373,341.2084,311.1263,-0.00334,0.0039,-0.00734,0.00895,4.16672,4.31006,0.99695,-0.48791,37.61705,4.45351,0.91977,0.00073,-0.14028,-0.02522,0.14254,18.26429
15.11571,4.17125,1.55897,-0.64557,37.91965,355.9647,355.0721,-0.02041,-0.0159,0.01765,0.03132,8.62353,3.96957,0.80095,-0.69708,59.47815,341.1447,311.1665,-0.00771,-0.01182,-0.02562,0.02925,3.99432,4.30985,0.99081,-0.48895,38.40691,4.5266,1.9074,-0.00458,-0.17334,-0.02963,0.17591,31.13243
15.13792,4.17091,1.55868,-0.64522,38.05316,355.7646,355.0979,-0.01602,-0.01282,0.01697,0.02663,10.54689,3.96917,0.80062,-0.69838,59.57177,340.9889,311.0134,-0.01479,-0.01031,-0.05006,0.05321,5.194,4.30913,0.98628,-0.49,39.31776,4.06278,1.44825,-0.02085,-0.18109,-0.03786,0.18618,31.86913
15.16015,4.17065,1.55853,-0.64476,38.16815,355.6129,355.0602,-0.01392,-0.0099,0.01884,0.02543,9.13351,3.96894,0.80066,-0.69923,59.68267,340.8889,311.0081,-0.01241,-0.00446,-0.04402,0.04595,5.76149,4.30935,0.98303,-0.49057,39.71435,4.18725,1.17609,-0.00559,-0.16374,-0.03178,0.16689,26.23867
15.19348,4.17019,1.5582,-0.6438,38.25548,355.4728,354.9947,-0.01386,-0.00991,0.0263,0.03133,4.89387,3.96821,0.80076,-0.70099,59.81742,340.5412,310.8044,-0.01971,0.00123,-0.05068,0.05439,6.78667,4.30965,0.97754,-0.49155,40.36899,4.66115,1.49141,0.00552,-0.16435,-0.02991,0.16714,22.09781
15.22682,4.16972,1.55763,-0.64255,38.37523,355.3283,354.9403,-0.0139,-0.01523,0.03471,0.04037,4.11658,3.96746,0.80069,-0.70311,59.98003,340.2546,310.6587,-0.02179,-0.00115,-0.06039,0.06421,7.08651,4.308,0.97194,-0.49254,41.25547,4.17367,1.75123,-0.03584,-0.16709,-0.02975,0.17345,28.73956
15.26014,4.16958,1.55726,-0.64135,38.53329,355.2492,354.9941,-0.0068,-0.0122,0.03579,0.03842,5.39209,3.96656,0.80062,-0.70558,60.13142,339.8706,310.4676,-0.02559,-0.00196,-0.0707,0.07522,8.10893,4.30596,0.96685,-0.49303,41.82377,3.43709,1.59846,-0.05497,-0.15641,-0.01866,0.16683,25.95387
15.28236,4.16945,1.55687,-0.64054,38.70026,355.2343,354.9695,-0.0064,-0.01675,0.03549,0.03976,7.05861,3.96603,0.80051,-0.70767,60.35596,339.5476,310.2671,-0.02271,-0.00433,-0.08799,0.09097,11.25418,4.30547,0.96327,-0.49289,41.78735,4.0735,2.85227,-0.0189,-0.16002,0.00051,0.16113,35.58083
15.30458,4.16925,1.55647,-0.63978,38.88092,355.1693,354.892,-0.00786,-0.01748,0.03484,0.03976,7.81618,3.96564,0.8004,-0.70947,60.54595,339.3843,310.1168,-0.01997,-0.00462,-0.08455,0.087,10.12391,4.30441,0.9594,-0.49314,42.29642,3.67039,2.37021,-0.03317,-0.16707,-0.00526,0.17041,17.30782
15.3268,4.16915,1.55615,-0.6387,38.97057,355.1318,354.9042,-0.0046,-0.01366,0.04561,0.04783,5.24104,3.96512,0.8003,-0.71162,60.77022,339.0985,309.9471,-0.02213,-0.0043,-0.09267,0.09537,11.90256,4.30235,0.95556,-0.49306,43.00985,2.94136,1.74068,-0.08114,-0.16615,0.00495,0.18497,30.40132
15.34903,4.16906,1.55594,-0.63772,39.06421,355.0478,354.8998,-0.00422,-0.01159,0.04483,0.0465,5.34138,3.96457,0.80022,-0.71351,60.94525,338.765,309.7302,-0.02324,-0.00403,-0.08895,0.09203,11.50471,4.30064,0.95213,-0.49271,43.21257,2.46125,1.55236,-0.07903,-0.16028,0.01031,0.179,23.97467
15.37125,4.16904,1.55575,-0.6365,39.16292,354.9681,354.8692,-0.00166,-0.0095,0.05184,0.05273,5.66928,3.9638,0.80004,-0.71577,61.10722,338.2392,309.3138,-0.03139,-0.00719,-0.09907,0.10417,13.49639,4.29752,0.94765,-0.49172,43.29403,1.46043,1.48473,-0.12664,-0.1968,0.03675,0.23689,37.32491
15.39348,4.16888,1.5553,-0.63525,39.29686,354.8911,354.8517,-0.00454,-0.01473,0.05392,0.05608,6.20083,3.9634,0.79991,-0.71788,61.31701,337.9415,309.0884,-0.02474,-0.00664,-0.09709,0.10041,12.37375,4.29482,0.94291,-0.49093,43.42815,0.54327,1.41637,-0.12405,-0.20509,0.03624,0.24241,38.47013
15.42681,4.16873,1.55469,-0.63334,39.47517,354.8004,354.8308,-0.00445,-0.01741,0.05652,0.05931,5.93482,3.96326,0.79984,-0.72117,61.7058,337.6063,308.8012,-0.00945,-0.00307,-0.09825,0.09875,12.36094,4.29277,0.93322,-0.48927,44.78946,0.49526,0.93759,-0.07714,-0.26921,0.0463,0.28384,33.58035
15.46014,4.16883,1.55447,-0.63123,39.57974,354.7559,354.8141,0.00118,-0.0094,0.06157,0.0623,3.13602,3.96316,0.79988,-0.72446,62.1075,337.3132,308.3882,-0.00456,0.00007,-0.09866,0.09877,13.03278,4.29113,0.92427,-0.48616,45.53407,0.90822,0.49336,-0.05607,-0.26866,0.08176,0.28637,30.74356
15.48236,4.16896,1.55437,-0.62951,39.60839,354.6808,354.7979,0.00437,-0.00602,0.07397,0.07434,2.88256,3.96278,0.80058,-0.72599,62.11794,337.0097,308.3367,-0.01639,0.02305,-0.07636,0.08143,11.14184,4.28897,0.91848,-0.4836,45.4254,0.61653,0.84382,-0.0901,-0.26537,0.10354,0.29877,18.009
15.50458,4.169,1.55417,-0.62804,39.69819,354.5996,354.752,0.00303,-0.00757,0.07006,0.07053,3.88339,3.96228,0.80106,-0.7277,62.20991,336.563,308.1587,-0.01953,0.02217,-0.07668,0.08217,12.64846,4.28692,0.91217,-0.48179,45.76186,0.18926,0.90251,-0.09128,-0.2745,0.09262,0.30374,21.49401
15.52681,4.16898,1.55396,-0.62627,39.80672,354.5203,354.6201,-0.0002,-0.00836,0.078,0.07845,5.85447,3.9618,0.80168,-0.7293,62.25974,336.1266,307.9715,-0.02024,0.02649,-0.0734,0.08061,12.73121,4.28598,0.90529,-0.47941,46.02231,0.62505,1.88118,-0.05091,-0.30107,0.10447,0.32272,30.19774
15.54903,4.16897,1.55379,-0.6244,39.84092,354.4553,354.569,-0.00034,-0.00798,0.08099,0.08138,4.16104,3.96156,0.8024,-0.73093,62.3987,335.8581,307.997,-0.0155,0.0294,-0.0734,0.08057,13.34691,4.28524,0.89843,-0.47725,46.59092,1.049,2.55044,-0.04202,-0.30477,0.10078,0.32374,30.32872
15.58237,4.16894,1.5533,-0.62143,39.85497,354.2912,354.5833,-0.00072,-0.01302,0.08713,0.0881,4.25016,3.96123,0.80368,-0.73337,62.47319,335.4538,307.8153,-0.01132,0.03623,-0.07341,0.08264,9.32455,4.28427,0.88859,-0.47348,47.16547,1.75366,3.73834,-0.03239,-0.29767,0.11014,0.31904,30.23141
15.6157,4.1687,1.55244,-0.61811,40.14381,353.9837,354.5537,-0.00557,-0.02252,0.09651,0.09926,10.12903,3.96079,0.80544,-0.73558,62.48537,335.1471,307.9143,-0.0127,0.04865,-0.06808,0.08464,11.07015,4.28357,0.87923,-0.46896,47.43923,2.12235,4.18635,-0.0238,-0.28495,0.12916,0.31376,16.60934
15.64903,4.16839,1.55182,-0.6148,40.3072,353.614,354.3116,-0.0084,-0.01973,0.09856,0.10087,9.59823,3.95998,0.80736,-0.73772,62.43955,334.5042,307.8431,-0.02145,0.05534,-0.06516,0.08813,15.83562,4.28261,0.86821,-0.46572,48.71514,2.51484,5.35101,-0.02769,-0.31932,0.10527,0.33737,39.07598
15.67124,4.16831,1.55124,-0.61211,40.2408,353.3933,354.2055,-0.004,-0.02501,0.11548,0.11823,7.53506,3.9595,0.80907,-0.73927,62.39368,334.175,307.8672,-0.02115,0.07247,-0.06836,0.10185,15.70421,4.2823,0.86153,-0.46328,49.06631,3.42362,7.53792,-0.01526,-0.29041,0.11696,0.31345,61.71916
15.69347,4.16829,1.55067,-0.60979,40.22694,353.2804,354.1801,-0.00231,-0.02516,0.10993,0.11279,5.93992,3.95895,0.8106,-0.74082,62.33425,333.72,307.7433,-0.02312,0.07059,-0.06899,0.10138,15.77259,4.28152,0.85603,-0.46022,49.00266,3.69461,8.40444,-0.02525,-0.26905,0.12737,0.29874,45.9277
15.72679,4.16825,1.54967,-0.60657,40.51112,353.006,354.2013,-0.00143,-0.02879,0.10005,0.10412,9.94773,3.95801,0.8132,-0.74311,62.11262,333.163,307.9173,-0.02687,0.07614,-0.06871,0.10603,20.7176,4.27838,0.84969,-0.45496,48.93332,2.07104,6.45863,-0.07693,-0.2098,0.15029,0.2693,20.85112
15.74901,4.16809,1.54903,-0.60431,40.74239,352.6811,354.0473,-0.0062,-0.02849,0.10334,0.10737,13.49377,3.95707,0.81547,-0.74484,61.90294,332.6407,307.9986,-0.039,0.096,-0.07776,0.12955,27.06351,4.27578,0.84544,-0.4518,49.13341,1.55328,7.10863,-0.10055,-0.19989,0.14207,0.26505,42.57043
15.77124,4.1679,1.54852,-0.60175,40.70635,352.3908,353.8957,-0.00738,-0.02567,0.10935,0.11256,10.837,3.95623,0.81741,-0.74664,61.77405,332.1476,308.0428,-0.03828,0.09167,-0.07942,0.12718,25.84809,4.27436,0.84041,-0.44889,49.43412,1.85146,8.36596,-0.08221,-0.21297,0.13662,0.26605,44.70255
15.80457,4.1676,1.54776,-0.59736,40.59424,351.8869,353.5713,-0.00848,-0.02352,0.12619,0.12864,11.26309,3.95446,0.82056,-0.74994,61.52214,331.054,307.9006,-0.04937,0.09367,-0.09411,0.14167,28.98809,4.27254,0.83393,-0.44385,49.70416,2.56446,9.89277,-0.0616,-0.19913,0.14741,0.2553,35.62039
15.8379,4.16732,1.54664,-0.59367,40.72833,351.4195,353.3122,-0.00843,-0.03114,0.11448,0.11894,11.12355,3.95285,0.82304,-0.75373,61.34424,329.9736,307.7578,-0.04875,0.07922,-0.10879,0.14314,29.13974,4.26955,0.82812,-0.4387,50.10962,2.2233,9.80486,-0.08261,-0.18056,0.15279,0.25054,16.70558
15.87123,4.16697,1.54573,-0.5902,40.87167,350.9834,353.0643,-0.00998,-0.02823,0.10663,0.11076,10.88929,3.95154,0.8249,-0.75835,61.3881,329.0188,307.6079,-0.0415,0.0617,-0.13108,0.1507,25.73471,4.26446,0.82448,-0.43269,49.85204,0.50869,8.68213,-0.13514,-0.12694,0.17342,0.25387,26.61835
15.89345,4.16662,1.54502,-0.58732,40.686,350.7433,352.957,-0.01404,-0.03145,0.12374,0.12844,10.12266,3.9505,0.82574,-0.76268,61.55631,327.877,306.9348,-0.04426,0.04226,-0.18132,0.19137,27.90624,4.26152,0.82227,-0.4288,50.14919,0.0917,8.39732,-0.12641,-0.11122,0.17376,0.24196,16.3555
15.91567,4.16637,1.54433,-0.58476,40.6658,350.4797,352.8642,-0.0125,-0.03115,0.11957,0.12419,9.65068,3.94964,0.82658,-0.76674,61.74053,326.9291,306.4898,-0.04152,0.04004,-0.18186,0.19079,27.94496,4.25937,0.8199,-0.42464,50.16645,0.19464,8.4483,-0.11139,-0.10894,0.1803,0.2383,7.30666
15.949,4.16584,1.54312,-0.58153,40.86749,350.1458,352.6367,-0.01506,-0.03513,0.10257,0.10946,8.73288,3.94839,0.8273,-0.77334,62.06703,325.2234,305.6317,-0.03851,0.02637,-0.19399,0.19952,31.31886,4.25513,0.81731,-0.4183,50.10768,359.3566,6.99096,-0.12336,-0.08538,0.1878,0.24037,22.44011
15.98234,4.16509,1.54219,-0.57824,40.95262,349.8184,352.2768,-0.02069,-0.02968,0.09959,0.10596,8.64872,3.94795,0.82692,-0.78057,62.58398,323.781,304.8079,-0.01954,-0.00209,-0.2113,0.21221,29.17781,4.25071,0.81446,-0.41288,50.51249,358.4935,5.84861,-0.13026,-0.08542,0.16886,0.22974,23.71127
16.01567,4.16454,1.5413,-0.57451,40.91721,349.4976,352.2058,-0.0175,-0.02743,0.10891,0.11367,7.70496,3.94784,0.82626,-0.78832,63.30269,322.2018,303.4909,-0.00732,-0.01538,-0.22709,0.22773,29.57373,4.24733,0.81153,-0.40788,50.8219,358.656,5.93042,-0.10853,-0.08737,0.15487,0.20832,10.48857
16.04901,4.16406,1.54052,-0.57208,40.98489,349.3323,352.181,-0.01515,-0.0245,0.0819,0.08682,5.46761,3.94731,0.82495,-0.79587,63.96138,320.1164,301.9383,-0.01367,-0.03326,-0.22658,0.22942,33.88798,4.24322,0.80946,-0.40262,50.90059,358.0069,5.02337,-0.11967,-0.06843,0.15685,0.20882,14.6689
16.07123,4.1637,1.54001,-0.57068,41.09025,349.1619,352.1073,-0.01567,-0.02364,0.07243,0.07779,6.4245,3.94713,0.82471,-0.80031,64.27132,319.0955,301.2874,-0.01082,-0.02198,-0.21327,0.21468,30.40556,4.24037,0.80835,-0.39919,50.79129,357.4009,4.29221,-0.12388,-0.05924,0.15581,0.20768,17.40096
16.10456,4.1632,1.53988,-0.56885,41.14752,349.0442,351.8932,-0.01525,-0.00875,0.05937,0.06192,4.65485,3.94733,0.82437,-0.80601,64.7279,317.7343,300.4279,0.00158,-0.01309,-0.18147,0.18195,26.22206,4.23712,0.80664,-0.39483,50.83209,357.2019,4.14462,-0.1042,-0.05323,0.13703,0.18019,6.75876
16.12678,4.16289,1.54017,-0.5674,40.88471,349.0244,351.7778,-0.01403,0.0141,0.06251,0.06559,11.52608,3.94765,0.82425,-0.80891,64.9352,316.976,299.9861,0.01433,-0.0072,-0.13791,0.13884,21.60459,4.23566,0.80562,-0.39241,51.11304,357.3825,3.99692,-0.07262,-0.04857,0.11027,0.14069,17.4889
16.149,4.16263,1.54033,-0.56595,40.70869,349.0099,351.8135,-0.01299,0.01076,0.0637,0.0659,9.37811,3.94807,0.82429,-0.81198,65.20759,316.3284,299.6397,0.01663,-0.00282,-0.1379,0.13893,20.98234,4.23345,0.80502,-0.38965,51.0688,357.0154,3.42564,-0.08604,-0.03777,0.1173,0.1503,13.94373
16.18233,4.16214,1.54046,-0.56403,40.38455,349.1032,351.8952,-0.01413,0.00542,0.05926,0.06116,9.73412,3.94898,0.82441,-0.81542,65.48486,315.6617,299.2119,0.02454,0.00206,-0.11201,0.11469,14.90968,4.22933,0.80464,-0.38582,50.964,355.6472,2.07939,-0.11428,-0.01813,0.11552,0.1635,22.45436
16.21566,4.16147,1.54041,-0.56236,40.44942,349.0605,351.8151,-0.01877,0.00029,0.05238,0.05565,1.52101,3.95007,0.82465,-0.81719,65.63152,315.5369,299.3082,0.03059,0.00595,-0.06777,0.0746,9.22304,4.22625,0.80395,-0.38247,51.07797,355.1382,1.65277,-0.09781,-0.02008,0.10423,0.14434,12.85111
16.24899,4.16063,1.54046,-0.561,40.46194,348.9414,351.7719,-0.02352,0.00126,0.04375,0.04969,2.18467,3.95073,0.82508,-0.81804,65.59569,315.1523,299.2477,0.02259,0.01116,-0.03603,0.04397,9.29331,4.22445,0.80323,-0.37943,51.14838,355.6177,2.60248,-0.06489,-0.02112,0.09446,0.11653,12.93968
16.27122,4.16004,1.54058,-0.55969,40.23116,348.9293,351.9157,-0.02586,0.00354,0.05466,0.06057,8.73829,3.95102,0.8257,-0.81752,65.40014,315.022,299.5247,0.01468,0.02496,0.01183,0.03128,18.85207,4.22294,0.80274,-0.37797,51.16645,355.6053,3.18259,-0.07066,-0.02177,0.06991,0.10176,23.21769
16.29344,4.15958,1.54052,-0.55844,40.14666,348.8099,351.9303,-0.02332,0.00037,0.05556,0.06026,7.5486,3.95126,0.82608,-0.81797,65.33936,314.595,299.659,0.01276,0.02093,-0.0043,0.02489,21.69125,4.22101,0.80233,-0.3762,51.12195,355.2851,3.16029,-0.07874,-0.01996,0.07464,0.11032,17.47414
16.32677,4.15875,1.54002,-0.55683,40.12739,348.4286,351.7986,-0.02455,-0.01098,0.05001,0.05678,8.2919,3.95219,0.82622,-0.81876,65.43221,314.0715,299.7351,0.02412,0.00849,-0.01884,0.03176,18.65408,4.21829,0.80118,-0.37409,51.17894,354.7169,2.8895,-0.0809,-0.03105,0.06632,0.10912,12.37355
16.3601,4.15778,1.5393,-0.55545,40.21546,347.9258,351.4942,-0.02791,-0.01911,0.04377,0.05532,10.64314,3.95331,0.82638,-0.81997,65.47411,313.6084,299.3958,0.03116,0.00569,-0.03185,0.04492,8.65596,4.21693,0.7992,-0.37214,51.369,355.0345,3.50417,-0.05086,-0.05216,0.06029,0.09456,11.44984
16.39343,4.15691,1.5388,-0.55376,40.24173,347.4988,351.3053,-0.02644,-0.016,0.04886,0.05781,10.25498,3.95458,0.82662,-0.82134,65.58439,313.2573,299.4445,0.03651,0.00693,-0.03871,0.05366,11.27659,4.21653,0.79698,-0.37053,51.47552,355.6616,4.15597,-0.02172,-0.06301,0.05144,0.08419,11.76309
16.41566,4.15634,1.53849,-0.55218,40.15082,347.2904,351.1452,-0.02533,-0.0154,0.0652,0.07163,8.12159,3.95551,0.82707,-0.8225,65.57673,313.3266,299.9123,0.04151,0.01695,-0.04717,0.06508,14.97368,4.21605,0.79537,-0.36997,51.73021,355.6326,4.03583,-0.0226,-0.07109,0.03241,0.08133,10.12936
16.43787,4.156,1.5381,-0.5512,40.20055,347.1277,350.9885,-0.02035,-0.01656,0.05452,0.0605,6.75088,3.95609,0.82696,-0.82435,65.76861,312.5739,299.5101,0.03367,0.00595,-0.06533,0.07373,15.88542,4.2157,0.79375,-0.36927,52.003,355.8646,4.20046,-0.01917,-0.0721,0.03196,0.08116,11.90901
16.4712,4.1557,1.53774,-0.54967,40.263,347.051,350.8646,-0.0119,-0.01229,0.04824,0.05119,3.84376,3.95688,0.82712,-0.82725,65.91911,311.8896,298.7194,0.0263,0.00501,-0.08163,0.08591,9.09814,4.21557,0.79106,-0.36841,52.57573,356.4525,4.43088,-0.00769,-0.07868,0.02726,0.08362,18.92194
16.50452,4.15521,1.53758,-0.54719,40.00595,347.0239,350.7856,-0.01407,-0.00663,0.06785,0.06962,5.9077,3.9571,0.82769,-0.83031,66.05874,310.9773,298.2648,0.01143,0.01415,-0.08929,0.09112,14.0143,4.21492,0.78922,-0.36718,52.52777,356.7659,4.8459,-0.01665,-0.06102,0.03462,0.07211,7.58681
16.53785,4.15466,1.53694,-0.54511,39.8604,346.9312,350.7636,-0.0157,-0.0161,0.06367,0.06753,5.02736,3.95669,0.82838,-0.83373,66.12695,309.945,297.9485,-0.00635,0.01907,-0.09919,0.10121,20.35724,4.214,0.78672,-0.36633,52.80846,356.9526,4.94875,-0.02485,-0.07151,0.02768,0.08061,8.18911
16.57119,4.15409,1.536,-0.54352,40.02909,346.8121,350.6278,-0.01678,-0.02508,0.05176,0.05991,3.8552,3.95647,0.8288,-0.83792,66.38335,308.6791,297.1348,-0.00645,0.01424,-0.11898,0.12001,19.74929,4.2127,0.78405,-0.36562,53.12917,357.0717,5.25992,-0.0353,-0.07792,0.02291,0.08856,10.49406
16.59341,4.15352,1.53542,-0.54205,40.05192,346.6307,350.5418,-0.02425,-0.02578,0.06425,0.07335,5.67933,3.95623,0.82926,-0.84084,66.42445,307.874,296.44,-0.01026,0.01856,-0.12844,0.13018,16.66575,4.21164,0.78245,-0.36516,53.3011,357.1223,5.30903,-0.04508,-0.07491,0.02018,0.08972,9.37356
16.61563,4.15304,1.53497,-0.54071,40.03441,346.4638,350.4809,-0.02299,-0.02308,0.06227,0.07028,5.88414,3.95619,0.82965,-0.8435,66.52415,307.1131,295.9259,-0.0059,0.01793,-0.12397,0.1254,16.54352,4.21068,0.78086,-0.36465,53.46749,357.1049,5.28925,-0.0441,-0.07319,0.02164,0.08815,8.39913
16.64897,4.15173,1.53424,-0.53904,40.02331,345.8999,350.1429,-0.03532,-0.02213,0.05317,0.06756,11.1641,3.95633,0.82994,-0.84782,66.78373,306.048,295.112,0.00162,0.01102,-0.12833,0.12881,15.73528,4.20843,0.77885,-0.36362,53.53949,357.0609,5.53188,-0.06162,-0.06355,0.02868,0.09305,7.34764
16.68229,4.15046,1.53356,-0.53778,40.13642,345.3365,349.8307,-0.03746,-0.02095,0.04178,0.0599,12.79477,3.95639,0.83031,-0.85217,66.99272,304.8017,294.2052,0.00176,0.01103,-0.12994,0.13042,17.05188,4.20665,0.77724,-0.36245,53.609,357.0951,5.27517,-0.05555,-0.05204,0.03336,0.08311,5.4334
16.71563,4.14911,1.53282,-0.53653,40.12781,344.6673,349.6827,-0.03954,-0.02187,0.03861,0.05943,16.11056,3.95635,0.83056,-0.85661,67.19593,303.3284,293.1041,-0.00036,0.00852,-0.13234,0.13261,19.10602,4.20442,0.77612,-0.36125,53.82122,357.0453,4.71228,-0.06397,-0.03819,0.03545,0.08251,14.05434
16.74896,4.14791,1.53229,-0.53542,40.09732,344.2365,349.481,-0.03694,-0.01729,0.0345,0.05342,11.59325,3.95654,0.83091,-0.86031,67.31634,302.1733,292.3107,0.00415,0.01004,-0.11647,0.11698,16.81171,4.20171,0.77518,-0.35993,53.82555,356.8448,4.70581,-0.07687,-0.03069,0.03859,0.09132,3.17432
16.77118,4.14729,1.53189,-0.53524,40.26648,344.0876,349.3644,-0.0291,-0.01777,0.0137,0.03675,8.63672,3.95701,0.83111,-0.86223,67.40102,301.7118,292.1082,0.01324,0.00798,-0.09464,0.0959,13.26041,4.2,0.77515,-0.35883,53.70258,356.9725,4.98795,-0.07651,-0.00817,0.04595,0.08962,7.69199
16.7934,4.14682,1.53153,-0.53469,40.34903,343.9087,349.3176,-0.02517,-0.0171,0.01908,0.03592,8.03549,3.9572,0.83145,-0.86427,67.34656,301.2435,291.7593,0.01081,0.01164,-0.09324,0.09458,11.04198,4.19833,0.77493,-0.35801,53.767,356.8547,4.71692,-0.07585,-0.00903,0.04141,0.08689,0.79203
16.82673,4.14625,1.53124,-0.53387,40.421,343.7739,349.3792,-0.01917,-0.01078,0.02333,0.03206,6.09328,3.95781,0.83192,-0.86699,67.51295,300.4922,291.4197,0.01647,0.01345,-0.08456,0.08719,13.35814,4.19552,0.77521,-0.35648,53.72421,356.245,3.70206,-0.08212,0.00402,0.0448,0.09363,14.52313
16.84895,4.14579,1.53117,-0.53361,40.33751,343.739,349.3826,-0.02005,-0.00508,0.01288,0.02437,1.84463,3.95803,0.83236,-0.8678,67.48972,300.1202,291.284,0.01008,0.01882,-0.04491,0.04973,11.47294,4.19404,0.77555,-0.35529,53.65287,356.2816,3.72884,-0.07013,0.01099,0.04948,0.08653,5.11999
16.87118,4.14527,1.53108,-0.53341,40.41772,343.5639,349.3006,-0.02168,-0.00461,0.01104,0.02476,4.06684,3.95796,0.83275,-0.86892,67.40166,299.6808,291.1297,0.0036,0.01817,-0.04766,0.05114,12.73462,4.19248,0.77553,-0.35437,53.56557,356.1318,3.75547,-0.07031,0.00507,0.04544,0.08387,4.58586
16.90451,4.14468,1.53098,-0.53309,40.42043,343.3034,349.1213,-0.01864,-0.00326,0.00988,0.02135,5.3551,3.95755,0.83322,-0.86982,67.20849,299.2958,291.2411,-0.0084,0.01526,-0.03211,0.03653,14.89198,4.19089,0.7755,-0.35311,53.49291,356.1232,3.7294,-0.0532,0.00058,0.0397,0.06638,2.59375
16.92673,4.14447,1.53108,-0.53257,40.20115,343.2996,349.1467,-0.01231,0.00321,0.02017,0.02385,7.623,3.95738,0.83314,-0.87046,67.25492,298.7923,290.8003,-0.00864,-0.00017,-0.03065,0.03185,8.88876,4.19045,0.77521,-0.35262,53.62205,356.4392,4.04588,-0.02974,-0.00889,0.02628,0.04067,7.30885
16.94895,4.14421,1.53114,-0.53216,40.11353,343.3078,349.1663,-0.0119,0.00295,0.01926,0.02283,5.79241,3.95741,0.83338,-0.8712,67.29489,298.5043,290.57,-0.00361,0.00539,-0.03182,0.03248,7.11314,4.18946,0.77499,-0.35196,53.63064,356.4203,4.14783,-0.03721,-0.0095,0.02786,0.04745,5.48048
16.98228,4.14398,1.53111,-0.53178,40.09579,343.3537,349.1082,-0.00818,-0.00002,0.01338,0.01568,2.6712,3.9575,0.83344,-0.87111,67.32136,298.4767,290.5594,0.00107,0.00271,-0.00608,0.00675,2.2524,4.18843,0.77477,-0.35097,53.62774,356.538,4.37816,-0.03245,-0.00741,0.02928,0.04433,4.74284
17.0045,4.14393,1.53095,-0.53131,40.1466,343.3674,349.1715,-0.00409,-0.00584,0.01993,0.02116,0.88954,3.95731,0.83376,-0.87067,67.22285,298.5382,290.6553,-0.00671,0.01184,0.01179,0.01801,3.42515,4.18808,0.77455,-0.35038,53.6353,356.6926,4.56501,-0.02134,-0.01104,0.02678,0.03598,7.2143
17.02673,4.14361,1.53082,-0.53098,40.1407,343.2574,349.108,-0.0093,-0.00586,0.01745,0.02063,1.54909,3.95721,0.83384,-0.87073,67.20591,298.4787,290.6485,-0.0056,0.00784,0.00468,0.01071,2.83316,4.18744,0.7742,-0.3498,53.60052,356.8342,4.98281,-0.02499,-0.01325,0.02645,0.03872,10.59758
17.06006,4.14301,1.53047,-0.53036,40.12455,343.015,348.8919,-0.01583,-0.00931,0.01824,0.02588,4.75544,3.95701,0.83342,-0.87081,67.19857,298.3683,290.5492,-0.00608,-0.0077,-0.00067,0.00983,1.40712,4.18659,0.77342,-0.34926,53.63344,356.9873,5.42761,-0.02533,-0.02084,0.01878,0.03779,10.17903
17.09339,4.14238,1.53007,-0.5297,40.15928,342.7722,348.7065,-0.018,-0.01128,0.01934,0.02873,5.44901,3.95684,0.83365,-0.87082,67.15414,298.2844,290.5667,-0.00521,0.00337,-0.0003,0.00621,2.73946,4.18538,0.77299,-0.34891,53.70332,356.6395,5.06589,-0.03371,-0.01491,0.01262,0.03896,4.3026
17.11561,4.14194,1.52965,-0.52898,40.2085,342.622,348.6224,-0.01916,-0.01767,0.02803,0.03828,5.3146,3.95669,0.8337,-0.87113,67.13518,298.0377,290.632,-0.00548,0.00241,-0.01137,0.01285,10.75704,4.18451,0.77278,-0.34885,53.6173,356.4059,5.19319,-0.0354,-0.01163,0.00504,0.0376,12.07216
17.13783,4.14152,1.52933,-0.52856,40.27369,342.5102,348.5746,-0.01912,-0.01598,0.02357,0.0343,5.08959,3.95674,0.83392,-0.87137,67.13024,297.963,290.6106,-0.00142,0.00625,-0.0111,0.01282,6.60802,4.18405,0.77216,-0.34873,53.69788,356.3827,5.29947,-0.02815,-0.01985,0.00521,0.03484,8.57066
17.16006,4.14111,1.52907,-0.5281,40.30916,342.3678,348.5131,-0.01878,-0.01382,0.02213,0.03215,5.17143,3.95671,0.83418,-0.87159,67.09624,297.8145,290.5535,-0.00157,0.00878,-0.01047,0.01375,5.55191,4.18344,0.77168,-0.34848,53.72507,356.3522,5.44676,-0.02772,-0.02062,0.00824,0.03552,8.14674
17.18228,4.14067,1.52887,-0.52719,40.20672,342.3302,348.5166,-0.01924,-0.0113,0.03145,0.03856,3.42395,3.95688,0.83372,-0.87251,67.16966,297.5838,290.4544,0.00315,-0.00584,-0.02604,0.02687,6.07871,4.18357,0.77095,-0.34808,53.75745,356.5114,5.45343,-0.01095,-0.02663,0.01301,0.0316,2.03121
17.2045,4.14034,1.52853,-0.52652,40.20462,342.2737,348.5191,-0.01715,-0.01347,0.03092,0.03784,2.93359,3.95709,0.83392,-0.87313,67.17477,297.359,290.3325,0.00618,0.00144,-0.02694,0.02768,5.73435,4.18325,0.77029,-0.34779,53.80184,356.5535,5.46676,-0.01275,-0.02815,0.01306,0.03355,1.94307
17.22672,4.1399,1.52812,-0.52604,40.30658,342.1782,348.5118,-0.01836,-0.0158,0.02617,0.03566,3.97797,3.95735,0.83405,-0.87378,67.19447,297.1944,290.257,0.00913,0.00375,-0.02804,0.02973,5.14677,4.18288,0.76962,-0.34755,53.85134,356.586,5.5693,-0.01458,-0.02915,0.01199,0.03473,2.79125
17.26007,4.13928,1.52743,-0.52547,40.48981,342.0645,348.4449,-0.01852,-0.01948,0.01929,0.03308,5.3611,3.958,0.83409,-0.87538,67.36319,296.5764,289.8835,0.01692,0.00189,-0.04292,0.04617,9.1261,4.18238,0.76857,-0.34713,53.87491,356.7896,5.90921,-0.01494,-0.03106,0.01248,0.03666,5.389
17.2934,4.13864,1.52683,-0.52434,40.49149,341.9987,348.3239,-0.01903,-0.01847,0.03028,0.04025,2.6805,3.95852,0.83431,-0.87697,67.47672,296.0672,289.6484,0.01588,0.00537,-0.04661,0.04953,9.59166,4.18138,0.76759,-0.34691,54.00114,356.6234,5.56004,-0.02636,-0.02988,0.00792,0.04063,5.06416
17.32673,4.1379,1.52611,-0.52331,40.55054,341.755,348.2967,-0.02157,-0.0209,0.03091,0.04309,5.51999,3.95883,0.83473,-0.87866,67.45485,295.5305,289.3698,0.0109,0.01078,-0.04969,0.052,8.9711,4.17999,0.76616,-0.34676,54.2668,356.3981,5.13906,-0.03771,-0.03949,0.00543,0.05487,9.81664
17.34895,4.1371,1.52559,-0.52228,40.49393,341.5627,348.1189,-0.03257,-0.02305,0.04381,0.05926,6.22222,3.9592,0.8351,-0.88031,67.52257,294.9805,288.9746,0.01688,0.01586,-0.07062,0.07432,10.41868,4.17909,0.76531,-0.3461,54.1234,356.5548,5.54501,-0.04043,-0.04055,0.02415,0.06215,10.72267
17.37117,4.13644,1.52499,-0.52128,40.43621,341.4192,348.0428,-0.03122,-0.02493,0.04446,0.05977,5.79714,3.95962,0.83538,-0.88177,67.62135,294.5783,288.688,0.01802,0.01417,-0.06814,0.07189,9.68158,4.17833,0.764,-0.34576,54.37413,356.6315,5.1547,-0.03737,-0.04968,0.01981,0.06525,7.12113
17.4045,4.13574,1.52438,-0.52034,40.41175,341.2667,347.984,-0.02353,-0.02005,0.03228,0.0447,4.17252,3.96014,0.8358,-0.88376,67.69077,293.963,288.2385,0.01604,0.01284,-0.06184,0.06516,8.51796,4.17716,0.76241,-0.34523,54.58721,356.6603,4.77466,-0.03571,-0.04815,0.01672,0.06224,11.95635
17.42672,4.13528,1.52293,-0.51847,40.67349,340.8965,347.8726,-0.02298,-0.04806,0.0666,0.08529,11.34905,3.96051,0.83648,-0.88636,67.76504,293.2069,287.6995,0.01597,0.02332,-0.10087,0.10476,13.78319,4.17183,0.76146,-0.3445,54.39932,354.2632,2.10105,-0.17349,-0.04406,0.02774,0.18114,49.18431
17.44895,4.13471,1.5221,-0.51711,40.6327,340.7055,347.7533,-0.02443,-0.0429,0.0639,0.08074,8.31902,3.9608,0.83697,-0.88835,67.79538,292.5742,287.1993,0.0145,0.02269,-0.09527,0.09901,12.59128,4.16912,0.76004,-0.34412,54.5918,353.7146,1.37774,-0.14776,-0.05392,0.02237,0.15887,33.95858
17.48228,4.13413,1.52027,-0.51498,40.6822,340.4663,347.4702,-0.01909,-0.05187,0.06405,0.0846,6.71074,3.96118,0.83826,-0.89139,67.77892,291.6506,286.5784,0.01218,0.03457,-0.09212,0.09914,12.53842,4.16346,0.75733,-0.34312,54.98738,353.1424,0.58851,-0.16425,-0.07445,0.0282,0.18253,20.96746
17.51562,4.1341,1.51789,-0.51328,40.99869,340.129,347.092,-0.00551,-0.06643,0.05411,0.08586,11.23667,3.96189,0.83942,-0.89459,67.77929,290.9101,286.2549,0.01902,0.03487,-0.09511,0.10307,13.2746,4.15602,0.7556,-0.34156,54.82096,352.1137,359.7063,-0.20831,-0.05754,0.04226,0.2202,17.45617
17.54894,4.13361,1.51584,-0.51179,41.3956,339.7035,346.7556,-0.01245,-0.06269,0.04722,0.07946,14.26441,3.96284,0.84068,-0.8987,67.85587,289.853,285.2441,0.02607,0.03696,-0.11612,0.12462,11.48292,4.14735,0.75484,-0.33949,54.56694,350.3563,357.4159,-0.2472,-0.03141,0.05697,0.25562,34.38567
17.57117,4.13333,1.51456,-0.51074,41.50882,339.4,346.4871,-0.01187,-0.05865,0.04541,0.07512,12.86419,3.9634,0.84145,-0.9018,67.82906,289.0244,284.4693,0.0254,0.03496,-0.13483,0.14159,13.30038,4.14159,0.75409,-0.33802,54.65089,349.8548,356.3396,-0.2586,-0.03486,0.06311,0.26846,28.21186
17.59339,4.13315,1.51341,-0.50981,41.65614,339.138,346.251,-0.01006,-0.05519,0.04374,0.07114,12.11646,3.964,0.84222,-0.90459,67.89797,288.3346,284.0349,0.02602,0.0348,-0.1302,0.13726,13.6129,4.13584,0.75333,-0.33681,54.70465,349.2251,355.602,-0.2587,-0.03455,0.05876,0.26753,23.28736
17.62672,4.13289,1.51217,-0.5087,41.87693,338.7945,345.9174,-0.00835,-0.0416,0.03594,0.05561,10.97906,3.96465,0.8434,-0.90903,67.87746,287.0725,283.0531,0.02125,0.03514,-0.13244,0.13867,14.88382,4.12546,0.75277,-0.3352,54.84887,347.8784,354.5175,-0.29817,-0.02125,0.05089,0.30323,22.16623
17.64895,4.13253,1.5118,-0.50805,41.7547,338.554,345.8845,-0.01445,-0.02325,0.03093,0.0413,10.00597,3.96464,0.84446,-0.91214,67.65569,285.7932,282.202,0.00324,0.046,-0.13577,0.14338,25.7157,4.11611,0.75429,-0.33401,54.50321,345.443,352.0806,-0.39036,0.04363,0.05021,0.39598,59.41302
17.67117,4.13215,1.51116,-0.50741,41.73005,338.2876,345.761,-0.01561,-0.02603,0.02994,0.04263,9.60065,3.96485,0.84535,-0.91497,67.54247,284.81,281.7393,0.00617,0.04312,-0.13149,0.13851,25.98504,4.10838,0.75524,-0.33261,54.1501,344.1209,350.6659,-0.36912,0.04315,0.05661,0.37592,49.92791
17.70449,4.13214,1.51012,-0.50685,41.74965,337.9436,345.5506,-0.00425,-0.02995,0.02015,0.03635,8.0737,3.9658,0.84619,-0.91908,67.4666,283.7723,281.0958,0.023,0.02971,-0.12546,0.13097,17.97882,4.09599,0.75729,-0.33055,53.62603,342.0821,348.8009,-0.37124,0.05694,0.06054,0.38043,42.17192
17.73782,4.13168,1.50948,-0.50698,42.00646,337.4126,345.2549,-0.01149,-0.02197,0.00201,0.02487,12.42592,3.96711,0.847,-0.92308,67.40224,282.6171,280.3154,0.0352,0.02553,-0.12138,0.12893,16.4175,4.08242,0.76049,-0.32862,52.75106,339.742,347.3469,-0.3982,0.08621,0.05843,0.4116,47.90739
17.77116,4.13099,1.50919,-0.50672,41.97834,336.8564,344.8881,-0.01823,-0.01203,0.00641,0.02276,12.06705,3.96878,0.84799,-0.92657,67.45988,281.668,279.6662,0.04637,0.02863,-0.10891,0.12178,13.7263,4.06773,0.76454,-0.32732,51.84249,336.5169,345.4473,-0.42985,0.11274,0.04399,0.44656,62.79537
17.79339,4.1311,1.50958,-0.50656,41.81635,336.7096,344.7642,0.00274,0.01078,0.00821,0.01382,7.71483,3.97052,0.84814,-0.9277,67.53326,281.4662,279.5338,0.06897,0.01023,-0.06511,0.0954,7.36186,4.0576,0.76876,-0.32711,51.81966,333.0451,339.6147,-0.44684,0.17654,0.01871,0.48082,129.8027
17.8156,4.13111,1.50963,-0.50645,41.80748,336.55,344.7471,0.00163,0.00648,0.00648,0.0093,6.64811,3.9718,0.84836,-0.92942,67.57912,281.0002,279.2816,0.06332,0.01019,-0.07133,0.09592,9.43267,4.04794,0.77271,-0.32679,51.18075,330.5203,336.8085,-0.44081,0.17719,0.01655,0.47538,104.9851
17.84893,4.13086,1.50952,-0.50635,41.81071,336.3331,344.6621,-0.0053,-0.00094,0.00384,0.00661,5.43534,3.97347,0.84902,-0.93249,67.59723,280.1669,278.7586,0.05328,0.01731,-0.08677,0.10329,11.39872,4.03401,0.77749,-0.3258,50.24833,327.3675,333.1983,-0.42377,0.1517,0.02634,0.45088,81.89242
17.87115,4.13069,1.51037,-0.50761,41.98267,336.3616,344.8647,-0.00695,0.02428,-0.0342,0.04251,7.35539,3.97644,0.84788,-0.9316,67.96012,280.5411,278.6746,0.09737,-0.02629,0.00266,0.1009,12.92915,4.02962,0.78265,-0.32728,49.48681,326.6162,332.1494,-0.25427,0.18187,-0.03967,0.31513,43.34053
17.89337,4.13066,1.51056,-0.50787,42.00905,336.2216,344.8657,-0.0041,0.01644,-0.02301,0.02857,6.44963,3.97779,0.84782,-0.93203,68.00334,280.5499,278.755,0.0791,-0.0145,-0.0082,0.08084,6.42854,4.02346,0.78547,-0.32767,49.04767,325.6644,331.4226,-0.26562,0.15448,-0.02865,0.30861,37.95908
17.9267,4.13056,1.51114,-0.50854,41.92007,336.1532,344.853,-0.00333,0.01709,-0.02065,0.02701,3.03048,3.97975,0.84736,-0.93138,68.14926,280.7049,279.1408,0.06385,-0.01393,0.01246,0.06653,6.9293,4.01899,0.78742,-0.32848,49.14946,325.5252,331.5363,-0.16703,0.08254,-0.02547,0.18804,10.20789
17.96004,4.13015,1.51204,-0.50929,41.8284,336.0736,344.9413,-0.00995,0.02458,-0.02219,0.03458,4.74103,3.98128,0.84676,-0.92984,68.19923,281.3136,279.6127,0.05042,-0.01714,0.03776,0.06528,6.0245,4.01759,0.78883,-0.32893,49.15812,325.4032,330.8445,-0.07338,0.05238,-0.0163,0.09162,13.4288
17.99337,4.12948,1.51334,-0.5103,41.63604,335.8374,344.8784,-0.01763,0.03545,-0.02826,0.04864,7.28212,3.98227,0.84644,-0.9271,68.10764,282.3359,280.7033,0.03482,-0.0115,0.07126,0.08014,10.48344,4.01933,0.78904,-0.32893,49.25412,326.5674,332.3708,0.02095,0.01776,-0.00411,0.02776,19.77711
18.01558,4.12936,1.51446,-0.51096,41.43024,335.6492,345.0345,-0.00881,0.04782,-0.03068,0.05749,14.83876,3.98228,0.84618,-0.92473,68.00421,282.9778,281.596,0.00973,-0.01203,0.09742,0.09864,15.28678,4.02249,0.78845,-0.32938,49.62067,327.555,333.6367,0.1192,-0.01847,-0.01826,0.12199,34.16149
18.0378,4.12894,1.51535,-0.5117,41.30331,335.5909,345.1286,-0.01389,0.04395,-0.03202,0.05613,11.61968,3.98275,0.84581,-0.92297,67.98087,283.5565,282.2049,0.01524,-0.0143,0.08827,0.09071,12.51068,4.02509,0.78779,-0.3299,49.9816,328.2773,334.369,0.11803,-0.02417,-0.02094,0.12229,30.49544
18.07114,4.1285,1.51718,-0.51286,40.88159,335.7414,345.5093,-0.01329,0.05204,-0.03401,0.06357,14.15148,3.98324,0.84487,-0.91989,67.93917,284.5934,282.9191,0.01503,-0.02458,0.09128,0.09572,12.08417,4.03206,0.78586,-0.33084,50.78621,330.657,337.5048,0.18645,-0.04951,-0.0263,0.1947,56.00314
18.10447,4.12856,1.51887,-0.51423,40.66527,335.8693,345.8156,-0.00193,0.0511,-0.03949,0.06461,10.78287,3.98349,0.84345,-0.91691,68.00028,285.4397,283.8454,0.00931,-0.03823,0.08981,0.09805,10.25265,4.04017,0.7834,-0.33307,51.87926,332.9929,340.5594,0.22899,-0.06759,-0.05674,0.24541,63.33897
18.1378,4.12855,1.52087,-0.51626,40.43659,335.9453,346.1605,-0.00085,0.05773,-0.05536,0.07999,11.16933,3.98373,0.84164,-0.91409,68.04304,286.2242,284.2555,0.0076,-0.05031,0.08594,0.09987,11.30042,4.04825,0.78216,-0.33641,52.38883,334.0841,342.3816,0.23907,-0.04493,-0.08932,0.25913,44.22657
18.17113,4.12855,1.52378,-0.51894,39.97765,335.9741,346.2958,-0.00018,0.07985,-0.07419,0.10899,13.02457,3.98355,0.84002,-0.91063,68.00313,287.1495,285.108,-0.0021,-0.04902,0.09934,0.11079,10.24415,4.05691,0.78187,-0.3401,52.61202,335.5124,344.9353,0.25459,-0.0178,-0.10543,0.27613,48.43224
18.20447,4.12921,1.52789,-0.52203,39.18521,336.1366,346.5142,0.01497,0.11262,-0.08812,0.14378,21.41043,3.98324,0.83841,-0.90643,67.95157,288.5517,286.3063,-0.00746,-0.04845,0.11938,0.12906,14.66558,4.06714,0.78207,-0.3447,53.22946,337.1894,346.9071,0.29391,0.00019,-0.12988,0.32133,41.26993
18.22669,4.12967,1.53233,-0.52435,37.93965,336.4283,346.9779,0.01648,0.18239,-0.10091,0.20909,51.40331,3.98244,0.83717,-0.90356,67.74924,289.3616,286.5224,-0.03087,-0.05369,0.12586,0.14027,22.76381,4.07333,0.78378,-0.34846,53.11892,337.3981,347.3045,0.27438,0.06053,-0.15925,0.32297,21.07552
18.24891,4.12976,1.53599,-0.5264,36.91232,336.6597,347.268,0.01043,0.17357,-0.09654,0.19889,49.4085,3.98151,0.83604,-0.90084,67.5694,290.059,287.3001,-0.0364,-0.05219,0.12404,0.13941,15.88134,4.0784,0.78538,-0.35217,52.71827,337.5899,348.978,0.25125,0.0663,-0.16317,0.30684,45.36086
18.28224,4.13015,1.54448,-0.53098,34.27838,337.1933,347.657,0.01136,0.23447,-0.1271,0.26695,72.33762,3.97908,0.83395,-0.89655,67.38826,290.728,288.8878,-0.06383,-0.05996,0.12768,0.15483,23.15812,4.08672,0.78708,-0.35971,52.95358,337.3061,350.1448,0.25013,0.05485,-0.21028,0.33135,42.36489
18.31558,4.13087,1.55474,-0.53552,30.72312,337.498,348.0553,0.01895,0.28951,-0.13403,0.31959,98.40376,3.97708,0.83141,-0.89176,67.32896,291.9064,290.0432,-0.06094,-0.07231,0.13966,0.16866,14.37144,4.09752,0.79001,-0.36544,53.05564,338.2801,350.411,0.30553,0.07968,-0.18171,0.3643,13.1222
18.34891,4.13067,1.56672,-0.54156,26.40946,337.3404,348.7354,0.00032,0.34193,-0.16937,0.38158,122.9356,3.97453,0.82875,-0.8858,67.02339,293.1498,291.2387,-0.07251,-0.07773,0.16884,0.19952,16.14839,4.10753,0.79525,-0.37123,51.77926,340.6809,355.8083,0.30164,0.1378,-0.17565,0.37527,90.79643
18.38224,4.1292,1.58312,-0.54742,19.49854,336.9315,349.1009,-0.03312,0.45434,-0.17408,0.48767,186.8215,3.97176,0.82633,-0.87942,66.73264,294.5731,292.6136,-0.08045,-0.07407,0.18591,0.21569,18.27908,4.11465,0.80104,-0.37881,50.76557,341.2454,359.4296,0.23546,0.16467,-0.21437,0.35849,97.53048
18.40446,4.12875,1.59466,-0.55306,14.91797,336.4972,349.5289,-0.02161,0.49218,-0.24699,0.55111,197.4331,3.96954,0.8249,-0.87417,66.39889,295.3802,293.8232,-0.09218,-0.06679,0.22543,0.25254,25.342,4.1177,0.80861,-0.38344,49.54901,340.3771,358.4342,0.15084,0.31072,-0.21188,0.40521,59.0728
18.42668,4.12796,1.60348,-0.55872,11.41152,336.0342,349.925,-0.02856,0.44447,-0.25099,0.51124,179.042,3.96804,0.82337,-0.86945,66.26437,296.3611,294.7586,-0.07976,-0.06783,0.21905,0.24279,20.85906,4.12064,0.81523,-0.38865,48.26103,339.7317,0.07,0.14152,0.30438,-0.2231,0.40305,81.82249
18.46,4.12636,1.61735,-0.56854,5.74649,335.0006,350.4886,-0.04322,0.42326,-0.28365,0.51134,175.2631,3.96571,0.82127,-0.86139,65.9326,298.0922,296.0324,-0.07233,-0.06435,0.23603,0.25511,22.69403,4.12401,0.82587,-0.39753,45.96721,339.2665,5.88804,0.11115,0.31554,-0.25562,0.42103,166.7129
18.49333,4.12547,1.62627,-0.5793,2.51652,333.8961,351.0849,-0.03084,0.3067,-0.31319,0.43944,121.7129,3.96263,0.81974,-0.85261,65.37509,299.4,297.8521,-0.08755,-0.05054,0.25662,0.27581,26.21641,4.13023,0.83471,-0.40549,45.21178,339.1172,6.02994,0.16779,0.27773,-0.24309,0.40544,55.33142
18.52666,4.12452,1.63112,-0.58861,0.56248,332.8361,352.0032,-0.02902,0.18572,-0.28764,0.34362,83.8865,3.96035,0.818,-0.84376,65.02063,301.0924,299.549,-0.07299,-0.05175,0.26332,0.27811,24.35111,4.13673,0.84176,-0.41369,45.3078,338.6331,4.50453,0.18815,0.22818,-0.24526,0.38421,19.19088
18.55998,4.1228,1.6341,-0.59575,358.6803,331.9951,352.7866,-0.04604,0.11352,-0.23264,0.26293,70.5593,3.95895,0.81659,-0.83389,64.53867,303.5537,301.5103,-0.04985,-0.04468,0.28796,0.29564,32.06363,4.14327,0.84563,-0.42205,46.08358,337.997,3.08462,0.19425,0.14411,-0.24962,0.34758,32.54604
18.59332,4.12131,1.63477,-0.60193,358.2926,331.436,353.1925,-0.04493,0.04347,-0.19732,0.20698,34.15564,3.95748,0.81554,-0.82433,63.84393,305.8777,303.333,-0.04544,-0.03488,0.28708,0.29274,36.22611,4.15035,0.8475,-0.42916,46.34369,338.5903,3.85602,0.20788,0.07803,-0.22225,0.31416,11.64192
18.61554,4.12029,1.63252,-0.60425,359.3587,330.9767,353.6947,-0.04877,-0.06793,-0.1237,0.14932,43.95469,3.95674,0.81556,-0.81874,63.54699,306.9942,304.4437,-0.03814,-0.00313,0.2613,0.26409,27.88089,4.15523,0.84645,-0.43401,46.74401,339.2156,5.41386,0.2181,-0.02545,-0.22143,0.31184,47.64658
18.63776,4.11905,1.63287,-0.60742,359.2849,330.3203,354.3615,-0.05246,-0.02618,-0.13317,0.14551,38.83122,3.95616,0.81513,-0.81367,63.22309,307.9798,305.3601,-0.03204,-0.01138,0.24468,0.24703,26.26281,4.16001,0.84655,-0.43887,47.01849,339.7047,6.76725,0.21653,-0.01046,-0.22023,0.30902,48.10971
18.6711,4.1164,1.63291,-0.6111,359.4199,328.9917,355.0951,-0.07263,-0.00572,-0.11606,0.13703,43.19777,3.95643,0.81519,-0.80712,62.80279,309.6718,306.8289,-0.00208,-0.00151,0.20858,0.20859,26.19649,4.16652,0.84589,-0.44594,47.38337,340.0558,8.5251,0.2006,-0.01743,-0.21395,0.2938,46.96759
18.70443,4.11429,1.63264,-0.6145,359.9583,328.4052,354.8407,-0.06563,-0.00738,-0.10552,0.12449,26.2109,3.95844,0.8151,-0.80265,62.79845,311.922,308.504,0.04482,-0.00236,0.15276,0.15921,29.85054,4.17286,0.84483,-0.45234,47.93296,340.2166,8.75917,0.19277,-0.02816,-0.19764,0.27751,21.12401
18.73777,4.11432,1.63199,-0.61572,0.21326,329.1356,355.1758,-0.01564,-0.01659,-0.05378,0.05841,16.12926,3.96029,0.81442,-0.7999,62.74601,313.6873,308.7476,0.05272,-0.01597,0.09985,0.11404,40.63562,4.17957,0.84338,-0.45877,48.64885,340.6898,9.51133,0.19925,-0.03964,-0.1939,0.28084,24.90681
18.77111,4.1142,1.63281,-0.61773,359.7469,329.1936,356.0305,-0.0066,0.01433,-0.05859,0.06068,23.02412,3.95993,0.81378,-0.79902,62.29231,313.6619,309.0856,0.00518,-0.01835,0.0448,0.04869,12.42277,4.18553,0.84311,-0.46442,48.56833,341.3651,11.58058,0.18379,-0.01596,-0.17559,0.25469,40.29758
18.80444,4.11336,1.63293,-0.62066,359.7502,328.511,355.9914,-0.0206,0.00636,-0.0806,0.08344,15.15145,3.96087,0.81268,-0.80063,62.54615,313.5011,309.9639,0.02239,-0.02932,-0.0249,0.04451,23.22942,4.18981,0.84346,-0.46945,48.41032,341.1986,12.17556,0.14229,0.0037,-0.15719,0.21206,25.92968
18.83776,4.11175,1.63238,-0.62347,0.13147,327.765,355.6639,-0.04149,-0.01091,-0.08349,0.09387,22.81446,3.96368,0.8107,-0.80375,63.28616,313.709,309.9895,0.06878,-0.0518,-0.07662,0.11526,17.67405,4.19521,0.84273,-0.47394,48.97166,341.8058,11.73581,0.15718,-0.01535,-0.14021,0.21118,20.36002
18.85999,4.11132,1.6317,-0.62429,0.47093,327.8358,355.4852,-0.02069,-0.03051,-0.03968,0.05416,17.704,3.9666,0.80896,-0.8073,63.87233,314.0842,308.8909,0.12529,-0.07671,-0.15622,0.21445,63.49258,4.1988,0.84151,-0.47671,49.6143,342.4952,11.61327,0.1586,-0.04964,-0.12476,0.2078,42.23498
18.88221,4.11122,1.63073,-0.62482,0.99454,328.0612,355.5258,-0.01259,-0.03701,-0.03168,0.05032,20.55195,3.96847,0.8075,-0.8103,64.12923,314.1429,307.8671,0.1046,-0.071,-0.1457,0.1929,56.37754,4.20132,0.84109,-0.47922,49.71369,342.9961,12.23976,0.13606,-0.03435,-0.11877,0.18384,24.14555
18.91554,4.11112,1.62836,-0.62451,2.02451,328.2991,355.6606,-0.00528,-0.06257,-0.00094,0.0628,28.91547,3.96954,0.80644,-0.81434,64.19891,313.6193,307.9204,0.05042,-0.04176,-0.12717,0.14303,7.69494,4.20287,0.841,-0.48189,49.57841,343.1053,13.00985,0.06892,-0.01046,-0.08992,0.11378,14.69043
18.94887,4.11035,1.62754,-0.62427,1.97738,328.4077,355.4063,-0.0186,-0.0341,0.00504,0.03917,8.96925,3.97067,0.80586,-0.81866,64.46664,312.7798,308.0482,0.03787,-0.02334,-0.12901,0.13647,22.91037,4.20345,0.84131,-0.48409,49.52608,342.8906,12.92264,0.03021,0.00441,-0.07187,0.07808,5.44897
18.9711,4.10974,1.62649,-0.62406,2.1695,328.2268,355.4257,-0.02548,-0.04636,0.00666,0.05332,11.31823,3.97258,0.80518,-0.8224,64.84658,312.467,307.4716,0.07535,-0.02979,-0.15896,0.17841,17.06026,4.20329,0.84166,-0.48473,49.42351,342.7317,12.5224,0.00455,0.01185,-0.03916,0.04116,9.15818
19.00443,4.10899,1.62437,-0.62408,2.86064,327.8314,355.422,-0.02399,-0.05504,0.003,0.06012,17.60028,3.97545,0.8038,-0.82774,65.53184,312.0186,306.8309,0.08069,-0.03574,-0.15961,0.18238,19.6836,4.20383,0.84173,-0.48649,49.35185,342.7462,12.42934,0.01032,0.007,-0.04592,0.04758,6.36755
19.02664,4.10843,1.62301,-0.62346,3.2376,327.5892,355.3611,-0.02485,-0.05651,0.02316,0.06594,18.04937,3.97746,0.80335,-0.83123,65.66985,312.1058,306.5164,0.08694,-0.02265,-0.15611,0.18012,15.59592,4.20338,0.84114,-0.4876,49.40837,342.5487,12.50602,-0.00901,-0.0188,-0.0489,0.05316,6.91678
19.04887,4.10793,1.62222,-0.62286,3.44278,327.471,355.2917,-0.02384,-0.046,0.02512,0.05758,14.48841,3.97893,0.80293,-0.83473,65.9755,311.5116,306.2158,0.0765,-0.0207,-0.15689,0.17577,12.82395,4.20346,0.84048,-0.4885,49.47486,342.5315,12.32865,-0.00253,-0.0241,-0.04466,0.05081,3.18094
19.0822,4.10736,1.62118,-0.62181,3.78029,327.4031,355.2217,-0.01871,-0.0349,0.02991,0.04963,11.35432,3.97993,0.80304,-0.83917,66.23817,310.5482,306.5275,0.04161,-0.00272,-0.139,0.14512,29.81468,4.20307,0.83973,-0.48995,49.57207,342.5436,12.33962,-0.00948,-0.02299,-0.04395,0.0505,2.72556
19.11553,4.10707,1.62075,-0.62052,3.31975,327.5995,355.1697,-0.01108,-0.0184,0.03635,0.04222,8.70993,3.98045,0.80345,-0.84267,66.37512,309.6421,306.6712,0.02207,0.00859,-0.11352,0.11596,30.9624,4.20227,0.83954,-0.49123,49.67613,342.3048,11.82842,-0.02048,-0.0101,-0.03958,0.0457,8.80497
19.13775,4.10709,1.62005,-0.62007,3.36986,327.734,355.0247,-0.00226,-0.02944,0.0248,0.03856,6.95944,3.98056,0.80343,-0.8441,66.42213,309.3128,306.7263,0.00696,0.00087,-0.073,0.07334,19.32852,4.20117,0.83936,-0.49197,49.61411,341.9085,11.40693,-0.04277,-0.00788,-0.03308,0.05464,10.92963
19.15999,4.10677,1.61955,-0.6195,3.29841,327.7419,355.0023,-0.00825,-0.02598,0.02513,0.03707,4.14257,3.98089,0.80328,-0.84605,66.54433,308.9788,306.7838,0.01089,-0.00307,-0.0802,0.08099,18.70026,4.20047,0.83902,-0.49281,49.62348,341.7137,11.27051,-0.03717,-0.0116,-0.0354,0.05263,7.83695
19.19329,4.1057,1.61945,-0.61847,2.70587,327.5806,354.9651,-0.02623,-0.00869,0.02959,0.04049,14.04291,3.98093,0.80318,-0.84823,66.69406,308.6309,307.0318,0.00377,-0.0031,-0.06913,0.06931,18.23896,4.19942,0.83854,-0.49375,49.50132,341.5536,11.39992,-0.03302,-0.01381,-0.03002,0.04671,7.16935
19.22663,4.10413,1.61817,-0.61736,2.52634,327.3281,354.8076,-0.04191,-0.03105,0.03218,0.06129,10.47838,3.98062,0.80301,-0.85022,66.74624,307.9995,306.4876,-0.00609,-0.00454,-0.06202,0.06248,8.75409,4.19849,0.83833,-0.4944,49.30372,341.5667,11.81301,-0.0291,-0.00804,-0.02213,0.03743,11.58293
19.24885,4.1035,1.61683,-0.616,2.61957,327.4309,354.7361,-0.03081,-0.05064,0.05506,0.0809,4.35461,3.98009,0.80226,-0.85063,66.62556,307.7809,305.7528,-0.01917,-0.0257,-0.03024,0.04407,18.91446,4.19821,0.83822,-0.4944,49.32272,341.5376,11.19546,-0.01508,-0.00574,-0.0052,0.01695,22.59523
19.27107,4.10294,1.61602,-0.61489,2.70953,327.5069,354.7073,-0.02783,-0.04373,0.05259,0.07384,4.40825,3.97987,0.80174,-0.85161,66.73872,307.6548,305.4801,-0.01463,-0.02464,-0.03705,0.04684,12.91951,4.19776,0.83804,-0.49474,49.41507,341.428,10.58612,-0.01775,-0.00693,-0.0102,0.02162,23.34577
19.30441,4.10181,1.6151,-0.61304,3.03932,327.7136,354.5412,-0.0325,-0.03153,0.05472,0.07102,10.6243,3.97871,0.80111,-0.85265,66.89877,306.9328,304.7543,-0.0298,-0.0204,-0.03277,0.04876,9.31493,4.19751,0.8381,-0.49477,49.21264,341.4984,10.57183,-0.01006,-0.00043,-0.00324,0.01058,8.31422
19.33774,4.10012,1.61428,-0.61095,3.23868,327.8643,354.4557,-0.04599,-0.02629,0.06063,0.08052,8.6517,3.97635,0.80102,-0.85439,66.59934,305.4548,302.282,-0.0604,-0.00701,-0.04724,0.077,30.7445,4.19813,0.8385,-0.49467,48.92904,342.0628,11.15498,0.0115,0.00876,0.0014,0.01452,11.33448
19.37107,4.09844,1.61279,-0.60855,3.35256,327.8022,354.5102,-0.04941,-0.04012,0.0691,0.09394,4.21387,3.97317,0.80133,-0.85558,66.44909,304.1161,301.4472,-0.08672,0.00516,-0.0387,0.09511,16.61963,4.19881,0.83891,-0.49466,48.79708,342.3697,10.98772,0.0181,0.01159,0.00074,0.0215,11.84511
19.4044,4.09676,1.61172,-0.60646,3.71971,327.8077,354.2209,-0.0502,-0.0342,0.06449,0.08859,11.29121,3.96801,0.80144,-0.85639,66.14571,301.541,300.9464,-0.13768,0.00378,-0.02796,0.14054,50.99267,4.19894,0.83922,-0.49506,48.69487,342.3028,10.4729,0.00749,0.0097,-0.00897,0.01519,13.0823
19.42663,4.09558,1.61135,-0.60517,3.92582,327.9317,354.0851,-0.05127,-0.02266,0.05899,0.08137,11.51817,3.96388,0.80196,-0.85668,65.90114,300.1522,300.1898,-0.17647,0.01971,-0.0165,0.17833,35.07559,4.19957,0.83846,-0.49592,48.79065,342.6379,10.87232,0.02307,-0.02572,-0.03178,0.04694,9.59811
19.44885,4.09452,1.61075,-0.60394,4.0644,327.9845,354.1273,-0.04944,-0.02485,0.05707,0.07949,8.6006,3.95979,0.80282,-0.85711,65.42706,298.786,298.8984,-0.18021,0.02932,-0.01791,0.18345,31.79926,4.20011,0.83777,-0.49671,48.82542,342.9871,11.39338,0.02382,-0.02856,-0.03372,0.0502,12.45354
19.48218,4.09283,1.61011,-0.60262,4.23816,328.0915,354.2392,-0.05035,-0.02053,0.04401,0.06995,6.93128,3.95244,0.80347,-0.85761,64.76885,295.4128,296.7485,-0.21047,0.02196,-0.01592,0.21221,48.43816,4.20065,0.83663,-0.49819,49.20793,343.1457,11.32001,0.01797,-0.03272,-0.04156,0.05587,10.43024
19.51552,4.09168,1.60975,-0.60186,4.46336,328.3891,354.2715,-0.03848,-0.01326,0.02805,0.04943,9.95417,3.94598,0.80435,-0.85741,64.98443,293.2319,297.3615,-0.19795,0.02533,0.00062,0.19956,70.75855,4.20072,0.83543,-0.49946,49.52046,343.3079,10.99707,0.00622,-0.03513,-0.03904,0.05288,14.54333
19.54885,4.09062,1.60953,-0.60149,4.52226,328.3918,354.4754,-0.03333,-0.00833,0.01541,0.03765,5.92365,3.93891,0.80527,-0.85703,64.50344,290.3633,295.8941,-0.20859,0.02708,0.0086,0.21052,55.33217,4.20042,0.83438,-0.50049,49.56539,343.4661,11.48126,-0.00534,-0.03253,-0.03298,0.04663,7.20443
19.58218,4.0896,1.60939,-0.60164,4.499,328.1978,354.2602,-0.03131,-0.00521,0.00038,0.03174,5.09793,3.93352,0.80734,-0.85511,64.02618,290.8305,297.269,-0.1736,0.05324,0.04551,0.1872,34.7666,4.20001,0.83325,-0.50131,49.77299,343.642,11.55919,-0.01045,-0.03336,-0.02675,0.04402,6.44949
19.61552,4.08864,1.60914,-0.60174,4.54142,328.1023,354.1007,-0.0295,-0.0068,-0.00206,0.03034,5.3577,3.92917,0.80855,-0.85286,64.05559,291.3922,299.1999,-0.1412,0.04048,0.06193,0.15941,40.32909,4.19941,0.83246,-0.50161,49.90062,343.8699,11.58297,-0.01616,-0.02632,-0.01331,0.03363,6.81846
19.63774,4.08833,1.60899,-0.60208,4.64975,328.0513,354.151,-0.01707,-0.0061,-0.01155,0.02149,4.46003,3.92684,0.80742,-0.85232,63.79831,291.0344,299.7294,-0.11782,-0.00896,0.03463,0.12313,34.60252,4.19855,0.83234,-0.50152,49.81462,344.0388,11.69564,-0.03416,-0.01115,-0.00203,0.03599,4.76903
19.65996,4.08792,1.60898,-0.60213,4.64701,328.0722,354.1505,-0.01783,-0.00321,-0.00685,0.01937,2.23001,3.92348,0.80794,-0.85233,63.47255,289.5288,298.7268,-0.13437,0.00738,0.01706,0.13565,32.30828,4.19762,0.83206,-0.50168,49.90366,344.0158,11.58967,-0.03788,-0.01203,-0.00462,0.04001,3.58501
19.69329,4.08752,1.60949,-0.60208,4.49104,328.339,354.0217,-0.01335,0.01066,-0.00056,0.01709,7.23949,3.92034,0.80891,-0.85114,63.38474,289.0988,298.9496,-0.10432,0.02353,0.03093,0.11132,22.17281,4.19549,0.83204,-0.50168,49.86647,343.7281,11.50049,-0.05754,-0.00348,-0.00118,0.05766,4.36892
19.71551,4.08754,1.60969,-0.60226,4.52158,328.6263,354.0797,-0.00331,0.00756,-0.00669,0.01062,11.00691,3.92038,0.80978,-0.84945,63.47473,290.5989,300.3824,-0.02261,0.02956,0.06091,0.07138,18.63306,4.19404,0.83256,-0.50129,49.68588,343.6659,11.40514,-0.0643,0.01991,0.01519,0.06901,7.05405
19.73773,4.08738,1.60963,-0.60226,4.64385,328.7394,354.1645,-0.00533,0.00256,-0.00332,0.00678,8.8325,3.9195,0.81035,-0.84802,63.36023,291.1841,301.1745,-0.03099,0.02771,0.06266,0.07519,17.23705,4.19264,0.83315,-0.50091,49.60351,343.5605,11.23048,-0.06356,0.02312,0.01623,0.06955,6.44169
19.77106,4.0868,1.60985,-0.60243,4.58399,328.6691,354.2844,-0.0143,0.00544,-0.00459,0.01597,3.40908,3.91999,0.81068,-0.84614,63.49569,292.9261,302.7813,0.00315,0.01416,0.05786,0.05965,21.61854,4.19035,0.83429,-0.50017,49.49943,343.2346,10.88171,-0.06743,0.03141,0.02066,0.0772,7.15442
19.79328,4.08618,1.61019,-0.60255,4.39569,328.5576,354.2154,-0.02115,0.01043,-0.00505,0.02411,5.07737,3.91994,0.81048,-0.8456,63.58861,293.005,302.7248,0.00048,0.00272,0.04107,0.04116,11.92299,4.18894,0.83502,-0.4996,49.3799,343.0319,10.6769,-0.06562,0.03216,0.02308,0.07664,7.7012
19.8155,4.08542,1.6102,-0.6027,4.4075,328.4291,354.1959,-0.03029,0.00075,-0.00616,0.03092,4.95438,3.92088,0.80969,-0.84525,63.54552,293.0097,301.6599,0.03362,-0.02675,0.02146,0.04802,38.05922,4.18789,0.83589,-0.49854,49.17593,342.9468,10.53953,-0.04927,0.03733,0.04257,0.07506,9.2639
19.83772,4.08494,1.61002,-0.60272,4.49173,328.3659,354.2373,-0.02593,-0.00362,-0.00357,0.02642,4.56117,3.92139,0.80919,-0.84469,63.65637,293.3732,301.7257,0.02826,-0.02477,0.02345,0.0443,25.4497,4.18708,0.83672,-0.49769,48.89166,342.9721,10.64866,-0.04294,0.03722,0.04033,0.06968,10.72408
19.87105,4.08418,1.60987,-0.60246,4.50332,328.3882,354.3223,-0.02368,-0.00438,0.00493,0.02458,2.33032,3.92255,0.80863,-0.84347,63.74601,293.9489,301.9964,0.03313,-0.01861,0.03315,0.05042,13.93023,4.18628,0.83741,-0.49664,48.65784,342.9325,10.85223,-0.02869,0.025,0.0338,0.05089,9.64597
19.89326,4.08379,1.60976,-0.6022,4.53879,328.5178,354.3228,-0.01811,-0.00629,0.00946,0.02138,5.19789,3.92404,0.80857,-0.84236,63.90819,294.8371,302.5266,0.05608,-0.00875,0.04235,0.07082,19.31882,4.18679,0.83686,-0.49627,48.84254,343.0343,10.71113,0.01075,-0.01342,0.02097,0.02712,8.13033
19.91549,4.08336,1.60958,-0.60209,4.62201,328.5659,354.3598,-0.01865,-0.007,0.00738,0.02124,4.61069,3.92506,0.80834,-0.84149,63.97387,295.2033,302.5124,0.05098,-0.0095,0.0406,0.06586,18.02513,4.18705,0.83653,-0.49578,48.89964,343.2065,10.8016,0.0114,-0.0141,0.02159,0.0282,6.59351
19.94882,4.08255,1.60925,-0.60147,4.62399,328.68,354.3585,-0.02289,-0.00917,0.01575,0.02926,3.50904,3.92672,0.80826,-0.83987,64.10583,295.9243,303.1989,0.05015,-0.00416,0.04659,0.06858,10.79324,4.18803,0.83585,-0.49507,48.8268,343.6805,11.46994,0.02477,-0.01884,0.02139,0.03776,10.02318
19.97104,4.08178,1.60927,-0.60058,4.36953,328.7031,354.3388,-0.03227,-0.00186,0.0347,0.04742,9.34466,3.92753,0.8081,-0.83907,64.17535,296.4795,303.6944,0.03966,-0.00625,0.03934,0.05621,11.89775,4.18901,0.83495,-0.4949,48.95514,343.872,11.54207,0.03936,-0.03488,0.01072,0.05367,7.90026
19.99327,4.0811,1.60908,-0.60002,4.31398,328.715,354.3103,-0.03139,-0.00507,0.02991,0.04365,6.01982,3.92851,0.80815,-0.83791,64.1963,297.1997,304.094,0.04189,-0.00203,0.04576,0.06208,14.7087,4.18996,0.83411,-0.49466,49.05353,344.1956,11.84688,0.041,-0.0363,0.01076,0.0558,9.15375
20.01549,4.08036,1.60883,-0.59932,4.30383,328.7455,354.2483,-0.03235,-0.00824,0.03067,0.04533,3.87609,3.92953,0.80824,-0.83665,64.13954,297.9323,304.1569,0.04397,0.00098,0.05137,0.06762,21.80235,4.19063,0.83353,-0.4945,49.09655,344.3453,12.02751,0.03558,-0.03125,0.00916,0.04823,7.2112
20.04882,4.07924,1.60815,-0.59793,4.20914,328.8826,354.1369,-0.03331,-0.01732,0.03902,0.05415,5.48787,3.9311,0.80826,-0.83468,64.08891,299.3174,304.0778,0.04627,0.00075,0.05717,0.07355,38.1148,4.19199,0.83273,-0.49413,49.07584,344.8299,12.45948,0.03956,-0.02581,0.01042,0.04837,8.92204
20.07104,4.07852,1.60722,-0.59641,4.1347,329.0587,354.1216,-0.03349,-0.03578,0.06128,0.07846,7.44653,3.93179,0.80843,-0.83233,63.93459,300.7259,304.3114,0.03283,0.00712,0.09617,0.10187,47.84135,4.19266,0.83207,-0.49414,49.11902,344.9994,12.55164,0.0294,-0.02742,0.00254,0.04028,5.26109
20.09326,4.07775,1.60619,-0.59504,4.071,329.158,354.1109,-0.03401,-0.04093,0.06162,0.08142,6.37659,3.93218,0.80866,-0.82974,63.76292,302.1085,305.1401,0.02504,0.00889,0.10637,0.10964,40.0285,4.19325,0.83158,-0.49394,49.09958,345.1792,12.74205,0.02814,-0.02487,0.00587,0.03801,5.45378
20.12659,4.07645,1.60404,-0.5926,4.00664,329.3182,353.9725,-0.03782,-0.05864,0.07026,0.09903,6.57097,3.93235,0.809,-0.8255,63.6918,304.1063,306.7491,0.0101,0.00975,0.12197,0.12277,29.01807,4.19391,0.83093,-0.49337,48.76139,345.4648,13.34143,0.02171,-0.02072,0.01432,0.03325,13.05235
20.15992,4.0749,1.60118,-0.5892,3.92638,329.5797,353.8575,-0.0443,-0.07906,0.09398,0.13056,8.45508,3.93221,0.80856,-0.82071,63.78949,305.9501,307.9854,-0.00055,-0.00749,0.13816,0.13837,27.81838,4.19428,0.83025,-0.4926,48.14472,345.8153,14.30154,0.01387,-0.02053,0.02076,0.03233,24.81149
20.18215,4.07377,1.59792,-0.58572,3.85991,329.7811,353.9206,-0.04941,-0.13293,0.14446,0.20244,8.81562,3.93122,0.80706,-0.81676,63.54781,307.1719,308.0552,-0.03369,-0.05366,0.17042,0.18182,47.10535,4.19406,0.83047,-0.49172,47.13868,345.9457,15.29476,-0.00448,0.00327,0.03421,0.03465,50.9575
20.20437,4.07268,1.59517,-0.58254,3.7753,329.9522,353.8928,-0.04936,-0.12832,0.14375,0.19891,8.69426,3.93079,0.80627,-0.81313,63.38749,308.3687,308.3593,-0.02643,-0.04469,0.16683,0.17473,44.87638,4.19393,0.8303,-0.49127,46.54797,345.9114,15.84953,-0.00531,-0.00218,0.02741,0.02801,44.04684
20.2377,4.07093,1.58881,-0.57518,3.76032,330.3549,353.8407,-0.05167,-0.17523,0.20168,0.27212,11.27072,3.92951,0.80357,-0.80622,63.22373,310.2568,308.8661,-0.03551,-0.0718,0.19702,0.21268,44.09793,4.19303,0.83019,-0.49057,44.89776,345.5811,17.30939,-0.02159,-0.00322,0.0226,0.03142,64.4401
20.27103,4.06914,1.58104,-0.56661,3.99381,330.7445,353.6718,-0.05307,-0.21875,0.24316,0.33136,13.45187,3.92852,0.80027,-0.79883,63.4218,311.7534,309.7133,-0.03099,-0.09222,0.21561,0.23654,29.41977,4.19276,0.82853,-0.4904,43.83388,345.345,18.00198,-0.01141,-0.03796,0.00946,0.04075,47.028
20.30437,4.06721,1.57052,-0.55667,4.13095,331.1552,353.5683,-0.05677,-0.29132,0.28449,0.41112,13.51496,3.92847,0.79611,-0.78876,63.5431,314.7446,311.9974,-0.00891,-0.11672,0.28049,0.30394,38.15461,4.19367,0.82575,-0.48993,43.22094,345.437,16.70507,0.01751,-0.07219,0.01292,0.0754,32.19113
20.33769,4.06484,1.55573,-0.54472,4.47081,331.1791,353.8614,-0.06758,-0.40576,0.34013,0.53376,10.9155,3.9295,0.79,-0.77494,63.25759,318.9354,314.8011,0.021,-0.16667,0.38119,0.41656,57.06416,4.19489,0.82181,-0.48973,42.23877,345.8321,16.48328,0.03201,-0.10661,0.00769,0.11158,33.07347
20.37103,4.06239,1.53961,-0.52884,4.8281,331.3008,353.6464,-0.07204,-0.46396,0.4422,0.64497,11.45885,3.93212,0.78221,-0.76023,63.16102,323.1517,318.1712,0.06415,-0.21687,0.42614,0.48243,57.59791,4.19586,0.81597,-0.4913,40.90074,345.9291,18.06776,0.02982,-0.15812,-0.03342,0.16434,47.78295
20.39325,4.06108,1.52875,-0.51974,5.28401,331.3569,353.6931,-0.06548,-0.47646,0.42584,0.64237,15.70456,3.93416,0.77723,-0.75142,63.24657,325.6122,319.5639,0.07793,-0.22043,0.41143,0.47322,58.49649,4.19714,0.8113,-0.49246,40.90255,346.1488,17.66238,0.0437,-0.18417,-0.04282,0.19406,19.4033
20.42662,4.0589,1.51225,-0.50583,5.76812,331.4248,353.5931,-0.06535,-0.48547,0.42139,0.64616,15.29322,3.93746,0.76924,-0.73794,63.33437,329.2138,321.3694,0.08844,-0.23004,0.4076,0.47631,60.86609,4.19882,0.80412,-0.49421,40.7075,346.3968,17.10376,0.04706,-0.19959,-0.04765,0.21053,16.36918
20.44881,4.05734,1.50052,-0.49567,5.78482,331.6507,353.3416,-0.06797,-0.50698,0.43966,0.6745,12.38803,3.94001,0.76341,-0.72807,63.19549,331.5845,322.544,0.10174,-0.24632,0.42635,0.50279,62.50301,4.19957,0.79927,-0.49538,40.34365,346.4339,16.91053,0.04043,-0.20915,-0.05018,0.21885,17.56599
20.48214,4.0557,1.47868,-0.47922,6.53905,331.8694,353.7763,-0.05375,-0.61828,0.48008,0.78463,21.35912,3.9457,0.75254,-0.70893,62.63888,335.7982,327.3973,0.15344,-0.30612,0.53726,0.63711,59.19441,4.19711,0.78982,-0.49852,38.89355,345.0796,19.25397,-0.04542,-0.26501,-0.08316,0.28144,81.80726
20.50436,4.05472,1.46477,-0.47023,7.50587,331.5355,354.2599,-0.04894,-0.62204,0.44218,0.76476,35.0999,3.94959,0.74481,-0.69715,62.65228,338.5038,331.1086,0.16421,-0.32706,0.53372,0.64714,67.00372,4.19509,0.7838,-0.50057,37.87123,343.9267,20.72957,-0.06801,-0.26782,-0.08767,0.28989,98.92777
20.52658,4.05363,1.45042,-0.46166,7.12231,331.4653,353.6449,-0.04712,-0.62714,0.40637,0.74877,18.7674,3.95648,0.73389,-0.68536,63.09342,342.362,335.1272,0.27713,-0.44094,0.5306,0.74348,77.93941,4.19371,0.77416,-0.50147,38.0402,343.1818,19.93562,-0.05004,-0.38427,-0.04367,0.38997,21.73302
20.5488,4.05266,1.43684,-0.45315,6.84784,331.4249,353.705,-0.04541,-0.61923,0.39476,0.73576,12.79487,3.9628,0.72402,-0.67337,62.64745,345.7219,336.4174,0.28081,-0.44251,0.53512,0.74901,79.0668,4.19311,0.76611,-0.50133,37.86209,342.9822,18.98498,-0.0383,-0.37327,-0.01861,0.37569,22.53534
20.57102,4.05144,1.42289,-0.4451,6.38006,330.966,353.9603,-0.05026,-0.62359,0.37856,0.73123,19.4987,3.9685,0.71426,-0.6608,61.6745,348.4205,336.8672,0.26878,-0.44089,0.55046,0.75474,91.26553,4.19158,0.75849,-0.50123,37.50223,342.2269,17.74942,-0.05363,-0.35827,-0.00698,0.36232,34.69179
20.60435,4.05028,1.4032,-0.43211,5.43093,330.5021,354.4011,-0.03852,-0.59896,0.38677,0.71402,30.88597,3.97607,0.6987,-0.64029,60.05828,350.7683,339.0969,0.23748,-0.46025,0.59897,0.79183,61.3535,4.18714,0.74556,-0.50129,36.60176,340.4345,18.30927,-0.11329,-0.38033,-0.00322,0.39685,53.41334
20.63769,4.04984,1.38174,-0.42112,4.38898,329.9582,355.1158,-0.01951,-0.63238,0.34416,0.72023,39.10729,3.98369,0.68318,-0.62267,59.50679,353.297,343.9343,0.23079,-0.46418,0.54633,0.75313,72.9323,4.18167,0.73329,-0.50179,35.47206,338.3376,19.60164,-0.15153,-0.37117,-0.01207,0.40109,85.89909
20.67102,4.04949,1.35977,-0.41152,3.64119,329.6632,354.8086,-0.01286,-0.65248,0.30187,0.71905,26.45721,3.9941,0.66559,-0.60628,58.66983,357.0062,347.5869,0.2918,-0.51187,0.50515,0.7761,63.13113,4.1781,0.72376,-0.4984,34.86108,336.9981,13.84273,-0.11805,-0.30729,0.07324,0.33723,105.0156
20.70436,4.04872,1.3402,-0.40188,3.40626,329.412,354.7307,-0.0205,-0.60328,0.29248,0.67075,14.15087,4.00408,0.6467,-0.59038,56.98718,358.8918,348.0266,0.29748,-0.55283,0.48401,0.7927,60.38815,4.17408,0.71205,-0.49679,34.38937,335.4429,11.80858,-0.12014,-0.34017,0.05459,0.36487,64.64574
20.72658,4.04789,1.32709,-0.39629,3.44339,329.0701,354.7458,-0.02893,-0.59684,0.27201,0.65653,12.76843,4.01009,0.63316,-0.5824,56.79062,359.6506,349.3265,0.28403,-0.58126,0.4216,0.77219,38.35466,4.16991,0.70465,-0.49697,33.68007,333.8212,13.47094,-0.15379,-0.33676,0.02326,0.37094,63.88131
20.7599,4.04739,1.30868,-0.38741,2.74178,329.1123,355.4143,-0.01852,-0.56364,0.26784,0.62432,22.74378,4.02357,0.61461,-0.57351,57.56135,4.20637,353.7129,0.37456,-0.56278,0.30543,0.74183,64.31561,4.1625,0.70114,-0.4955,30.89318,330.3474,13.52523,-0.20526,-0.16301,0.03899,0.265,116.2906
20.79323,4.04626,1.29218,-0.3792,2.12772,328.3285,355.887,-0.03002,-0.51215,0.25166,0.57143,29.7498,4.0372,0.59947,-0.5645,56.98654,8.71452,356.2547,0.40035,-0.48151,0.27929,0.68566,75.54448,4.16028,0.69497,-0.49051,31.6607,329.3278,10.03721,-0.10124,-0.17967,0.12196,0.23959,66.38532
20.82656,4.04666,1.2729,-0.37161,2.60921,328.7863,355.7916,0.00143,-0.56192,0.23371,0.60859,8.64679,4.0463,0.58538,-0.55621,56.55331,9.64145,357.2578,0.30482,-0.43732,0.2564,0.59153,31.8656,4.16071,0.69016,-0.48399,31.67174,329.4742,7.4571,-0.01568,-0.15327,0.17718,0.2348,73.41744
20.85989,4.04666,1.25276,-0.3639,2.95042,328.6409,356.4749,0.00041,-0.59354,0.23185,0.63722,18.43911,4.05589,0.57205,-0.54829,56.09486,12.15985,0.25029,0.29191,-0.40928,0.24216,0.558,45.56718,4.15999,0.6862,-0.4807,29.87279,328.6766,8.70403,-0.02018,-0.12725,0.11821,0.17485,47.75851
20.89322,4.04673,1.23454,-0.3562,3.42108,328.6687,356.6296,0.00167,-0.55826,0.23132,0.60429,14.88861,4.0673,0.56302,-0.54011,54.83492,16.44212,3.97806,0.32973,-0.30551,0.2446,0.51174,72.37847,4.15956,0.67611,-0.4803,31.02516,326.2811,7.25298,-0.01465,-0.25892,0.03859,0.26219,52.99986
20.92656,4.04649,1.21875,-0.34938,2.92043,328.3109,356.6148,-0.00501,-0.49493,0.21135,0.53819,11.50293,4.07392,0.55421,-0.53355,54.19137,17.63429,4.31298,0.23142,-0.27474,0.20875,0.41547,40.68769,4.16246,0.66805,-0.47725,30.13488,326.1546,8.21767,0.06163,-0.2462,0.07841,0.26563,31.99825
20.94877,4.0461,1.20797,-0.34484,2.77986,328.0631,356.3526,-0.01129,-0.4901,0.2078,0.53245,12.83027,4.07757,0.54853,-0.5289,53.72372,18.27886,5.46814,0.19784,-0.26499,0.20893,0.39117,33.84452,4.16356,0.66342,-0.47482,29.4336,326.2144,9.37871,0.0556,-0.22724,0.09385,0.25206,44.41027
20.98211,4.04628,1.19203,-0.33797,2.38658,328.248,356.4727,0.00127,-0.48121,0.2065,0.52364,10.87072,4.08286,0.5423,-0.52344,52.86197,22.36448,11.75142,0.16859,-0.20662,0.17518,0.31906,95.81689,4.16393,0.65419,-0.47255,30.58974,324.6893,8.1209,0.02222,-0.26434,0.07445,0.27552,37.21375
21.01544,4.04697,1.17522,-0.33176,2.04703,328.3136,356.8116,0.01595,-0.49838,0.19136,0.5341,13.12285,4.08369,0.5349,-0.51864,54.57379,25.03692,12.71101,0.06074,-0.21813,0.15181,0.27261,59.89806,4.166,0.64714,-0.46774,31.25147,324.3351,3.89897,0.05197,-0.22471,0.12685,0.26323,94.59641
21.04878,4.04659,1.16033,-0.32472,1.49832,328.1772,356.4162,-0.00474,-0.45962,0.20621,0.50378,16.60755,4.08001,0.53195,-0.50812,53.68897,23.72797,13.91408,-0.06758,-0.1209,0.27451,0.30748,50.02274,4.16695,0.63975,-0.46414,31.24875,324.2956,4.26224,0.03434,-0.22258,0.1128,0.25188,15.67025
21.08211,4.04609,1.14737,-0.31866,0.51769,327.9312,355.9829,-0.01243,-0.40653,0.18794,0.44805,28.85278,4.07673,0.53291,-0.49758,50.30666,23.44634,17.80056,-0.09066,-0.00859,0.3059,0.31917,131.1815,4.16739,0.63037,-0.46242,31.47315,323.9208,4.83475,0.01853,-0.26669,0.06692,0.27558,17.23519
21.11544,4.04676,1.13349,-0.31337,359.6266,327.8427,355.9096,0.01207,-0.41403,0.16591,0.4462,27.10918,4.07462,0.52783,-0.49346,50.31841,24.83332,21.42128,-0.07027,-0.11637,0.1691,0.21697,87.58075,4.16787,0.62296,-0.45928,31.31975,323.4291,2.64194,0.01549,-0.23347,0.08736,0.24976,41.81353
21.14877,4.04781,1.11943,-0.30855,359.1722,327.8833,355.7597,0.02657,-0.41988,0.15007,0.44669,17.44172,4.07763,0.52732,-0.48851,47.84867,28.46653,26.53785,0.05017,-0.04067,0.15377,0.16679,111.9311,4.1678,0.61625,-0.45558,30.67173,323.4374,1.80448,0.00225,-0.20917,0.10503,0.23407,32.80212
21.18211,4.04905,1.10644,-0.30369,358.4033,328.4179,356.0511,0.03452,-0.39711,0.14682,0.42479,25.29215,4.07944,0.52911,-0.48091,44.71569,29.21802,28.63333,0.05321,0.03026,0.2093,0.21806,104.9563,4.1675,0.61039,-0.45054,30.35027,324.1847,3.31272,-0.00606,-0.18414,0.13969,0.2312,25.32665
21.21542,4.05003,1.09274,-0.30034,358.2029,328.1636,356.0367,0.03073,-0.40771,0.11202,0.42393,10.29389,4.0781,0.52459,-0.47462,44.27994,28.08138,28.91019,-0.01688,-0.09419,0.19406,0.21637,50.7498,4.16918,0.6083,-0.44311,29.62967,325.8364,2.24104,0.03611,-0.09311,0.20209,0.22542,55.61181
21.24875,4.0513,1.0792,-0.29892,357.7485,328.0703,355.8043,0.0362,-0.40658,0.06008,0.41259,13.95028,4.07861,0.52079,-0.46877,43.10434,28.21035,29.30503,0.00729,-0.10921,0.18002,0.21068,37.98735,4.16829,0.6074,-0.43937,28.85011,324.794,0.34533,-0.01089,-0.04352,0.1348,0.14207,47.8373
21.28209,4.05276,1.06749,-0.29775,357.3043,327.7946,355.7885,0.04194,-0.36518,0.04133,0.3699,14.97905,4.07819,0.51976,-0.45975,40.73667,27.61592,29.4326,-0.00748,-0.05052,0.24794,0.25315,64.67388,4.1685,0.60598,-0.43575,26.78801,326.234,3.84724,0.0019,-0.04278,0.1151,0.12281,78.96367
21.30432,4.0546,1.06102,-0.29677,356.7762,328.6209,355.9545,0.07294,-0.3082,0.04309,0.31963,34.06247,4.07717,0.51701,-0.45288,40.58276,27.42608,30.8887,-0.03157,-0.10548,0.28406,0.30465,62.57113,4.17061,0.59815,-0.43522,28.45971,327.2903,5.32647,0.07471,-0.28011,0.05235,0.29459,77.60316
21.32653,4.05575,1.05351,-0.29571,356.4121,328.8864,356.0947,0.06227,-0.32313,0.04529,0.33217,27.44008,4.07697,0.51488,-0.44773,39.81183,27.70199,32.34338,-0.02025,-0.10053,0.25797,0.2776,64.51521,4.17383,0.5933,-0.43218,28.78253,329.3991,7.39872,0.10986,-0.24904,0.09458,0.28816,83.58386
21.35987,4.05654,1.04318,-0.29509,355.451,328.7796,356.3496,0.03336,-0.31332,0.02539,0.31611,27.31803,4.07709,0.51042,-0.44238,38.91004,29.06605,36.17459,-0.00233,-0.12546,0.18478,0.22336,89.01253,4.18003,0.58898,-0.42695,28.36638,332.7258,8.65664,0.16696,-0.15946,0.14142,0.27074,81.43999
21.39321,4.0566,1.03183,-0.2951,354.9447,328.3021,356.3598,0.00969,-0.33351,0.00612,0.3337,20.64212,4.07597,0.50523,-0.4373,37.78881,28.15524,37.27773,-0.02566,-0.14818,0.16053,0.21997,67.05493,4.18509,0.58894,-0.42262,26.10385,334.2446,7.31678,0.15547,-0.04072,0.13279,0.20848,84.9665
21.42655,4.05674,1.02089,-0.29553,354.4744,327.6988,356.8503,0.00553,-0.3295,-0.00811,0.32965,24.22109,4.07614,0.49953,-0.43335,38.27088,28.26451,37.11671,-0.00266,-0.16542,0.12902,0.2098,9.85605,4.18755,0.58491,-0.42076,24.42672,334.8029,8.61624,0.09426,-0.10082,0.07493,0.15704,57.73626
21.45988,4.0573,1.01145,-0.2963,353.7316,327.4005,357.0413,0.01392,-0.2949,-0.01944,0.29586,23.88882,4.07615,0.49512,-0.42994,35.36399,27.77211,37.21479,-0.00048,-0.14047,0.1091,0.17786,66.26885,4.19026,0.58282,-0.4162,22.78337,335.9096,7.45988,0.08461,-0.0724,0.12141,0.16475,66.12434
21.49321,4.0591,1.0026,-0.29685,353.3579,327.8015,356.9812,0.04417,-0.27287,-0.0173,0.27696,14.94902,4.07462,0.48594,-0.42734,36.08295,26.57872,36.37403,-0.03449,-0.24179,0.08557,0.2588,23.96725,4.1904,0.57951,-0.41334,21.22613,336.2345,7.68605,0.02424,-0.09253,0.09471,0.13461,49.81113
21.51543,4.06099,0.99771,-0.29744,352.7587,328.4227,356.8712,0.07494,-0.2313,-0.02728,0.24466,33.39646,4.0756,0.48197,-0.42691,36.06166,26.23366,33.88211,0.03174,-0.19125,0.02974,0.19613,71.25512,4.18757,0.57656,-0.41276,20.29447,335.2741,8.08122,-0.08174,-0.11719,0.04433,0.1496,57.98231
21.53765,4.06204,0.99184,-0.298,352.3101,328.6095,356.8694,0.06119,-0.24771,-0.02618,0.2565,27.19399,4.0766,0.47819,-0.42688,35.42686,26.9655,34.40939,0.03844,-0.18071,0.01546,0.1854,37.65097,4.18631,0.57391,-0.41185,19.3041,335.0024,8.14811,-0.06919,-0.11809,0.04264,0.14336,51.49181
21.57099,4.06309,0.9836,-0.29948,351.4725,328.6723,357.1335,0.03893,-0.24728,-0.0399,0.25348,25.74682,4.07675,0.46883,-0.42895,36.71834,27.44122,34.5089,0.01287,-0.25569,-0.04256,0.25953,30.13792,4.18566,0.57384,-0.40847,16.63952,335.2773,6.90149,-0.03192,-0.03111,0.08663,0.09742,76.00864
21.60431,4.06426,0.97501,-0.30143,350.6421,328.5351,357.2946,0.03603,-0.25541,-0.05388,0.26351,25.30439,4.07486,0.46256,-0.4275,35.19687,26.63217,34.26211,-0.03931,-0.20517,0.02202,0.21006,30.49948,4.18504,0.56734,-0.40577,17.26415,335.8759,5.22796,-0.02181,-0.15416,0.08257,0.17624,50.17408
21.63764,4.06547,0.96735,-0.3038,349.9947,328.2941,357.2852,0.03625,-0.236,-0.06681,0.24794,21.55675,4.07259,0.45353,-0.4278,36.01703,26.95648,35.88803,-0.06079,-0.25432,-0.0013,0.26149,34.93775,4.18438,0.56018,-0.40375,17.54262,336.9041,5.37039,-0.02036,-0.19955,0.06602,0.21117,30.23675
21.67097,4.06631,0.96077,-0.30629,348.8113,328.1996,357.2881,0.02805,-0.20722,-0.07266,0.22137,32.018,4.07185,0.44654,-0.42931,35.82834,28.35131,38.92041,-0.03183,-0.22103,-0.03442,0.22594,63.74061,4.18142,0.55704,-0.40321,15.89286,336.2815,6.63371,-0.07168,-0.12054,0.02876,0.14316,46.37497
21.69319,4.06708,0.95668,-0.30872,348.2124,328.108,357.2221,0.03552,-0.18632,-0.09736,0.2132,29.676,4.0706,0.44009,-0.43118,36.67253,28.13231,37.5221,-0.05807,-0.28884,-0.07432,0.30385,56.40808,4.18097,0.55419,-0.40197,15.67134,336.3525,6.60347,-0.02446,-0.12919,0.05564,0.14277,12.06862
21.71541,4.06782,0.95301,-0.3106,347.3583,327.9241,357.2507,0.03456,-0.17575,-0.09097,0.20089,34.39475,4.06942,0.43528,-0.43131,36.02796,27.82376,36.41966,-0.05554,-0.25271,-0.04007,0.26183,42.19587,4.18126,0.55081,-0.39987,16.02552,336.7088,5.15765,-0.00576,-0.14052,0.07523,0.15949,37.88486
21.74875,4.06881,0.9477,-0.31379,346.3773,327.5409,357.1883,0.03089,-0.16332,-0.09454,0.19122,32.28298,4.06575,0.42903,-0.42957,35.27134,25.98778,32.6544,-0.0964,-0.20366,0.02906,0.22719,80.95081,4.18249,0.54901,-0.39714,14.51319,337.4309,4.40679,0.0263,-0.07561,0.08019,0.11331,48.53577
21.78209,4.06955,0.94374,-0.31757,345.2746,327.4465,357.1431,0.02439,-0.12986,-0.10855,0.17101,32.85257,4.05963,0.42363,-0.42517,34.74566,24.52071,31.74639,-0.16185,-0.17253,0.10621,0.25932,43.74151,4.18258,0.54414,-0.39677,14.43326,337.9449,4.69284,0.00871,-0.12861,0.0284,0.132,19.20193
21.80431,4.0696,0.94183,-0.32074,344.8023,327.2685,357.0389,0.00975,-0.10382,-0.13017,0.16679,23.11915,4.0555,0.41922,-0.42273,34.43456,24.17976,32.03008,-0.18308,-0.19342,0.10755,0.28722,27.36046,4.1811,0.54229,-0.39795,14.3587,338.2191,5.46385,-0.06239,-0.07132,-0.03932,0.10259,25.50331
21.82653,4.07,0.93929,-0.32301,344.4022,327.1599,357.1432,0.01374,-0.10887,-0.11637,0.15995,20.62317,4.05078,0.41437,-0.42075,34.46336,23.17078,31.6295,-0.19771,-0.20587,0.09828,0.30188,31.12027,4.17899,0.54576,-0.39831,11.85549,337.5064,5.69174,-0.07875,0.04242,-0.02773,0.09365,68.92048
21.85985,4.07037,0.93732,-0.32611,343.9088,327.3305,357.1574,0.01175,-0.07163,-0.09875,0.12256,16.28287,4.04321,0.41097,-0.417,33.01863,20.45384,29.73885,-0.21984,-0.12796,0.10887,0.27669,67.85491,4.17403,0.54316,-0.39935,10.9788,336.1957,6.92191,-0.13125,-0.04777,-0.03038,0.14294,62.02472
21.89317,4.07043,0.93608,-0.32925,343.7804,327.6882,356.8882,0.00427,-0.04592,-0.09546,0.10602,11.37454,4.03912,0.40703,-0.41633,32.2009,19.3435,27.71957,-0.1469,-0.1208,0.04228,0.19484,55.99161,4.17304,0.54012,-0.3984,10.38712,336.6102,7.3944,-0.0553,-0.08044,0.01394,0.0986,28.91751
21.91539,4.0701,0.93608,-0.33128,343.6513,327.7003,357.2517,-0.01013,-0.0106,-0.09149,0.09266,14.06119,4.03834,0.40464,-0.41779,32.35903,19.06625,24.6881,-0.06248,-0.10406,-0.03767,0.12709,111.3141,4.17485,0.54063,-0.3959,9.80925,337.1567,5.8951,0.04034,-0.01198,0.08146,0.09169,56.25418
21.93761,4.07008,0.93535,-0.33308,343.5091,327.7285,357.5346,-0.00557,-0.02173,-0.08618,0.08905,14.32214,4.03633,0.40351,-0.41761,31.82888,18.33991,22.32444,-0.07636,-0.07762,-0.0149,0.1099,102.8009,4.17486,0.53965,-0.39479,9.692,337.3019,5.19109,0.02042,-0.028,0.06566,0.07424,44.71753
21.95983,4.06969,0.93589,-0.33422,343.4684,327.9252,357.7049,-0.01841,0.02094,-0.05733,0.06375,13.1529,4.03335,0.40349,-0.41736,31.43937,17.94816,23.52658,-0.12425,-0.0207,0.00415,0.12603,47.00105,4.17332,0.53919,-0.39496,9.49172,337.07,6.15142,-0.05536,-0.01571,0.00428,0.0577,36.25843
21.98205,4.06927,0.93597,-0.33569,343.3156,328.0583,357.7471,-0.01858,0.01228,-0.06166,0.06555,10.91475,4.03004,0.40172,-0.41719,31.66108,17.34014,23.68656,-0.13674,-0.05011,0.0058,0.14575,37.41059,4.1722,0.53899,-0.39485,9.0089,337.0283,7.04368,-0.05286,-0.01231,0.00454,0.05446,40.84406
22.02649,4.06882,0.93668,-0.33761,343.2162,328.2564,358.0112,-0.01322,0.01727,-0.04762,0.05236,9.08157,4.02328,0.39872,-0.41709,32.76378,16.42217,23.88341,-0.14742,-0.0646,0.00381,0.161,31.98392,4.17176,0.53896,-0.3948,8.35649,337.4242,7.24445,-0.02128,-0.00201,0.00215,0.02148,21.86981
22.04871,4.06854,0.93804,-0.33774,343.0869,328.1866,358.0656,-0.01496,0.0475,-0.01837,0.05308,7.2226,4.01987,0.3991,-0.41768,32.78697,16.48478,25.98518,-0.14987,-0.00896,-0.02157,0.15168,73.00111,4.17169,0.53955,-0.39497,8.30616,337.4424,7.04808,-0.01279,0.01366,-0.00362,0.01906,6.95436
22.07093,4.06796,0.93855,-0.33861,342.9761,327.9268,358.0209,-0.02045,0.03534,-0.02875,0.04994,9.20751,4.01686,0.39906,-0.41834,33.03938,16.15689,26.82454,-0.1427,-0.00541,-0.0256,0.14508,60.42096,4.17122,0.5389,-0.39482,8.42547,337.3757,7.54735,-0.01678,-0.00785,0.00143,0.01858,13.00537
22.10427,4.0671,0.93867,-0.33914,343.2112,327.4968,357.8788,-0.02443,0.0116,-0.0192,0.03317,13.32734,4.01331,0.39968,-0.42011,33.54837,15.53518,26.54329,-0.11554,0.01269,-0.04623,0.12509,25.29091,4.17111,0.53765,-0.39401,9.41644,337.015,6.87369,-0.00684,-0.02992,0.01875,0.03596,25.97256
22.13759,4.06694,0.93907,-0.3388,343.3461,327.6721,357.9966,-0.0097,0.01192,0.00291,0.01564,4.66474,4.01163,0.40101,-0.42219,33.52526,15.95448,27.98681,-0.06666,0.03299,-0.05847,0.0946,31.77489,4.17124,0.54018,-0.39289,9.21553,337.1663,6.13859,0.00129,0.0493,0.02974,0.05759,19.82258
22.15981,4.06684,0.93919,-0.33884,343.4248,327.848,357.8969,-0.00784,0.00721,-0.00402,0.01138,6.76398,4.0113,0.40147,-0.42338,33.46385,16.27295,28.89495,-0.03222,0.02339,-0.0522,0.06565,31.26394,4.1715,0.5387,-0.39452,9.12753,337.1908,6.96983,0.01632,-0.05204,-0.05905,0.08039,23.31305
22.18203,4.06658,0.93927,-0.33921,343.4489,327.8514,357.8809,-0.0097,0.0055,-0.01026,0.01515,3.38199,4.00985,0.40187,-0.42421,33.40213,16.21796,29.49421,-0.04875,0.02076,-0.04474,0.06935,29.43129,4.17132,0.53796,-0.39495,9.10139,337.1095,7.113,0.00426,-0.04271,-0.03919,0.05813,15.31483
22.20425,4.06586,0.93825,-0.33955,343.6571,327.7076,357.9271,-0.03287,-0.04589,-0.01496,0.05839,10.95594,4.00883,0.40191,-0.42407,33.14044,15.63136,29.67319,-0.04099,0.00378,0.00534,0.04151,33.55913,4.17126,0.53982,-0.39512,8.86037,336.5954,6.44813,0.00257,0.07807,-0.01702,0.07995,34.89289
22.22648,4.06532,0.93764,-0.33974,343.8831,327.5751,358.0485,-0.02847,-0.03662,-0.01185,0.04788,11.4682,4.00818,0.40168,-0.42454,33.12692,15.68014,30.4288,-0.03496,-0.00322,-0.00783,0.03597,30.16089,4.17159,0.54095,-0.39446,8.63798,336.4206,6.60072,0.00872,0.0644,0.00635,0.0653,20.27069
22.25981,4.06439,0.93603,-0.33979,344.3079,327.4548,358.0347,-0.02817,-0.04541,-0.00406,0.05359,12.67005,4.00859,0.40186,-0.42446,32.87515,15.98481,30.4644,0.00034,0.00325,-0.00011,0.00327,8.99699,4.17295,0.53849,-0.39468,9.01049,336.8274,6.94277,0.03269,-0.03917,-0.00325,0.05113,8.86226
22.28203,4.06396,0.93449,-0.3397,344.6607,327.7253,357.7175,-0.01852,-0.06003,0.00462,0.06299,18.67356,4.009,0.40195,-0.42421,32.67812,15.86944,30.13063,0.00998,-0.00068,0.00701,0.01221,9.47319,4.17461,0.5397,-0.39433,8.88389,337.0597,6.7629,0.06467,0.06116,0.01983,0.09119,13.12
22.30425,4.0638,0.93363,-0.33947,344.9045,328.0764,357.5516,-0.01281,-0.0495,0.00747,0.05167,18.48083,4.00861,0.40141,-0.42449,32.68413,15.5779,29.86474,-0.00383,-0.01238,-0.00278,0.01326,9.56436,4.1746,0.54072,-0.39445,8.65686,337.0518,6.7086,0.03203,0.05354,0.007,0.06278,10.73982
22.33759,4.06351,0.93247,-0.33885,345.3695,328.6551,357.5583,-0.00985,-0.03838,0.01571,0.04263,20.86741,4.00814,0.39997,-0.42551,32.63857,15.08813,28.55942,-0.01151,-0.03567,-0.02361,0.04429,27.06541,4.17385,0.54084,-0.39473,8.52063,337.2647,7.87096,-0.00879,0.0161,-0.00455,0.0189,25.66138
22.37093,4.06238,0.93228,-0.33922,345.4133,328.507,357.7197,-0.02783,-0.01404,-0.00436,0.03148,5.54221,4.00727,0.39903,-0.42631,32.64314,15.10734,28.65144,-0.02248,-0.02994,-0.02408,0.04451,4.9605,4.17377,0.54437,-0.39485,7.23494,336.969,8.09441,-0.0041,0.08339,-0.00378,0.08358,32.98176
22.39315,4.06183,0.9322,-0.33981,345.4118,328.4399,357.7686,-0.02371,-0.00641,-0.02005,0.0317,2.00095,4.00535,0.39913,-0.42591,32.57245,14.50857,28.69444,-0.07074,-0.00238,0.00782,0.07121,21.62838,4.17312,0.54318,-0.39517,7.69193,336.6831,8.22905,-0.021,-0.02201,-0.01265,0.03295,15.25813
22.41538,4.0614,0.93177,-0.33988,345.5363,328.4973,357.778,-0.02143,-0.01285,-0.01167,0.02758,3.64191,4.00458,0.39888,-0.42615,32.5265,14.26581,28.58573,-0.05264,-0.00679,-0.00134,0.05309,15.19915,4.17279,0.54359,-0.39563,7.5438,336.5836,8.42374,-0.01786,-0.00186,-0.01657,0.02443,11.18481
22.44871,4.06082,0.93236,-0.34073,345.2167,328.4003,357.7434,-0.01849,0.01025,-0.02208,0.03057,6.7135,4.0019,0.398,-0.42621,32.79781,13.50195,29.17561,-0.07351,-0.02146,-0.00176,0.0766,30.52161,4.17559,0.5419,-0.39331,7.876,337.2386,7.05441,0.0585,-0.03847,0.04795,0.08486,34.12925
22.47092,4.0606,0.93247,-0.34172,345.0818,328.318,357.7838,-0.01169,0.00661,-0.04129,0.04342,7.81994,4.00209,0.39829,-0.42705,32.37953,13.68325,28.70114,-0.0088,0.00977,-0.02846,0.03135,21.26584,4.17556,0.54264,-0.39262,7.97396,337.3958,6.48227,0.00257,0.01451,0.0316,0.03486,25.08203
22.49314,4.06032,0.9324,-0.34234,345.0298,328.1895,357.7998,-0.01229,0.00176,-0.03443,0.0366,6.57919,4.00163,0.39865,-0.42744,32.02663,13.536,28.3822,-0.01479,0.0129,-0.02296,0.0302,20.18815,4.17455,0.54245,-0.39319,7.96579,337.2059,6.68746,-0.02145,0.00305,0.00283,0.02185,7.47901
22.52647,4.06029,0.93246,-0.34306,344.9804,328.2255,357.6334,-0.00375,0.0016,-0.02498,0.02531,4.18076,4.00018,0.39825,-0.42785,31.96695,12.9424,28.02817,-0.03619,-0.00565,-0.01509,0.03961,13.51306,4.17335,0.54246,-0.39488,7.03619,337.0445,8.07824,-0.03235,0.00101,-0.03721,0.04932,36.48223
22.5598,4.06018,0.93245,-0.34375,344.997,328.4299,357.5052,-0.00322,0.00019,-0.02178,0.02202,5.04707,3.99969,0.39734,-0.42801,32.36039,12.97943,27.90255,-0.02012,-0.02195,-0.00739,0.03068,8.95522,4.17376,0.54194,-0.39553,6.30493,337.0996,8.49047,0.00118,-0.01146,-0.02409,0.02671,27.19884
22.59313,4.05995,0.93261,-0.34465,344.8734,328.562,357.7392,-0.00616,0.00378,-0.02552,0.02653,7.26063,3.99967,0.39672,-0.42827,32.30494,13.32024,28.25593,-0.00544,-0.01948,-0.00757,0.02159,6.5732,4.17503,0.54282,-0.39418,5.95836,337.2754,7.96915,0.02869,0.01702,0.02443,0.04135,15.91467
22.61535,4.05983,0.93277,-0.34525,344.8073,328.3831,358.0823,-0.00511,0.00593,-0.02629,0.02743,11.13709,3.99901,0.3965,-0.4285,32.14383,12.90002,27.80798,-0.02503,-0.01396,-0.01002,0.03036,11.95522,4.17456,0.54301,-0.39345,6.34698,337.0199,7.71245,-0.01224,0.00414,0.02508,0.02821,14.4241
22.63757,4.05969,0.93277,-0.3457,344.7673,328.3805,358.1692,-0.00574,0.00318,-0.02338,0.02429,7.57712,3.99857,0.39621,-0.42875,32.10289,12.77264,27.67815,-0.02243,-0.01331,-0.01046,0.0281,8.92265,4.17453,0.54316,-0.39338,6.23911,336.9733,7.67246,-0.0069,0.00548,0.01412,0.01664,7.12422
22.67091,4.06016,0.93323,-0.34641,344.6255,328.4778,358.0557,0.00912,0.01096,-0.02181,0.02606,4.06804,3.99724,0.39606,-0.42886,32.2131,12.2565,27.22617,-0.03549,-0.00683,-0.00519,0.03651,12.86261,4.17482,0.54226,-0.39368,6.08813,337.1085,7.77146,0.00478,-0.01883,-0.00331,0.0197,3.39251
22.70424,4.06105,0.93389,-0.34648,344.4781,328.9576,357.9689,0.02222,0.01759,-0.00702,0.0292,11.63317,3.99664,0.39542,-0.42923,32.30367,12.12433,27.21794,-0.02258,-0.01601,-0.00956,0.02929,5.98688,4.17432,0.54269,-0.39356,5.9835,336.8764,8.07032,-0.01004,0.00487,0.00186,0.01131,9.42123
22.73758,4.06178,0.93421,-0.34637,344.4077,329.2373,357.9282,0.02207,0.01178,0.00066,0.02502,9.20581,3.99625,0.39525,-0.42956,32.36244,12.16099,27.22042,-0.01441,-0.00779,-0.00985,0.01911,2.08073,4.17435,0.54256,-0.3924,6.42453,336.8361,7.61309,-0.00191,-0.00155,0.02657,0.02668,12.54311
22.76,4.0621,0.93444,-0.34635,344.3712,329.3611,357.9386,0.01549,0.01056,-0.00008,0.01875,6.22764,3.99577,0.39508,-0.42971,32.40622,12.03404,27.10407,-0.01993,-0.00792,-0.00747,0.02271,4.66383,4.1747,0.5429,-0.3917,6.456,336.9041,7.26023,0.01049,0.01089,0.02775,0.0316,14.17038
22.78202,4.0622,0.93471,-0.34648,344.4368,329.2402,358.032,0.01009,0.01139,-0.00288,0.01549,2.36357,3.99477,0.3952,-0.42968,32.50257,11.62761,26.88682,-0.03278,-0.00113,-0.0029,0.03293,10.25956,4.17468,0.54266,-0.3913,6.53036,336.7683,7.17853,0.0046,0.00007,0.02293,0.02339,9.29188
22.81535,4.06227,0.93484,-0.34646,344.4079,329.0081,357.9951,0.00406,0.00582,-0.00033,0.00711,5.26491,3.99389,0.39487,-0.42976,32.61161,11.42202,27.0273,-0.02795,-0.0077,-0.00266,0.02911,8.95698,4.17467,0.543,-0.39098,6.35907,336.5855,7.05464,0.00101,0.00771,0.01298,0.01513,7.13846
22.84867,4.06276,0.93497,-0.34609,344.2807,329.0892,357.8332,0.01209,0.00425,0.00834,0.01529,4.67985,3.99366,0.39463,-0.42965,32.70555,11.46117,26.97457,-0.01224,-0.00736,0.00188,0.01441,3.05778,4.17447,0.54267,-0.39095,6.27301,336.4493,7.20875,-0.00424,-0.00561,0.00382,0.008,5.68877
22.87089,4.06342,0.93481,-0.34573,344.2238,329.2258,357.6505,0.03025,-0.00733,0.0178,0.03586,9.30363,3.99351,0.3943,-0.42942,32.77828,11.39613,27.02496,-0.00515,-0.01346,0.01176,0.0186,5.26862,4.17476,0.54321,-0.3906,6.07697,336.5602,7.11086,0.01153,0.02479,0.01294,0.03025,11.20043
22.89312,4.0639,0.93481,-0.34537,344.1608,329.3492,357.5208,0.02601,-0.00362,0.01702,0.03129,8.31072,3.99319,0.39378,-0.4294,32.83957,11.2164,26.89301,-0.00989,-0.01837,0.00626,0.02178,5.38452,4.17476,0.54336,-0.39045,6.01976,336.5506,7.07375,0.00588,0.01593,0.00997,0.01969,6.85503
22.92644,4.06512,0.93479,-0.34392,343.9871,329.7636,357.3033,0.03394,-0.0013,0.03676,0.05005,11.91263,3.99253,0.39334,-0.4289,32.89336,10.93368,26.64869,-0.01728,-0.01441,0.01285,0.02591,6.95316,4.17466,0.54332,-0.38998,5.97279,336.3813,7.08451,-0.0009,0.00298,0.01297,0.01334,3.99324
22.95978,4.06597,0.93487,-0.34261,343.9541,330.0252,357.1323,0.02756,0.00143,0.03886,0.04766,9.02974,3.99222,0.39267,-0.42827,33.02327,10.94612,26.91398,-0.01134,-0.01871,0.01737,0.02794,6.5111,4.17496,0.54321,-0.38915,5.91773,336.4559,7.21987,0.00659,-0.00165,0.02197,0.02299,3.52655
22.982,4.06657,0.93498,-0.34164,343.9025,330.2859,357.0553,0.02754,0.00372,0.04354,0.05165,11.13299,3.99189,0.39305,-0.42744,33.01846,10.89367,27.10746,-0.01364,0.00803,0.03214,0.03582,7.61394,4.17591,0.54323,-0.38811,5.89107,336.8359,6.97595,0.0292,-0.00151,0.03714,0.04726,13.64862
23.00422,4.06717,0.93502,-0.3406,343.7877,330.5175,356.956,0.0272,0.00286,0.04511,0.05276,11.17308,3.99161,0.39303,-0.42683,32.98399,10.68958,27.00322,-0.01306,0.00342,0.02973,0.03265,6.27538,4.17607,0.54311,-0.38757,5.94203,336.8148,6.8412,0.01816,-0.00353,0.03066,0.03581,8.64292
23.03755,4.06784,0.93489,-0.33884,343.7156,330.6825,356.8575,0.02188,-0.00224,0.05079,0.05535,6.8506,3.99184,0.39178,-0.4265,33.34212,10.65162,27.0919,0.00193,-0.02714,0.01483,0.03099,8.9085,4.15676,0.76268,-0.21336,5.98565,336.5102,6.82426,-0.42993,4.93946,3.92746,6.32519,5.84282
23.07089,4.06857,0.93459,-0.3371,343.7667,330.8858,356.7113,0.02187,-0.00728,0.05198,0.05686,6.41009,3.99231,0.39108,-0.42621,33.53263,10.67145,26.84273,0.01098,-0.02266,0.01026,0.02718,8.03402,4.15674,0.76311,-0.21273,5.83934,336.5269,6.85194,-0.10799,1.24454,0.99605,1.5977,2.09485
23.10422,4.06982,0.93451,-0.33487,343.8152,331.5894,356.2445,0.03367,-0.00365,0.06314,0.07165,18.01184,3.99288,0.39163,-0.42587,33.5055,10.75824,26.93727,0.01561,0.00676,0.01016,0.01982,1.87463,4.15686,0.76329,-0.21255,5.79058,336.5257,6.64139,-0.02423,0.31513,0.2531,0.40492,4.56714
23.12644,4.07042,0.93428,-0.33354,343.9466,331.7812,356.1038,0.02826,-0.00802,0.06,0.0668,11.59869,3.99316,0.39156,-0.42578,33.63441,10.71951,26.80105,0.01679,-0.00334,0.00512,0.01786,8.13102,4.15625,0.76274,-0.21275,5.91456,336.1444,6.72121,-0.02512,0.05641,0.05979,0.08596,13.02201
23.14867,4.07103,0.93406,-0.33233,344.0475,332.0249,355.9105,0.02801,-0.00888,0.05738,0.06446,12.19846,3.99359,0.3914,-0.42557,33.65115,10.87022,26.88271,0.01797,-0.00523,0.00723,0.02006,5.22283,4.15631,0.76262,-0.21259,5.86231,336.1004,6.71985,-0.01118,0.02542,0.03337,0.04341,7.0803
23.182,4.07169,0.93352,-0.33134,344.305,332.209,355.6619,0.02174,-0.01444,0.03657,0.04493,11.09668,3.99354,0.39179,-0.42503,33.72529,11.03606,27.24605,0.00354,0.00741,0.01402,0.01625,6.87992,4.15577,0.76244,-0.21265,5.83738,335.6947,6.87991,-0.01489,0.00248,0.00702,0.01665,11.85958
23.21533,4.07151,0.93287,-0.33076,344.1049,331.755,355.7785,0.00149,-0.01836,0.02227,0.0289,8.81099,3.99303,0.39136,-0.42471,33.75697,10.79125,27.10371,-0.01072,-0.00766,0.01076,0.01702,4.01316,4.15595,0.76219,-0.21208,5.96123,335.4976,6.49733,0.00017,-0.0051,0.01469,0.01555,10.27096
23.23755,4.07123,0.93254,-0.33052,343.9769,331.5085,355.6334,-0.00981,-0.01694,0.01332,0.02368,13.0835,3.99251,0.39068,-0.42448,33.87011,10.62337,26.98732,-0.02036,-0.02415,0.01135,0.03356,6.3696,4.15685,0.76215,-0.21206,5.88925,335.8894,6.28149,0.03366,-0.00315,0.0081,0.03476,15.96624
23.25978,4.07116,0.93207,-0.33025,343.9659,331.3023,355.5695,-0.00635,-0.01912,0.01294,0.02395,11.63882,3.9923,0.39008,-0.42424,33.94559,10.6418,27.00834,-0.0148,-0.02551,0.01107,0.0315,4.33216,4.15635,0.76237,-0.21257,5.84683,335.9644,6.26743,0.00559,0.00332,-0.0075,0.00992,9.77623
23.29311,4.07085,0.93109,-0.33007,344.0661,330.7784,355.5338,-0.00869,-0.02675,0.0073,0.02906,14.90134,3.99191,0.38918,-0.42383,34.08291,10.78199,27.46363,-0.01268,-0.02675,0.01196,0.03193,9.63681,4.15661,0.762,-0.21168,5.75717,335.8341,6.41534,0.00722,-0.0075,0.01817,0.02095,3.5312
23.32644,4.07055,0.93057,-0.32928,344.0551,330.456,355.5732,-0.00879,-0.01841,0.01955,0.02826,10.70091,3.99083,0.38926,-0.42329,34.10196,10.50431,27.66619,-0.02746,-0.00469,0.01511,0.03169,11.28044,4.1566,0.76176,-0.21064,5.56872,335.8137,6.6944,0.00152,-0.00735,0.02796,0.02895,8.47599
23.34867,4.07036,0.93041,-0.32894,344.0787,330.1838,355.5269,-0.00676,-0.00927,0.01618,0.01983,11.42827,3.99061,0.38888,-0.42354,34.22598,10.42757,27.61949,-0.01315,-0.0106,-0.00359,0.01726,4.64159,4.15687,0.76155,-0.20998,5.58302,335.9837,6.5817,0.00976,-0.00935,0.02807,0.03116,6.46173
23.37089,4.07046,0.93027,-0.32848,344.0472,330.1181,355.4174,-0.0011,-0.0078,0.01859,0.02019,8.44385,3.99048,0.38884,-0.42348,34.26887,10.44109,27.6115,-0.00968,-0.0062,-0.00039,0.01151,2.3208,4.15703,0.76138,-0.20979,5.66391,336.0446,6.41029,0.00834,-0.0086,0.01827,0.02184,7.39558
23.40422,4.07089,0.93012,-0.32765,344.106,330.1676,355.3257,0.00935,-0.00532,0.02331,0.02567,3.39261,3.99037,0.38888,-0.4236,34.35366,10.41159,27.34258,-0.00473,-0.00074,-0.00288,0.00559,5.88607,4.15699,0.76077,-0.20903,5.78575,335.8097,6.33641,0.00135,-0.01577,0.02168,0.02684,5.97026
23.43756,4.07114,0.92964,-0.32684,344.2864,330.0497,355.3129,0.00809,-0.01221,0.02401,0.02813,5.4415,3.98985,0.38943,-0.42356,34.46257,10.3267,27.34822,-0.01287,0.01224,0.00018,0.01777,3.51538,4.15715,0.76054,-0.20827,5.67268,335.7774,6.04597,0.00376,-0.00918,0.02249,0.02458,7.5526
23.45977,4.07141,0.92947,-0.32648,344.3225,330.1209,355.1048,0.00929,-0.00997,0.01433,0.01978,7.55754,3.98937,0.3902,-0.42338,34.50073,10.30524,27.53405,-0.01986,0.02806,0.00589,0.03488,7.47704,4.15715,0.76027,-0.20784,5.65917,335.6405,6.07321,0.00101,-0.01304,0.01946,0.02345,5.0314
23.482,4.07123,0.92928,-0.32639,344.327,329.8565,355.0206,0.00071,-0.00909,0.00903,0.01283,9.005,3.98894,0.38992,-0.4235,34.61416,10.21801,27.66368,-0.01962,0.0076,0.00013,0.02105,8.64637,4.15709,0.76021,-0.20758,5.54461,335.5624,6.00973,-0.001,-0.00767,0.01559,0.0174,5.39914
23.51532,4.07074,0.92945,-0.32645,344.2277,329.4962,354.7966,-0.01088,0.00155,0.00088,0.01103,13.01845,3.98868,0.39013,-0.42345,34.58761,10.15891,27.70702,-0.0108,0.0068,0.00126,0.01282,3.99895,4.15694,0.76036,-0.20702,5.49372,335.536,6.09889,-0.00352,0.00127,0.01641,0.01683,3.01355
23.53754,4.07054,0.92955,-0.32648,344.1533,329.4211,354.7795,-0.00998,0.00288,-0.00007,0.01039,8.62745,3.98871,0.3901,-0.42341,34.65369,10.24106,27.64054,-0.00473,0.00263,0.00141,0.00559,1.90993,4.15701,0.7603,-0.20672,5.56319,335.6922,5.92734,-0.00009,-0.00055,0.01502,0.01503,4.34353
23.55976,4.07017,0.92948,-0.32697,344.0996,329.2542,354.9489,-0.01494,-0.00179,-0.01815,0.02357,8.22767,3.98833,0.39023,-0.42321,34.44017,10.08924,27.54091,-0.01533,0.00424,0.00661,0.01722,7.87025,4.15712,0.76014,-0.20658,5.64754,335.7686,5.77188,0.00273,-0.00519,0.00746,0.00949,4.97635
23.58198,4.06987,0.92945,-0.32733,344.1226,329.1035,355.0678,-0.01433,-0.00167,-0.01705,0.02233,7.70427,3.98793,0.38985,-0.42322,34.51645,10.02023,27.62054,-0.01659,-0.00653,0.00306,0.01809,4.65229,4.15686,0.76033,-0.20662,5.46709,335.561,5.95452,-0.00449,0.00169,0.00284,0.00558,5.34963
23.61532,4.06956,0.92964,-0.32751,344.0091,329.0937,355.1665,-0.01051,0.00391,-0.00827,0.01393,4.48742,3.9872,0.38989,-0.42306,34.41346,9.9135,27.84319,-0.02048,-0.0007,0.00432,0.02094,8.04962,4.15646,0.76079,-0.2065,5.23033,335.4282,6.05243,-0.01026,0.01079,0.00323,0.01524,7.87685
23.63754,4.06915,0.92952,-0.32789,343.9737,329.0005,355.3143,-0.01687,-0.00417,-0.01541,0.02323,6.39031,3.98648,0.38962,-0.42313,34.43503,9.68866,27.6737,-0.03025,-0.01402,-0.00368,0.03354,7.21159,4.15631,0.76101,-0.20642,5.28818,335.5154,5.74573,-0.00661,0.00832,0.00343,0.01117,10.61217
23.65976,4.0688,0.92956,-0.32823,343.9426,328.9019,355.336,-0.01631,-0.00113,-0.01537,0.02244,4.94972,3.98606,0.38918,-0.42333,34.50241,9.61315,27.68192,-0.02448,-0.01684,-0.00638,0.03039,5.62206,4.15634,0.76106,-0.20649,5.28149,335.6008,5.67196,-0.00261,0.00522,0.00001,0.00583,7.62554
23.69313,4.06845,0.92963,-0.32853,343.9811,328.9769,355.2528,-0.01209,0.00132,-0.01056,0.01611,1.1398,3.98583,0.38936,-0.42346,34.39889,9.78726,27.80781,-0.01142,-0.00028,-0.00442,0.01225,2.80001,4.1559,0.76128,-0.20679,5.17751,335.3826,5.98449,-0.01068,0.00639,-0.00663,0.0141,7.39194
23.72643,4.06781,0.92983,-0.32882,344.0471,329.0029,355.2733,-0.01742,0.00475,-0.00934,0.02032,1.80463,3.98499,0.38939,-0.42382,34.42272,9.59098,27.60726,-0.02159,0.00063,-0.0093,0.02351,3.61726,4.15519,0.76185,-0.20698,5.03475,335.4036,5.85057,-0.01861,0.01438,-0.00591,0.02425,4.13137
23.74865,4.06715,0.93013,-0.32937,344.0013,328.7549,355.343,-0.02344,0.00906,-0.01687,0.03027,5.01694,3.98429,0.38911,-0.4241,34.44287,9.43525,27.70593,-0.02671,-0.00581,-0.01083,0.02941,5.5752,4.15475,0.7621,-0.20719,5.07187,335.2775,5.86904,-0.01918,0.01278,-0.00785,0.02435,3.2816
23.78198,4.06655,0.93087,-0.33012,343.8797,328.7348,355.3974,-0.01947,0.01903,-0.02123,0.03452,3.46067,3.98338,0.38925,-0.42426,34.41004,9.36198,27.83325,-0.02695,0.00158,-0.00641,0.02775,5.28013,4.1538,0.76299,-0.20767,4.94633,335.2148,6.00078,-0.0261,0.02331,-0.0127,0.03723,4.85727
23.81532,4.06598,0.93122,-0.33075,343.8259,328.6913,355.4802,-0.01823,0.01478,-0.02001,0.03084,3.1133,3.98265,0.38922,-0.42441,34.35422,9.23062,28.02216,-0.02449,0.00041,-0.00543,0.02509,6.976,4.15333,0.76333,-0.20786,4.88648,335.138,6.24419,-0.02016,0.01674,-0.00911,0.02774,6.22888
23.83754,4.06551,0.9315,-0.33131,343.7356,328.5981,355.5797,-0.01981,0.01354,-0.02263,0.03298,4.84672,3.98225,0.38926,-0.42453,34.34214,9.17602,28.12789,-0.02116,0.00097,-0.00548,0.02188,6.71894,4.15305,0.76355,-0.20798,4.84816,335.1303,6.29309,-0.01631,0.01336,-0.00736,0.02233,4.48153
23.87086,4.06504,0.93196,-0.3322,343.5463,328.6239,355.6964,-0.01555,0.01378,-0.02568,0.03303,6.08787,3.98196,0.38978,-0.42455,34.1968,9.03117,28.04887,-0.01193,0.01197,-0.00174,0.01699,5.06311,4.15222,0.76398,-0.20848,4.89846,335.0009,6.05924,-0.02276,0.01292,-0.01305,0.02924,5.23632
23.90419,4.06468,0.93215,-0.33315,343.5403,328.662,355.859,-0.01198,0.00779,-0.02789,0.03134,5.01595,3.98197,0.3896,-0.42475,34.0176,8.96198,27.81758,-0.00271,-0.0011,-0.00502,0.00581,6.63127,4.15154,0.76439,-0.20909,4.799,334.9791,6.25866,-0.02108,0.01243,-0.0171,0.02985,4.28352
23.93753,4.06388,0.9331,-0.33434,343.2283,328.3443,355.9303,-0.02092,0.0234,-0.0337,0.04606,9.95775,3.98183,0.38852,-0.42496,34.14427,9.01164,28.09255,-0.00395,-0.02449,-0.00582,0.02549,4.87461,4.15097,0.76518,-0.20963,4.68691,335.0962,6.38487,-0.01809,0.02081,-0.01638,0.03207,5.17786
23.97086,4.06334,0.93377,-0.33553,343.1332,328.2684,356.0736,-0.01745,0.0209,-0.03514,0.04445,5.40608,3.98167,0.38906,-0.42457,34.06607,9.08619,28.23172,-0.00455,0.00595,0.00729,0.01045,3.89588,4.15071,0.76559,-0.20998,4.75028,335.1464,6.33421,-0.01038,0.01455,-0.01186,0.02145,1.38794
24.00419,4.06309,0.93401,-0.33594,343.0752,328.2235,356.1246,-0.00997,0.01048,-0.01809,0.02316,2.76962,3.98145,0.38897,-0.4245,34.01923,9.08518,28.32576,-0.00598,-0.00045,0.00325,0.00682,2.48478,4.15073,0.76561,-0.20996,4.73114,335.1691,6.36641,-0.00217,0.00405,-0.00273,0.00534,0.34699
24.03752,4.06285,0.93578,-0.3378,342.6895,328.3689,356.4332,-0.00791,0.04259,-0.04634,0.06343,12.6379,3.98149,0.38985,-0.42484,33.88295,9.04513,28.25287,-0.00061,0.01972,-0.00684,0.02088,3.43724,4.15017,0.76701,-0.21138,4.56983,335.3122,6.66565,-0.01308,0.03255,-0.03246,0.04779,8.09124
24.07086,4.06264,0.93709,-0.33946,342.3255,328.2569,356.5261,-0.00655,0.04012,-0.04891,0.06359,11.15479,3.98116,0.38983,-0.42506,33.86339,8.96854,28.14304,-0.00768,0.0045,-0.00668,0.01113,2.88729,4.14956,0.76789,-0.21248,4.62065,335.1592,6.83509,-0.01708,0.02795,-0.03304,0.04652,6.27549
24.10419,4.0625,0.93849,-0.34079,341.9489,328.3744,356.4387,-0.00477,0.04137,-0.04208,0.0592,11.28939,3.9806,0.38958,-0.42523,33.84842,8.8515,28.24246,-0.01433,-0.00456,-0.00536,0.01596,4.40608,4.14916,0.76852,-0.21317,4.6634,335.1884,6.7826,-0.01328,0.02102,-0.02376,0.03439,0.7649
24.12642,4.06232,0.93873,-0.34149,341.9549,328.3401,356.6461,-0.00792,0.01795,-0.03386,0.03913,7.25085,3.98014,0.38979,-0.42508,33.7961,8.8067,28.38212,-0.01829,0.00602,0.00399,0.01967,6.91536,4.14878,0.76897,-0.21386,4.75977,335.1782,6.67215,-0.01509,0.02012,-0.02792,0.03758,2.99821
24.14864,4.0619,0.93891,-0.34198,341.9924,328.3432,356.7146,-0.01336,0.01289,-0.02796,0.03356,4.93687,3.97973,0.38979,-0.42498,33.73988,8.72502,28.34768,-0.01841,0.00318,0.00415,0.01913,4.8068,4.14833,0.76953,-0.21455,4.64949,335.074,6.78122,-0.01766,0.0227,-0.02958,0.04125,3.27753
24.18198,4.06131,0.93901,-0.34252,342.2883,328.4107,356.7656,-0.01673,0.00559,-0.01903,0.02595,7.24593,3.97946,0.38987,-0.42494,33.68101,8.69338,28.42148,-0.01078,0.00245,0.00189,0.01121,3.9248,4.14765,0.77061,-0.21561,4.38684,335.0088,7.17984,-0.01966,0.02995,-0.03112,0.04746,11.55284
24.21531,4.06083,0.93854,-0.34248,342.6916,328.5981,356.7432,-0.01485,-0.00911,-0.00396,0.01786,11.65428,3.97921,0.38977,-0.42525,33.65844,8.6428,28.54515,-0.00823,-0.00169,-0.00654,0.01065,4.44426,4.14704,0.77152,-0.21685,4.37401,335.0405,7.21863,-0.0186,0.02792,-0.03573,0.04902,3.69169
24.24865,4.06018,0.93822,-0.34262,342.7577,328.5076,356.8123,-0.01832,-0.00949,-0.00408,0.02104,4.44919,3.97918,0.38999,-0.42567,33.54749,8.64568,28.34629,-0.00279,0.00455,-0.01092,0.01216,4.45681,4.14663,0.77166,-0.21765,4.498,335.0694,7.07115,-0.01395,0.01012,-0.02701,0.03204,3.53605
24.28198,4.05978,0.93795,-0.343,342.8412,328.5283,356.7898,-0.01362,-0.00854,-0.00948,0.01866,2.54331,3.97875,0.39015,-0.42583,33.44954,8.56668,28.37306,-0.01045,0.0049,-0.00632,0.01316,2.82154,4.1465,0.77186,-0.21825,4.37472,335.2534,7.30508,-0.0063,0.00693,-0.02005,0.02213,6.46659
24.31532,4.05951,0.9379,-0.34309,342.8588,328.515,356.7313,-0.00951,-0.00325,-0.00448,0.011,1.48141,3.9781,0.38982,-0.42603,33.51622,8.39376,28.30054,-0.01707,-0.00632,-0.0062,0.01923,2.73477,4.14617,0.77227,-0.21886,4.24005,335.2054,7.34011,-0.00897,0.01094,-0.01883,0.02355,4.07498
24.33754,4.05981,0.9378,-0.34274,342.8983,328.8673,356.606,0.00976,-0.00581,0.01256,0.01693,13.16551,3.97762,0.38963,-0.4261,33.44604,8.23931,28.18889,-0.01977,-0.00854,-0.00253,0.02168,5.61055,4.14558,0.77267,-0.21946,4.14284,335.1176,7.52588,-0.02305,0.01755,-0.0264,0.03919,10.10071
24.35976,4.0599,0.93771,-0.34272,343.076,329.1095,356.5524,0.00676,-0.00498,0.00675,0.01077,12.79488,3.97723,0.38935,-0.42613,33.5008,8.14916,28.1851,-0.0186,-0.01036,-0.00194,0.02138,4.07922,4.14555,0.77295,-0.21975,4.0441,335.3182,7.73079,-0.01218,0.01521,-0.01961,0.02764,10.4115
24.39308,4.05982,0.93774,-0.34288,343.266,329.197,356.5646,-0.00003,-0.00057,-0.00174,0.00183,7.42062,3.97682,0.38952,-0.42599,33.49471,8.20707,28.59164,-0.01396,0.00123,0.00259,0.01426,8.42126,4.14573,0.77316,-0.22032,4.13554,335.5468,7.69557,0.00113,0.00838,-0.0177,0.01961,6.15952
24.42642,4.05975,0.93803,-0.34298,343.0967,329.287,356.5468,-0.00167,0.00631,-0.00276,0.00709,3.96973,3.97705,0.39015,-0.42576,33.35624,8.35008,28.61804,0.00184,0.01446,0.00584,0.0157,4.24331,4.14573,0.77324,-0.22073,4.15953,335.4935,7.53897,0.00031,0.00408,-0.01375,0.01434,3.29602
24.45974,4.05973,0.9379,-0.34316,343.0805,329.4119,356.5703,-0.00086,-0.00131,-0.00485,0.0051,3.88092,3.97771,0.3896,-0.42587,33.34981,8.49695,28.43293,0.01521,-0.00888,-0.00104,0.01764,6.76397,4.14571,0.77337,-0.22099,4.10987,335.556,7.52608,-0.00051,0.00376,-0.00921,0.00997,2.21168
24.49308,4.05949,0.93782,-0.34333,343.1813,329.4219,356.6129,-0.00544,-0.00216,-0.00495,0.00766,2.68052,3.97791,0.38862,-0.42601,33.47537,8.49829,28.35739,0.00821,-0.0242,-0.00351,0.02579,4.17804,4.14582,0.77356,-0.22138,4.01265,335.7035,7.62711,0.00249,0.00527,-0.01106,0.0125,4.72623
24.5153,4.05934,0.93774,-0.34297,343.1639,329.4757,356.5556,-0.00601,-0.00553,0.01077,0.01351,2.67553,3.97794,0.38921,-0.42568,33.47071,8.78462,28.67177,0.00261,0.01573,0.01052,0.0191,7.99942,4.14552,0.77393,-0.22162,3.93814,335.5522,7.80729,-0.00946,0.01343,-0.01026,0.01937,8.53652
24.53752,4.05922,0.93747,-0.34283,343.2602,329.5565,356.5724,-0.00562,-0.00895,0.00847,0.01354,4.01873,3.97794,0.38931,-0.42561,33.42379,8.92344,28.82727,0.00123,0.01022,0.00694,0.01241,7.17143,4.14544,0.77402,-0.22165,3.91616,335.571,7.86709,-0.00643,0.00887,-0.00577,0.01238,5.45408
24.57085,4.05858,0.93716,-0.34276,343.3045,329.4949,356.6146,-0.01579,-0.00922,0.00372,0.01866,1.00468,3.97749,0.38928,-0.42565,33.37719,8.78061,28.82475,-0.00973,0.0017,0.00075,0.0099,3.03323,4.14555,0.77369,-0.22173,4.14682,335.8571,7.60739,0.00094,-0.00517,-0.0034,0.00626,9.20423
24.60418,4.05812,0.93668,-0.3424,343.4026,329.5514,356.6169,-0.01437,-0.01305,0.00908,0.02143,2.76909,3.97731,0.38888,-0.42564,33.37827,8.80864,28.72692,-0.00661,-0.00851,0.00032,0.01078,1.94596,4.14574,0.77336,-0.22176,4.15371,336.0271,7.51988,0.00441,-0.00872,-0.0014,0.00987,6.52513
24.63751,4.05778,0.9362,-0.34197,343.532,329.606,356.6884,-0.01128,-0.01411,0.01202,0.0217,4.35984,3.97702,0.38875,-0.42539,33.40556,8.96842,29.02255,-0.00818,-0.0051,0.0058,0.01125,5.30646,4.14546,0.7732,-0.22179,4.03806,335.847,7.71428,-0.00511,-0.00588,-0.00109,0.00786,5.17883
24.67085,4.05727,0.9358,-0.34184,343.653,329.5891,356.6617,-0.01429,-0.01234,0.00591,0.01979,3.59379,3.97645,0.38869,-0.42526,33.43212,8.84129,29.16574,-0.01478,-0.00244,0.00432,0.01559,6.11147,4.14509,0.77304,-0.22192,4.00501,335.9397,7.82147,-0.00968,-0.00504,-0.00321,0.01137,3.74053
24.70418,4.05714,0.93562,-0.3413,343.6728,329.8669,356.6422,-0.0063,-0.00718,0.01359,0.01661,6.28271,3.97641,0.38846,-0.42542,33.47015,8.83571,29.0384,-0.00465,-0.00591,-0.00246,0.00792,1.76882,4.14501,0.7726,-0.22185,4.16138,336.0297,7.58481,-0.0042,-0.01115,0.00087,0.01195,6.13024
24.73751,4.057,0.93526,-0.34074,343.7484,330.0582,356.5278,-0.00486,-0.00993,0.01599,0.01944,6.08065,3.97622,0.38899,-0.42518,33.34713,8.9191,29.1071,-0.00535,0.01059,0.00465,0.01274,2.89642,4.14471,0.7721,-0.22163,4.20603,335.9517,7.67833,-0.00791,-0.01411,0.00514,0.01697,2.39384
24.77084,4.05692,0.93504,-0.34006,343.8067,330.394,356.3118,-0.00289,-0.00734,0.01931,0.02086,9.35197,3.97564,0.38846,-0.42528,33.38179,8.66517,28.9023,-0.01437,-0.00946,-0.00094,0.01723,4.636,4.14405,0.77205,-0.22136,4.08033,335.8195,7.70286,-0.01672,-0.00466,0.00735,0.01885,4.16187
24.80417,4.05703,0.93525,-0.33928,343.809,330.7625,355.9863,0.0016,0.00278,0.02246,0.02268,11.66597,3.97487,0.38785,-0.42514,33.44574,8.53624,28.9251,-0.02103,-0.01602,0.00283,0.02659,4.20624,4.14351,0.77192,-0.22104,4.10735,335.7889,7.78436,-0.01629,-0.004,0.00892,0.01899,2.92586
24.8375,4.05663,0.93535,-0.33914,343.8077,330.6349,355.865,-0.00853,0.00291,0.00878,0.01258,4.97733,3.9738,0.38746,-0.42491,33.57566,8.43466,29.43985,-0.02917,-0.0128,0.00586,0.03239,13.96585,4.14317,0.77174,-0.22066,4.18065,335.8984,7.52952,-0.01187,-0.00511,0.01085,0.01688,5.91387
24.87083,4.05645,0.93528,-0.33893,343.7991,330.8467,355.7889,-0.00623,-0.00078,0.0069,0.00933,4.80589,3.97367,0.38788,-0.42478,33.46515,8.40065,29.53003,-0.01035,0.00636,0.00451,0.01296,6.15263,4.1426,0.77153,-0.2205,4.2568,335.8264,7.5863,-0.01581,-0.00594,0.00639,0.01806,1.90195
24.90416,4.05608,0.93505,-0.33872,343.8738,330.9827,355.7655,-0.00978,-0.00548,0.00638,0.0129,4.39017,3.9742,0.38806,-0.42497,33.40555,8.57409,29.36311,0.00939,0.00559,-0.0031,0.01135,5.61692,4.14244,0.77132,-0.22031,4.30028,335.9951,7.53257,-0.00755,-0.00631,0.00589,0.01146,4.16786
24.92639,4.05648,0.93467,-0.33827,344.1198,331.4049,355.6688,0.01308,-0.01286,0.01777,0.02554,18.12631,3.97478,0.38827,-0.42525,33.3736,8.82945,29.38061,0.01885,0.0097,-0.0095,0.02323,8.47661,4.14213,0.77114,-0.22023,4.27227,335.9654,7.55436,-0.01239,-0.00765,0.00336,0.01494,0.85282
24.94862,4.0569,0.93461,-0.33778,344.1459,331.895,355.5294,0.01611,-0.00787,0.01996,0.02683,19.26973,3.97469,0.38847,-0.42538,33.30827,8.82579,29.33424,0.00724,0.00928,-0.00777,0.0141,5.27098,4.14195,0.77104,-0.22021,4.28762,335.8984,7.48128,-0.01018,-0.00621,0.00218,0.01213,2.39535
24.98195,4.05711,0.93447,-0.33749,344.0932,332.3551,355.381,0.00876,-0.00507,0.01158,0.01538,14.63532,3.97391,0.38798,-0.42572,33.29326,8.60411,29.20925,-0.01562,-0.00871,-0.0095,0.02025,3.53727,4.14134,0.77085,-0.22009,4.36704,335.78,7.65145,-0.01632,-0.00582,0.00321,0.01763,5.15322
25.01527,4.05737,0.93442,-0.33749,343.955,332.5959,355.2646,0.00797,-0.00245,0.00293,0.00884,9.47751,3.97224,0.38685,-0.42624,33.42008,8.22175,29.30457,-0.04156,-0.0275,-0.01422,0.05182,10.74578,4.14124,0.77074,-0.2199,4.24826,336.0167,7.79338,-0.00631,-0.00388,0.00502,0.00895,6.26166
25.05972,4.05712,0.93397,-0.33783,343.961,332.467,355.2331,-0.00182,-0.00755,-0.00499,0.00923,1.30374,3.97087,0.38652,-0.42618,33.48137,8.16844,29.97193,-0.03472,-0.01283,-0.00268,0.03712,14.27616,4.14077,0.77065,-0.22004,4.2269,335.8734,7.99927,-0.00931,-0.00212,-0.0009,0.00959,4.52813
25.08192,4.05708,0.93386,-0.3377,343.994,332.7119,355.1648,-0.00114,-0.00601,0.00427,0.00746,8.29772,3.97126,0.38664,-0.42612,33.44005,8.23971,29.9879,0.00632,0.00029,0.00061,0.00636,2.27491,4.14067,0.77029,-0.22009,4.345,336.0396,7.73489,-0.0042,-0.0144,-0.00133,0.01506,12.69262
25.10415,4.05701,0.93372,-0.33757,344.0759,332.801,355.1862,-0.00199,-0.00612,0.00507,0.00819,6.60481,3.97166,0.38676,-0.42623,33.38209,8.36862,29.96103,0.01213,0.00307,-0.00212,0.01269,3.99514,4.14071,0.77007,-0.22009,4.41627,336.1066,7.66928,-0.00104,-0.01206,-0.0006,0.01212,8.95091
25.13748,4.05703,0.93327,-0.33752,344.3278,332.8971,355.2402,-0.00022,-0.01176,0.00237,0.012,7.54381,3.97247,0.38718,-0.42639,33.27792,8.54563,29.8834,0.02131,0.01013,-0.00421,0.02397,6.59743,4.14083,0.76966,-0.22014,4.42232,336.2114,8.03101,0.00228,-0.01241,-0.00133,0.01269,7.28182
25.17081,4.05744,0.93333,-0.33704,344.227,333.3652,355.1631,0.00922,-0.00147,0.01143,0.01476,11.1756,3.97279,0.38718,-0.42634,33.22815,8.60971,29.7568,0.01244,0.00247,0.00013,0.01269,5.53092,4.14103,0.76963,-0.22029,4.35325,336.417,8.10958,0.00508,-0.0037,-0.00361,0.00725,6.3831
25.19303,4.05731,0.93325,-0.33713,344.0842,333.2242,355.1653,-0.00187,-0.00509,-0.00083,0.00549,4.89645,3.9722,0.38678,-0.42618,33.25097,8.4417,29.77607,-0.0183,-0.01347,0.00491,0.02325,5.42393,4.14104,0.76934,-0.22032,4.41028,336.3343,7.74172,0.00151,-0.01198,-0.00193,0.01223,11.35896
25.21525,4.05725,0.93317,-0.33715,344.0201,333.1406,355.1463,-0.00245,-0.00438,-0.00098,0.00511,4.89012,3.972,0.38652,-0.42618,33.26239,8.42234,29.78231,-0.01379,-0.01276,0.00251,0.01895,2.71196,4.14107,0.7693,-0.22028,4.34633,336.3575,7.78426,0.00149,-0.0068,-0.00022,0.00696,4.73639
25.24858,4.05712,0.93356,-0.33704,343.9523,333.0722,355.0452,-0.00347,0.0077,0.00214,0.00871,4.51028,3.97151,0.38656,-0.42612,33.33527,8.48131,30.14694,-0.01433,-0.00214,0.00202,0.01463,8.01032,4.14113,0.76973,-0.22026,4.05397,336.4547,8.09951,0.0016,0.00791,0.00048,0.00808,9.14425
25.28192,4.05637,0.93421,-0.33725,343.8431,332.8098,355.0059,-0.01769,0.0166,-0.00398,0.02458,7.68683,3.97115,0.38652,-0.42615,33.38938,8.44646,30.28084,-0.01168,-0.00148,-0.00027,0.01178,5.66333,4.14106,0.77015,-0.22034,4.09747,336.5351,8.2851,-0.0012,0.01147,-0.00172,0.01166,5.99687
25.31526,4.05578,0.93448,-0.33756,343.8333,332.7285,355.1298,-0.01777,0.01011,-0.00817,0.02201,3.75167,3.97141,0.3869,-0.42623,33.33201,8.41754,29.85069,0.00279,0.00818,-0.00181,0.00883,8.04851,4.14086,0.76981,-0.22003,4.42706,336.4746,7.91913,-0.00485,-0.00468,0.00654,0.00939,9.93496
25.34859,4.05533,0.93473,-0.33781,343.7624,332.698,355.3712,-0.01443,0.00823,-0.00763,0.01828,6.08449,3.9712,0.38666,-0.42627,33.31944,8.38243,29.67261,-0.00395,-0.00347,-0.00147,0.00546,4.77265,4.14095,0.76984,-0.2198,4.33949,336.6118,7.75327,0.00101,-0.00067,0.00675,0.00686,6.35088
25.37081,4.0549,0.93521,-0.33801,343.6777,332.7443,355.3546,-0.01766,0.01902,-0.00804,0.02717,3.88276,3.97045,0.38668,-0.42591,33.34866,8.24444,29.85637,-0.02666,0.00227,0.01236,0.02947,9.86673,4.14029,0.7706,-0.21992,4.0415,336.3689,8.15232,-0.02356,0.02685,-0.00224,0.03579,16.88776
25.39308,4.0547,0.93556,-0.33812,343.6008,332.8522,355.3349,-0.01333,0.0174,-0.00629,0.0228,4.71369,3.97,0.38649,-0.42579,33.39392,8.17769,30.02099,-0.02338,-0.00298,0.00904,0.02524,9.66573,4.14,0.77105,-0.21995,3.93656,336.3695,8.3091,-0.01824,0.02334,-0.00175,0.02967,12.37351
25.42636,4.05428,0.9358,-0.33822,343.4929,333.0074,355.3748,-0.01286,0.00965,-0.00396,0.01656,5.68256,3.96984,0.38603,-0.4257,33.36261,8.23934,30.17506,-0.00959,-0.01123,0.00418,0.01535,4.99622,4.1396,0.77125,-0.22001,4.19922,336.5169,8.24345,-0.01363,0.01046,-0.00184,0.01728,4.79275
25.45969,4.0535,0.9356,-0.33847,343.4774,333.0165,355.4743,-0.02079,-0.00208,-0.00646,0.02187,3.31197,3.97003,0.38584,-0.42558,33.36079,8.34746,30.11168,0.00205,-0.00706,0.00366,0.00821,2.61352,4.13924,0.77103,-0.2201,4.34104,336.553,8.30417,-0.0115,-0.0024,-0.00242,0.01199,4.68112
25.48191,4.05302,0.93554,-0.33852,343.3858,333.0865,355.5852,-0.02095,-0.00248,-0.00367,0.02141,6.00704,3.9702,0.38583,-0.42547,33.30161,8.44782,30.23236,0.00503,-0.00155,0.00512,0.00734,2.31525,4.13879,0.77102,-0.22018,4.24879,336.5993,8.48829,-0.01697,-0.00034,-0.00281,0.01721,6.10191
25.50413,4.05246,0.93527,-0.33861,343.3964,333.0196,355.6652,-0.02308,-0.00738,-0.00385,0.02453,3.79661,3.9703,0.38617,-0.42524,33.21777,8.53663,30.3607,0.00483,0.00686,0.00776,0.01143,4.09485,4.13851,0.77106,-0.2202,4.18794,336.6765,8.65106,-0.01496,0.00088,-0.0018,0.01509,7.21055
25.53747,4.05157,0.93502,-0.33874,343.3601,332.9567,355.7063,-0.02571,-0.00747,-0.00395,0.02707,1.79994,3.97063,0.3859,-0.42515,33.20333,8.70746,30.55315,0.00851,-0.00451,0.00398,0.01042,4.86392,4.13792,0.7708,-0.22027,4.31024,336.6057,8.69633,-0.01688,-0.0058,-0.00202,0.01796,3.54351
25.5708,4.05061,0.93474,-0.33857,343.3653,332.9076,355.8371,-0.02808,-0.0081,0.00293,0.02937,3.21117,3.97086,0.38518,-0.42514,33.27422,8.76808,30.6456,0.00731,-0.01728,0.00118,0.0188,3.24069,4.1373,0.77038,-0.22024,4.42506,336.6024,8.70488,-0.01832,-0.01082,0.00012,0.02128,3.24933
25.60413,4.04954,0.9336,-0.33796,343.8162,332.86,356.0016,-0.03106,-0.02772,0.01441,0.04406,11.0201,3.97114,0.38548,-0.42472,33.25126,8.96846,30.91564,0.00813,0.00253,0.00983,0.013,5.95084,4.13663,0.7697,-0.22009,4.50069,336.673,8.51037,-0.01948,-0.01806,0.00335,0.02678,5.17413
25.63747,4.04837,0.93273,-0.33721,344.3416,332.7809,356.1988,-0.03406,-0.02642,0.02057,0.04776,15.3295,3.97145,0.38617,-0.42447,33.1345,9.13415,31.12272,0.00895,0.01615,0.00798,0.02011,6.1673,4.13598,0.76911,-0.21998,4.53719,336.5568,8.72653,-0.01964,-0.01776,0.0034,0.0267,4.79899
25.6708,4.04731,0.93165,-0.33655,344.9577,332.7743,356.3328,-0.03254,-0.03092,0.01982,0.04907,17.96951,3.97194,0.38704,-0.42446,32.96653,9.33229,31.16991,0.01336,0.02342,0.0022,0.02705,6.55004,4.13564,0.76879,-0.21993,4.42801,336.7894,9.01723,-0.01249,-0.01161,0.0019,0.01715,8.7732
25.70413,4.04632,0.931,-0.33618,345.19,332.6307,356.45,-0.03039,-0.02249,0.0134,0.04011,10.52878,3.97245,0.38738,-0.42477,32.91272,9.5271,31.20798,0.01486,0.01361,-0.00629,0.02111,5.64287,4.13565,0.76793,-0.21981,4.6858,337.1381,9.12621,-0.00299,-0.02234,0.0033,0.02278,11.02558
25.72635,4.04612,0.93044,-0.33628,345.2273,332.625,356.5004,-0.01224,-0.02439,-0.00148,0.02733,3.81556,3.9723,0.3871,-0.42518,32.90699,9.50041,31.30858,-0.00141,-0.00838,-0.01611,0.01822,3.60176,4.13582,0.7672,-0.21943,4.80768,337.2873,9.12793,0.00452,-0.03113,0.01339,0.03419,8.52747
25.74858,4.04604,0.93005,-0.33646,345.0561,332.6613,356.5271,-0.00781,-0.02108,-0.00466,0.02296,2.74343,3.97226,0.38692,-0.42556,32.90504,9.48701,31.42309,-0.00161,-0.0083,-0.01663,0.01866,4.49996,4.13586,0.76663,-0.21922,4.82235,337.2947,8.88827,0.00329,-0.02841,0.01141,0.0308,6.80481
25.78191,4.04598,0.92945,-0.33691,344.787,332.6332,356.5883,-0.00327,-0.0187,-0.01136,0.02212,6.83978,3.97217,0.38698,-0.42565,32.77878,9.46874,31.46904,-0.00233,-0.0006,-0.006,0.00646,3.74562,4.13572,0.76601,-0.21912,4.78992,337.2336,8.92522,-0.0024,-0.02096,0.00504,0.02169,0.60047
25.81524,4.04642,0.92922,-0.33729,344.723,332.7634,356.3467,0.00911,-0.00989,-0.01136,0.0176,5.91178,3.97214,0.38617,-0.42591,32.896,9.55051,31.65656,-0.00139,-0.01849,-0.00746,0.01999,5.24469,4.13543,0.76532,-0.21909,4.57631,337.2523,8.95262,-0.00703,-0.02077,0.00212,0.02202,4.83386
25.84858,4.04635,0.92902,-0.33763,344.7619,332.7813,356.387,0.00067,-0.00696,-0.0104,0.01253,1.20947,3.97216,0.38708,-0.42571,32.77221,9.63828,31.93157,0.00025,0.01598,0.00269,0.0162,6.90177,4.13517,0.76497,-0.21938,4.55915,337.1442,9.26484,-0.00777,-0.01303,-0.00605,0.01634,7.87327
25.87081,4.04617,0.92903,-0.33793,344.7487,332.747,356.421,-0.00371,-0.00325,-0.01213,0.0131,0.48815,3.97216,0.38719,-0.42583,32.75676,9.66873,32.04422,0.00005,0.01036,-0.00143,0.01046,5.69511,4.13514,0.76505,-0.21941,4.47433,337.1426,9.38494,-0.00453,-0.00489,-0.00373,0.00763,7.02906
25.90414,4.04564,0.92891,-0.33904,344.8489,332.5993,356.6131,-0.01287,-0.0036,-0.02783,0.03087,5.28956,3.97241,0.38749,-0.42639,32.78329,9.91462,32.40167,0.00572,0.00941,-0.01284,0.01692,8.12771,4.13491,0.76494,-0.22001,4.52441,337.3441,9.56354,-0.00623,-0.00371,-0.01453,0.01624,6.75281
25.92636,4.04552,0.92876,-0.33936,344.8755,332.5312,356.677,-0.00911,-0.00517,-0.02116,0.02361,4.5165,3.97242,0.38785,-0.42654,32.71799,9.96331,32.56639,0.00303,0.01272,-0.00992,0.01641,7.30616,4.13503,0.7648,-0.22004,4.60127,337.4326,9.37264,-0.00038,-0.00495,-0.00784,0.00928,4.88927
25.95969,4.04551,0.92862,-0.34035,344.7499,332.2273,356.8321,-0.00246,-0.00441,-0.02769,0.02814,8.11796,3.97225,0.38813,-0.42695,32.60948,9.67059,32.16529,-0.00301,0.00947,-0.01173,0.01538,6.69644,4.1353,0.76409,-0.22031,4.68729,337.2505,9.22377,0.00596,-0.01719,-0.00817,0.01994,5.22414
25.99303,4.04594,0.92843,-0.34108,344.7361,332.2947,356.7811,0.00907,-0.00522,-0.02317,0.02543,0.42313,3.97245,0.38778,-0.42758,32.65624,9.6045,32.22392,0.0036,-0.00552,-0.01702,0.01825,2.70531,4.13509,0.76445,-0.22077,4.28028,337.1537,9.61044,-0.00334,0.00382,-0.01221,0.01322,12.07401
26.01525,4.04598,0.92836,-0.34132,344.732,332.2699,356.7998,0.00529,-0.00436,-0.01698,0.01831,0.21156,3.97249,0.38834,-0.42779,32.57502,9.62516,32.4798,0.00283,0.00988,-0.01327,0.01679,6.35486,4.13509,0.76437,-0.22116,4.43967,337.14,9.67485,-0.00156,0.00002,-0.01492,0.015,5.79614
26.04858,4.04709,0.92833,-0.34236,344.7198,332.484,356.7075,0.02625,-0.00177,-0.02765,0.03817,4.52609,3.97286,0.38939,-0.42815,32.42713,9.5983,32.55677,0.00889,0.02613,-0.01134,0.02984,5.22478,4.13561,0.76395,-0.22173,4.6182,337.3118,8.99019,0.01115,-0.00924,-0.0167,0.02211,15.23467
26.0708,4.0473,0.92823,-0.34303,344.6874,332.4234,356.7626,0.01793,-0.00296,-0.02904,0.03425,1.252,3.97315,0.3897,-0.42866,32.32554,9.50884,32.23895,0.01107,0.02001,-0.01716,0.02859,6.31382,4.13555,0.76388,-0.22232,4.55885,337.0571,9.0775,0.00434,-0.00623,-0.02158,0.02288,6.24442
26.10413,4.04781,0.9285,-0.34422,344.7415,332.2397,356.7123,0.01593,0.0053,-0.03395,0.03788,4.45939,3.97332,0.38971,-0.42979,32.35262,9.44429,32.24067,0.00646,0.00522,-0.02986,0.03099,1.81246,4.13556,0.76477,-0.22325,3.96628,336.9574,9.55573,0.00141,0.01843,-0.02632,0.03216,16.71144
26.13747,4.04854,0.9291,-0.3452,344.596,332.1801,356.5792,0.02045,0.01476,-0.03058,0.03964,5.41022,3.97318,0.39006,-0.43077,32.37897,9.30511,32.44343,-0.00142,0.00912,-0.02937,0.03078,6.91817,4.1358,0.76565,-0.22414,3.86031,336.8941,9.79941,0.00562,0.0244,-0.02643,0.03641,10.07435
26.1708,4.0492,0.92962,-0.34661,344.3752,332.0934,356.391,0.01987,0.01535,-0.03945,0.04676,8.45956,3.97328,0.39114,-0.43136,32.24295,9.29346,32.84268,0.00191,0.02662,-0.02078,0.03382,11.10844,4.13649,0.76585,-0.22499,4.14115,337.1779,9.25143,0.01687,0.01058,-0.02585,0.03263,13.18476
26.20413,4.05005,0.93019,-0.34812,344.1743,332.0886,356.307,0.02426,0.01682,-0.04373,0.05276,6.86776,3.9736,0.39233,-0.43185,32.06215,9.24281,33.13134,0.00774,0.03352,-0.016,0.03795,10.95228,4.13693,0.76629,-0.22592,3.95347,337.1534,9.64177,0.0143,0.01249,-0.02732,0.03327,6.88158
26.23747,4.05093,0.93013,-0.34953,344.2813,332.1594,356.363,0.02588,0.00274,-0.04271,0.05001,1.34853,3.97431,0.39255,-0.4326,31.9752,9.24041,33.18495,0.01779,0.01327,-0.02089,0.03048,4.85806,4.13727,0.76732,-0.22702,3.545,337.0693,10.13133,0.01106,0.02634,-0.03161,0.04261,16.18977
26.2708,4.05144,0.93058,-0.35092,344.1854,332.205,356.4252,0.01787,0.01082,-0.04182,0.04675,2.94841,3.97601,0.39218,-0.43339,31.96167,9.55238,33.32781,0.04278,-0.00505,-0.02313,0.04889,5.9796,4.13813,0.76808,-0.22875,3.69669,337.1724,9.71692,0.02209,0.02381,-0.0468,0.05697,6.64593
26.30414,4.05181,0.93078,-0.35262,344.2299,332.1127,356.5677,0.01268,0.00721,-0.0488,0.05093,3.55788,3.97736,0.39242,-0.43369,31.8413,9.72341,33.40622,0.04089,0.00412,-0.01258,0.04298,5.59735,4.13885,0.76877,-0.22999,3.46478,337.2095,9.74434,0.02176,0.02142,-0.03961,0.05001,5.25051
26.33748,4.05207,0.93121,-0.35427,344.1292,331.9909,356.639,0.00922,0.0115,-0.0494,0.05155,4.07058,3.9783,0.39317,-0.43384,31.63213,9.615,33.21929,0.03141,0.01796,-0.00644,0.03676,6.26784,4.13916,0.76995,-0.23125,3.02125,337.0765,10.56802,0.0125,0.03175,-0.03831,0.0513,21.75816
26.37081,4.05231,0.93218,-0.35585,344.1014,331.9978,356.653,0.00752,0.02465,-0.04778,0.05428,1.51829,3.97926,0.39365,-0.43442,31.48158,9.70069,33.21275,0.02951,0.01542,-0.01472,0.03641,5.309,4.13988,0.77113,-0.23262,2.93369,337.395,10.70121,0.01932,0.03453,-0.04043,0.05657,10.81628
26.39305,4.05251,0.93276,-0.35695,344.1485,331.9897,356.701,0.00984,0.02548,-0.04847,0.05564,1.14025,3.97953,0.39408,-0.43495,31.3782,9.57488,32.99503,0.01513,0.01656,-0.02221,0.03156,9.03611,4.1406,0.77145,-0.23382,3.27526,337.5465,10.54862,0.02766,0.01695,-0.04504,0.0555,11.45554
26.41527,4.0529,0.93331,-0.35797,344.1154,332.0105,356.8015,0.01357,0.02499,-0.04703,0.05496,2.70058,3.97958,0.39403,-0.43559,31.38098,9.37165,32.54797,0.00888,0.00715,-0.02535,0.0278,12.74106,4.14104,0.77162,-0.23457,3.35879,337.5084,10.45817,0.02372,0.01248,-0.03935,0.04761,7.60696
26.44862,4.05352,0.93407,-0.35957,344.0492,331.9948,356.918,0.0173,0.02337,-0.04784,0.05598,3.55695,3.97929,0.39467,-0.43604,31.1619,9.13444,32.19987,-0.00451,0.01618,-0.01663,0.02363,11.29628,4.14168,0.77278,-0.23587,2.93219,337.4816,10.35953,0.02044,0.02906,-0.03899,0.05275,8.48307
26.48197,4.0542,0.93559,-0.36146,343.8193,331.9524,356.7371,0.01956,0.04013,-0.05451,0.07046,6.66005,3.97805,0.39444,-0.43616,31.20083,8.79846,32.30331,-0.02885,-0.00104,-0.00666,0.02963,9.0535,4.1427,0.77492,-0.23767,2.45574,337.5849,10.77987,0.02793,0.0555,-0.05031,0.07995,15.51267
26.50421,4.05434,0.93666,-0.36253,343.7016,331.9389,356.6557,0.00825,0.04724,-0.04957,0.06897,7.2728,3.97787,0.39444,-0.43612,31.22726,8.76269,32.26843,-0.01092,0.00149,-0.00028,0.01103,2.69601,4.14316,0.77661,-0.23909,2.38699,337.5394,10.92334,0.02239,0.0708,-0.06032,0.09567,6.62904
26.52642,4.05446,0.93755,-0.36359,343.5579,331.8771,356.684,0.00674,0.04366,-0.04873,0.06578,6.8338,3.9779,0.3945,-0.43624,31.19433,8.77414,32.14413,-0.00469,0.00206,-0.00293,0.0059,3.60449,4.14333,0.77738,-0.23966,2.30985,337.5479,10.9091,0.01513,0.05265,-0.04305,0.06967,4.43812
26.55977,4.05442,0.93863,-0.36524,343.4496,331.8044,356.853,0.00069,0.03512,-0.04921,0.06045,5.41904,3.97809,0.39499,-0.43608,31.04786,8.92209,32.14683,0.00309,0.01158,0.00302,0.01236,4.97712,4.14401,0.77889,-0.24091,2.36095,337.7544,10.95528,0.0191,0.047,-0.03874,0.06383,4.82354
26.5931,4.05436,0.9393,-0.36687,343.4972,331.8138,356.909,-0.00098,0.02392,-0.04894,0.05448,2.08973,3.97841,0.39556,-0.43588,30.97213,9.03564,32.16038,0.00793,0.01557,0.00524,0.01824,4.15962,4.14464,0.78025,-0.24217,2.29044,337.8251,10.91374,0.01895,0.04237,-0.0381,0.06005,3.21302
26.62643,4.05392,0.93959,-0.36831,343.5034,331.6342,357.0068,-0.01016,0.01256,-0.04474,0.04757,4.25435,3.97882,0.39568,-0.43586,30.81435,9.11137,31.80916,0.01125,0.00665,0.00158,0.01316,10.33078,4.14487,0.78106,-0.24341,2.32665,337.7513,10.73009,0.00978,0.02892,-0.0373,0.0482,4.35968
26.64864,4.05332,0.93963,-0.36915,343.6893,331.42,356.9814,-0.02291,0.00516,-0.04059,0.0469,10.59534,3.97858,0.39527,-0.43569,30.7529,9.01741,31.35719,-0.00624,-0.01592,0.0053,0.0179,15.67685,4.14467,0.78242,-0.24463,1.96083,337.4939,10.83602,-0.00616,0.05463,-0.05259,0.07608,16.31335
26.67086,4.05265,0.93982,-0.37016,343.9944,331.1313,356.8362,-0.02661,0.00673,-0.04299,0.051,15.73859,3.97843,0.39491,-0.43569,30.70837,9.10597,31.274,-0.00644,-0.01619,0.00267,0.01763,10.83214,4.14429,0.78351,-0.24559,1.63268,337.3073,11.21522,-0.01171,0.05183,-0.04805,0.07164,19.64189
26.70421,4.0509,0.93998,-0.37169,344.8873,330.4391,356.775,-0.04586,0.00523,-0.04503,0.06448,29.50882,3.97718,0.39481,-0.43562,30.7117,8.95411,31.71099,-0.02976,-0.0062,0.00239,0.03049,9.31958,4.14318,0.78597,-0.24764,1.05568,336.9835,12.08849,-0.02784,0.06838,-0.05802,0.0939,29.45425
26.73753,4.04783,0.93993,-0.37391,346.2097,329.0775,357.024,-0.0807,0.00034,-0.06132,0.10135,49.29402,3.97618,0.39523,-0.43551,30.63694,8.76426,31.8499,-0.02986,0.00781,0.00298,0.03101,8.87845,4.14199,0.78827,-0.24999,0.85584,336.8109,12.24877,-0.03377,0.06896,-0.06744,0.1022,14.13773
26.77086,4.04281,0.93958,-0.37734,347.8705,326.6781,357.4205,-0.13313,-0.0079,-0.09239,0.16224,76.73772,3.97594,0.39569,-0.43545,30.44517,8.63825,31.30999,-0.01299,0.01236,0.00211,0.01806,10.63093,4.14156,0.78668,-0.25208,1.72435,337.0873,12.2793,-0.01814,-0.01853,-0.06388,0.06894,18.2467
26.80419,4.03519,0.93967,-0.38306,349.8123,322.0022,358.0128,-0.20475,0.00019,-0.15182,0.25489,130.9543,3.97534,0.39576,-0.43544,30.2496,8.27004,30.85598,-0.01675,0.00461,0.00082,0.01739,12.78845,4.14035,0.78898,-0.25538,1.06394,336.6877,13.10848,-0.03174,0.04695,-0.09012,0.10645,23.5768
26.83751,4.0269,0.94079,-0.39027,351.4963,316.5549,358.0892,-0.23776,0.02515,-0.20036,0.31194,160.4684,3.97464,0.39557,-0.43506,30.15667,7.85178,30.33976,-0.01993,-0.00307,0.00877,0.02199,13.95819,4.13802,0.78519,-0.25804,0.22594,335.8757,14.27373,-0.06028,-0.0734,-0.0824,0.12574,43.0419
26.85972,4.02068,0.94295,-0.39701,352.1139,312.1912,358.018,-0.27393,0.08207,-0.28886,0.40646,192.3503,3.97394,0.39607,-0.43429,30.02568,7.52814,30.17682,-0.03051,0.01833,0.03078,0.04705,14.33985,4.13738,0.77897,-0.26225,359.846,335.8824,14.54719,-0.03712,-0.2537,-0.18056,0.3136,24.15335
26.88194,4.01559,0.94395,-0.40274,352.9521,308.56,358.2472,-0.25143,0.06348,-0.27328,0.37674,179.3483,3.97339,0.39573,-0.43391,30.0635,7.30303,30.08657,-0.02761,0.00151,0.02399,0.03661,11.01,4.13712,0.77634,-0.26419,359.4897,335.8006,14.7022,-0.02436,-0.18595,-0.13402,0.23051,20.76177
26.91528,4.00759,0.94622,-0.41354,353.9512,302.3247,358.5517,-0.24279,0.06699,-0.31141,0.40051,186.2216,3.97169,0.39555,-0.43323,29.97067,6.49828,29.61686,-0.04514,-0.0038,0.02136,0.05008,18.62333,4.13698,0.76976,-0.26895,359.183,335.9879,14.5305,-0.00918,-0.19463,-0.14044,0.24019,11.63194
26.9486,4.00042,0.94906,-0.42422,354.6188,296.7455,358.5371,-0.22223,0.0805,-0.31816,0.39635,173.0032,3.96987,0.39497,-0.43285,30.09981,5.69425,29.13225,-0.05221,-0.01391,0.01381,0.05577,20.49313,4.13657,0.76529,-0.27254,358.8955,335.8663,15.23662,-0.01157,-0.14925,-0.116,0.18939,18.24579
26.98194,3.9952,0.95242,-0.43611,355.3321,291.8204,358.3069,-0.17294,0.09582,-0.34712,0.39948,155.756,3.96809,0.39463,-0.4329,30.13005,5.01453,28.68664,-0.05312,-0.01117,0.00248,0.05434,18.56444,4.13603,0.75832,-0.27787,358.0799,335.9276,16.19066,-0.01493,-0.19407,-0.14891,0.24508,32.75284
27.00414,3.9924,0.95442,-0.44422,355.7053,288.8138,357.9834,-0.13694,0.09133,-0.35997,0.39582,142.4431,3.96654,0.39456,-0.43311,29.87796,4.43836,28.29597,-0.06711,-0.01038,-0.00787,0.06836,23.77067,4.13541,0.75189,-0.28191,358.0597,336.0145,16.85331,-0.02637,-0.27722,-0.17829,0.33066,27.41932
27.02636,3.98926,0.95633,-0.45184,356.0183,285.7468,357.8287,-0.13926,0.08871,-0.35145,0.3883,140.9026,3.96498,0.39438,-0.43313,29.81054,3.89726,28.10812,-0.06874,-0.0091,-0.0042,0.06946,22.17818,4.13515,0.74872,-0.28374,357.9935,336.1487,17.2413,-0.01899,-0.20985,-0.13023,0.24771,23.03505
27.05968,3.9855,0.95914,-0.46317,356.237,281.6725,357.7895,-0.11943,0.08545,-0.3429,0.37303,127.0387,3.96231,0.39524,-0.43233,29.49868,3.12003,28.17681,-0.0773,0.01711,0.01695,0.08097,24.3372,4.13469,0.74226,-0.28748,357.8446,336.5779,17.38045,-0.015,-0.19792,-0.11676,0.23028,14.70799
27.09301,3.98228,0.96216,-0.47358,356.2069,278.3167,357.7855,-0.10238,0.08927,-0.32004,0.34767,107.1985,3.96034,0.39487,-0.43171,29.49196,2.77843,28.78522,-0.06355,-0.00409,0.0181,0.0662,23.32086,4.13395,0.73632,-0.2911,357.718,336.7039,17.93169,-0.02053,-0.18307,-0.11067,0.21491,16.25668
27.12634,3.9797,0.9644,-0.48281,356.4575,275.8077,357.5622,-0.08349,0.07277,-0.2877,0.30828,83.96586,3.95851,0.39488,-0.43227,29.66255,2.43173,29.10309,-0.0572,-0.00088,-0.00799,0.05776,19.02052,4.133,0.73021,-0.29504,357.4432,336.7516,18.44586,-0.02641,-0.18342,-0.11629,0.21878,17.08498
27.14856,3.97849,0.96524,-0.4873,356.6878,275.1591,357.9446,-0.0621,0.04654,-0.21846,0.23184,43.58892,3.95678,0.39586,-0.43355,29.19594,1.71543,29.44631,-0.07307,0.03193,-0.04698,0.09255,38.86644,4.13142,0.72414,-0.29935,357.2947,336.131,18.80008,-0.06118,-0.25515,-0.1787,0.31746,26.83199
27.17077,3.97677,0.96632,-0.49215,356.7874,273.9749,358.1772,-0.06977,0.04767,-0.21827,0.23405,48.62187,3.95544,0.39707,-0.4345,29.08911,1.14904,29.36966,-0.06672,0.04327,-0.04471,0.09123,30.95093,4.13075,0.72182,-0.3012,357.1398,335.8585,19.08374,-0.04569,-0.17965,-0.13096,0.22696,22.64875
27.20411,3.97469,0.9672,-0.49784,357.0325,273.1077,358.6279,-0.06429,0.03161,-0.18272,0.19627,34.05571,3.95459,0.40022,-0.43577,28.46812,0.74109,29.10991,-0.03579,0.08153,-0.03976,0.09751,21.6428,4.12948,0.71682,-0.30536,356.9397,335.4614,19.46347,-0.04013,-0.15742,-0.12633,0.20579,18.50819
27.23744,3.97363,0.96647,-0.50104,357.6679,273.7938,358.8615,-0.03987,-0.00842,-0.11755,0.12441,19.89743,3.95543,0.40336,-0.43752,27.56119,0.83065,28.3027,0.01013,0.09116,-0.0493,0.10413,30.66567,4.12805,0.70852,-0.31261,356.7249,335.3575,19.64558,-0.0422,-0.22609,-0.19484,0.30143,10.91361
27.27077,3.97229,0.96679,-0.50459,358.0436,274.2339,359.1487,-0.04028,0.005,-0.10944,0.11673,19.42187,3.95443,0.40463,-0.43948,27.36397,0.21754,28.18835,-0.02013,0.05136,-0.05642,0.07891,16.48219,4.12659,0.70136,-0.31909,356.6847,334.7409,20.32833,-0.04339,-0.21768,-0.19441,0.29507,22.45284
27.30411,3.97136,0.96703,-0.50724,358.1965,275.0616,359.4948,-0.03084,0.00666,-0.08696,0.09251,24.94767,3.9539,0.40683,-0.44126,26.97128,0.08886,28.38154,-0.01697,0.06227,-0.0542,0.08429,13.9363,4.12594,0.69484,-0.32473,356.4913,334.6402,20.52986,-0.02529,-0.20128,-0.17562,0.26832,11.52897
27.33744,3.971,0.96757,-0.51012,358.2809,275.6174,359.8332,-0.0159,0.01382,-0.08637,0.08891,21.13348,3.95493,0.4091,-0.44331,26.67128,0.47813,28.10323,0.01905,0.06675,-0.0598,0.09162,14.54921,4.12646,0.68797,-0.33028,356.467,335.3484,20.09436,0.00522,-0.20478,-0.16871,0.26537,15.97258
27.37078,3.97131,0.96804,-0.51279,358.4409,276.0514,0.21184,0.00308,0.01404,-0.08173,0.08299,18.81872,3.954,0.41035,-0.44436,27.17007,359.9169,27.72305,-0.01615,0.04482,-0.03856,0.06129,14.02306,4.1266,0.68072,-0.33771,356.0418,335.3433,20.70232,0.00457,-0.21426,-0.2094,0.29962,16.008
27.40411,3.97165,0.96955,-0.51521,358.3487,276.3421,0.22157,0.00844,0.03762,-0.075,0.08433,10.66313,3.95389,0.40902,-0.44547,28.59577,359.6238,26.6025,-0.00651,-0.01873,-0.0346,0.03988,42.29739,4.12671,0.67466,-0.34489,355.3735,335.4112,21.61751,0.00362,-0.18992,-0.214,0.28615,29.59333
27.42633,3.9721,0.97071,-0.51703,358.4745,276.4477,0.05128,0.01429,0.0449,-0.07829,0.09138,8.07034,3.9539,0.41077,-0.44623,27.59865,359.7698,27.25327,-0.00317,0.03,-0.03427,0.04566,5.65143,4.12745,0.66831,-0.35128,355.1082,335.8095,21.55446,0.01831,-0.23789,-0.25071,0.3461,21.06018
27.45967,3.97238,0.97211,-0.5199,358.648,276.6603,0.06331,0.01125,0.04332,-0.08218,0.09358,7.90453,3.95406,0.41224,-0.44694,27.31127,359.7263,26.90338,0.00082,0.03699,-0.02779,0.04628,8.26918,4.12794,0.66637,-0.35325,354.8278,336.1379,21.54621,0.01651,-0.1481,-0.15493,0.21496,16.35849
27.48188,3.97276,0.97319,-0.52169,358.7834,276.8323,0.03128,0.01426,0.04618,-0.08139,0.09466,8.88919,3.95452,0.41373,-0.44677,26.99734,359.7784,26.59392,0.01093,0.05203,-0.01014,0.05412,14.29802,4.12839,0.66239,-0.35689,354.7781,336.2587,21.80943,0.01835,-0.16358,-0.1593,0.22907,13.76126
27.51522,3.97415,0.97512,-0.52425,358.9659,277.0924,0.27329,0.03489,0.05486,-0.0779,0.10146,10.74998,3.9552,0.41551,-0.44621,26.5786,359.6749,26.17142,0.01786,0.05314,0.01006,0.05696,16.34761,4.12889,0.65678,-0.3621,354.2856,336.4633,22.74454,0.01601,-0.16716,-0.15702,0.2299,27.7604
27.54855,3.97594,0.97798,-0.52694,358.7955,277.3569,0.49485,0.04895,0.07809,-0.08003,0.12206,10.46664,3.95636,0.41556,-0.44547,26.65626,359.54,25.37833,0.03065,0.0143,0.01907,0.03883,19.50043,4.13024,0.65004,-0.3678,353.6974,337.1861,22.5824,0.03433,-0.19329,-0.16761,0.25813,24.53619
27.58188,3.97789,0.98156,-0.5296,358.2298,277.6539,0.85583,0.05616,0.09996,-0.08002,0.13982,18.74784,3.95784,0.41454,-0.4441,26.86309,359.1972,23.6,0.04101,-0.01936,0.03561,0.05766,42.27152,4.13146,0.64499,-0.372,353.3725,337.6778,22.18718,0.03604,-0.16198,-0.1362,0.21468,20.32843
27.61521,3.98039,0.98553,-0.53225,357.6837,277.9347,1.135,0.0703,0.11435,-0.07952,0.15602,19.92207,3.95897,0.41315,-0.44273,27.57882,358.7581,21.93317,0.03575,-0.03622,0.03985,0.06463,47.80582,4.1325,0.63922,-0.37705,353.1405,337.9608,22.88076,0.0325,-0.17038,-0.14772,0.22784,19.61003
27.64854,3.98271,0.98951,-0.53485,357.1644,278.2866,1.4083,0.06976,0.11825,-0.0785,0.15815,20.49927,3.96073,0.41439,-0.44134,27.72906,359.1107,21.43421,0.04842,0.01894,0.04124,0.06636,27.17065,4.13362,0.6353,-0.38054,352.4518,338.6098,23.56012,0.03315,-0.13088,-0.11562,0.17775,32.08268
27.68187,3.98462,0.99306,-0.53761,356.6724,278.4488,1.92291,0.06032,0.10939,-0.0817,0.14926,21.37972,3.96213,0.41709,-0.43984,27.53622,359.6828,22.06833,0.04358,0.06555,0.04407,0.09021,12.84965,4.13497,0.62968,-0.38454,351.8195,339.2858,23.90976,0.03872,-0.15912,-0.11876,0.20229,30.80742
27.71521,3.98612,0.99611,-0.54001,356.2197,278.4291,2.3672,0.0488,0.09597,-0.07446,0.13091,19.40798,3.96153,0.41751,-0.43866,28.24813,358.4888,20.49234,-0.0025,0.02569,0.03742,0.04546,34.15565,4.13623,0.6222,-0.3886,352.04,339.7274,23.12278,0.03796,-0.20796,-0.12118,0.24367,19.28293
27.74854,3.98729,0.99826,-0.54205,356.2671,278.3545,2.29472,0.03874,0.07228,-0.06453,0.10435,3.24271,3.96288,0.41836,-0.43915,28.48484,357.3242,16.78634,0.02978,0.02554,-0.00146,0.03926,82.12942,4.13662,0.61596,-0.39236,352.2362,339.7732,23.29239,0.01841,-0.1925,-0.11471,0.22484,6.53116
27.78186,3.98811,1.00068,-0.54376,356.5231,278.5486,1.84414,0.02811,0.07264,-0.05462,0.09513,11.49237,3.96349,0.41878,-0.4405,30.42253,355.3723,15.02445,0.02111,0.01586,-0.03086,0.04061,74.27162,4.13657,0.61132,-0.39626,351.3743,339.7034,24.20309,0.00333,-0.15253,-0.11658,0.19201,27.44859
27.8152,3.98918,1.00359,-0.54559,356.8715,279.0022,1.3486,0.03101,0.0835,-0.05481,0.10458,19.37546,3.96706,0.42283,-0.44166,32.44671,357.3466,22.51778,0.08562,0.09517,-0.03384,0.13241,150.2103,4.13658,0.6055,-0.40029,350.6569,339.8428,25.24828,0.00118,-0.16895,-0.1198,0.20712,35.84811
27.84854,3.99035,1.00655,-0.54721,357.2998,279.9091,1.06311,0.0342,0.0876,-0.04998,0.1065,27.44334,3.9675,0.44035,-0.43951,28.72142,355.5623,23.64601,0.03116,0.41793,0.04004,0.421,109.9024,4.13663,0.59645,-0.40357,351.4902,340.1134,26.07433,0.00137,-0.24602,-0.10362,0.26696,30.77841
27.88186,3.99122,1.00936,-0.54853,357.2642,280.7064,1.08906,0.02811,0.08511,-0.04223,0.09909,23.81458,3.96901,0.45314,-0.43814,26.50222,354.1992,23.72032,0.04193,0.39228,0.04075,0.39662,83.74789,4.13709,0.59495,-0.40348,351.6381,340.6083,26.38413,0.01083,-0.09531,-0.02407,0.0989,21.02607
27.91519,3.99239,1.01454,-0.55023,356.804,282.14,1.89986,0.03318,0.13777,-0.04885,0.1499,44.06548,3.9742,0.47471,-0.4332,26.49661,352.8409,24.95837,0.12728,0.58356,0.12146,0.6095,64.52519,4.14193,0.58218,-0.40459,353.8733,343.8705,22.50729,0.11143,-0.311,-0.03094,0.33181,118.2025
27.94852,3.99351,1.01866,-0.55208,357.0346,283.2733,1.35706,0.03366,0.12729,-0.05385,0.14225,35.59663,3.97437,0.49296,-0.42925,25.85668,350.666,26.58927,0.03556,0.55657,0.11907,0.57027,90.48484,4.15382,0.58322,-0.39199,353.7255,348.5986,19.75478,0.2955,-0.05433,0.27574,0.40781,142.3238
27.98186,3.99419,1.02159,-0.55484,357.3729,283.9283,1.4471,0.02357,0.09768,-0.0755,0.12569,24.91562,3.97537,0.5088,-0.42432,26.51903,347.3906,25.51101,0.03127,0.49544,0.14088,0.51603,84.1965,4.16162,0.58823,-0.38666,353.8016,353.7084,15.04784,0.24938,0.09912,0.18898,0.32822,182.4266
28.00408,3.99445,1.02305,-0.55663,357.433,284.0179,1.7711,0.01451,0.07599,-0.07746,0.10948,14.13228,3.97597,0.51769,-0.42111,27.01122,344.5902,23.16318,0.03347,0.42384,0.14381,0.44882,99.41766,4.1641,0.60055,-0.38861,350.6876,355.904,11.67039,0.16177,0.44982,-0.01784,0.47836,196.63
28.0263,3.99474,1.02483,-0.55795,357.4155,284.3736,1.72289,0.01372,0.07807,-0.0685,0.10476,13.64044,3.97748,0.52657,-0.41811,27.24952,343.8373,23.65207,0.05085,0.41158,0.13927,0.43747,64.54981,4.16719,0.60921,-0.38887,349.2069,358.6944,9.20551,0.15043,0.41979,-0.01483,0.44618,181.1366
28.05962,3.99489,1.02725,-0.55974,357.3783,284.9379,1.4471,0.00678,0.07407,-0.05743,0.09398,16.59587,3.97967,0.53725,-0.41296,28.48831,343.4597,24.11239,0.06198,0.34326,0.15078,0.38001,41.92435,4.16396,0.62149,-0.39126,348.1902,359.4358,7.83455,-0.03511,0.38123,-0.05742,0.38713,83.22975
28.09295,3.99532,1.02927,-0.56179,357.4874,285.4923,1.37732,0.01145,0.06385,-0.06046,0.08868,16.75237,3.98122,0.54915,-0.40843,28.86937,341.8211,23.40129,0.05032,0.35373,0.13964,0.38361,41.88101,4.16329,0.63232,-0.39258,347.0239,2.06897,6.36543,-0.02388,0.33915,-0.04407,0.34283,86.02998
28.12628,3.99599,1.03005,-0.56124,357.6807,287.3245,1.63709,0.01797,0.03354,-0.00274,0.03815,46.10465,3.98371,0.56045,-0.40583,26.50311,341.3641,23.40898,0.06855,0.34264,0.09349,0.36172,52.95683,4.16448,0.64007,-0.39391,349.6848,5.29471,2.88704,0.02081,0.25916,-0.04096,0.2632,125.6534
28.15962,3.99645,1.03131,-0.55983,357.5836,289.6037,1.4794,0.01487,0.03682,0.03098,0.05036,62.56479,3.98879,0.5686,-0.40293,26.26853,342.7328,24.95872,0.13154,0.26895,0.08866,0.31225,36.63527,4.1636,0.64441,-0.39419,352.9391,6.87206,0.64152,-0.01464,0.16236,-0.01663,0.16387,121.633
28.19295,3.99888,1.03056,-0.55598,358.8367,293.7138,0.7176,0.05835,-0.00783,0.09449,0.11133,112.5368,3.99283,0.57669,-0.39996,26.0429,342.9137,25.07055,0.12388,0.24929,0.08887,0.29221,14.80119,4.16259,0.64681,-0.39451,356.8183,7.76421,359.5253,-0.02623,0.09462,-0.01125,0.09883,120.9231
28.22629,4.00329,1.02888,-0.54978,0.87404,299.2263,0.05912,0.11374,-0.03965,0.16294,0.20263,161.0606,3.99854,0.58621,-0.39758,24.05093,343.854,25.68653,0.15942,0.27657,0.07581,0.32811,52.29395,4.16314,0.64963,-0.39551,359.8399,7.49164,356.4639,0.00582,0.08709,-0.02524,0.09086,124.0418
28.25962,4.00866,1.02785,-0.54264,2.83936,305.7742,359.4858,0.14923,-0.03304,0.2015,0.25291,194.9673,4.00542,0.59516,-0.39457,22.13613,345.9861,27.76837,0.19467,0.2705,0.08668,0.34435,79.53886,4.16381,0.65402,-0.39855,0.79919,7.37209,353.1453,0.01655,0.12048,-0.07469,0.14271,104.9361
28.29295,4.01495,1.02807,-0.53473,4.29109,313.2461,359.2536,0.17897,-0.00329,0.22828,0.29009,220.1205,4.01114,0.60224,-0.39149,22.21875,347.2899,30.38683,0.17727,0.2269,0.09087,0.30194,68.67892,4.16195,0.66469,-0.40333,356.6375,5.10924,352.1958,-0.03775,0.2702,-0.12628,0.30063,107.6449
28.31521,4.02367,1.0272,-0.52974,5.98716,319.8002,359.8586,0.33449,-0.03764,0.2101,0.39679,275.4548,4.01676,0.60896,-0.38959,21.26595,348.6688,30.98854,0.2359,0.28651,0.08725,0.38125,65.74935,4.16307,0.66898,-0.40479,355.5515,5.92867,353.2245,0.02578,0.19147,-0.07312,0.20657,44.65365
28.3374,4.03003,1.02665,-0.52662,7.281,324.6326,0.24303,0.31049,-0.03117,0.17521,0.35788,249.7742,4.02106,0.61643,-0.38787,20.2888,348.9412,30.5948,0.21481,0.31151,0.08231,0.38725,51.97565,4.16246,0.6709,-0.40552,356.3313,4.63104,351.9226,-0.00084,0.13889,-0.053,0.14866,37.32045
28.37073,4.04005,1.02775,-0.52431,7.99495,331.3418,0.47771,0.30321,0.01705,0.09591,0.31847,213.0566,4.02481,0.6276,-0.38571,19.11392,347.8757,29.61942,0.1381,0.32907,0.06919,0.36352,42.07877,4.16494,0.67535,-0.40676,356.5888,5.05178,351.4028,0.05561,0.13504,-0.04094,0.15167,18.51966
28.40405,4.05062,1.02818,-0.52414,8.96399,337.8332,0.86162,0.31354,0.01379,0.02772,0.31506,199.9805,4.03065,0.63768,-0.3834,17.81627,350.0198,31.69907,0.16594,0.30925,0.06932,0.35774,63.38139,4.17133,0.68079,-0.40793,356.6158,6.93903,350.2627,0.15774,0.15607,-0.0366,0.2249,51.20774
28.43738,4.0593,1.03006,-0.52494,8.82008,342.9017,1.19021,0.27389,0.04588,-0.01104,0.27793,162.6695,4.0357,0.64525,-0.38057,17.52204,351.809,32.83181,0.15525,0.24758,0.08099,0.30324,55.19123,4.17558,0.68392,-0.40799,358.0102,6.73604,348.2507,0.13502,0.10959,-0.01054,0.17422,61.73215
28.47072,4.06635,1.03105,-0.5276,8.71404,346.7404,0.64937,0.2271,0.03371,-0.06262,0.23797,129.109,4.03563,0.65162,-0.37763,17.07181,350.3709,32.12703,0.0371,0.20538,0.08646,0.22591,23.59497,4.1828,0.68649,-0.40788,0.37565,6.2426,343.5962,0.19616,0.08517,-0.00012,0.21386,133.3479
28.49294,4.07146,1.03086,-0.52887,9.28002,349.778,0.86812,0.22847,0.0126,-0.05981,0.2365,132.5258,4.03713,0.65784,-0.37626,15.638,350.3392,32.14528,0.0523,0.24258,0.07416,0.259,40.7186,4.18838,0.68767,-0.40843,1.62455,7.0523,341.0854,0.22361,0.06906,-0.01251,0.23437,130.2177
28.52627,4.07461,1.03172,-0.53189,9.08763,351.8091,0.62271,0.1279,0.02257,-0.08286,0.15405,79.75587,4.04062,0.66452,-0.37477,14.48623,352.4997,33.24267,0.09173,0.21093,0.05206,0.23583,58.1972,4.19401,0.69227,-0.41107,0.29507,8.78052,339.9792,0.18251,0.12082,-0.06262,0.22766,69.6879
28.54849,4.07716,1.03187,-0.53371,9.23147,353.4388,0.52233,0.12136,0.0145,-0.08251,0.14747,77.02254,4.04203,0.66705,-0.37337,14.89275,353.5564,33.98109,0.07751,0.16247,0.05752,0.18898,48.66971,4.19588,0.69315,-0.41204,1.04546,8.35996,338.758,0.13337,0.08019,-0.05307,0.16442,56.31489
28.57071,4.07881,1.03168,-0.5359,9.62797,354.5629,0.46996,0.09789,0.00313,-0.09045,0.13332,64.82309,4.04187,0.66939,-0.37228,15.02945,353.674,34.58527,0.03531,0.13377,0.05332,0.14828,32.62448,4.19941,0.69175,-0.41237,3.70439,8.57093,336.1212,0.1462,0.00864,-0.03395,0.15034,108.6997
28.59293,4.08059,1.03205,-0.53747,9.71278,355.8866,0.34161,0.08894,0.00989,-0.08063,0.12045,62.78961,4.04261,0.67301,-0.37127,14.61174,354.0148,34.95908,0.03419,0.14849,0.04934,0.16016,28.05277,4.20343,0.6906,-0.41298,6.13781,8.76947,331.1404,0.16349,-0.02165,-0.03072,0.16776,178.8298
28.61515,4.08192,1.03284,-0.53873,9.52375,357.0502,0.11365,0.07451,0.0227,-0.06867,0.10384,58.60115,4.04393,0.67686,-0.37055,13.80035,354.8154,35.03648,0.04687,0.16071,0.04086,0.17232,36.50034,4.20588,0.68843,-0.41371,9.21498,7.95074,324.3492,0.13688,-0.05963,-0.03185,0.15267,255.4214
28.64849,4.08229,1.0336,-0.54113,9.20682,357.8025,359.6791,0.02696,0.02272,-0.07109,0.07935,35.72303,4.04847,0.67998,-0.36811,13.76643,359.067,36.55365,0.11383,0.11054,0.06509,0.1715,100.6846,4.20376,0.6906,-0.41398,9.76739,5.76909,321.8504,-0.01343,0.03403,-0.01398,0.03916,125.3528
28.68183,4.08208,1.03407,-0.5442,9.1254,358.6072,359.3616,0.00182,0.01619,-0.08698,0.08849,29.46857,4.0472,0.68209,-0.36758,14.37688,359.293,37.71645,-0.0002,0.07503,0.02808,0.08011,42.40556,4.20153,0.69234,-0.41483,10.11381,3.81848,317.8896,-0.05357,0.04766,-0.02259,0.07517,123.4894
28.71515,4.08155,1.03545,-0.54641,8.38716,359.1344,359.3156,-0.01148,0.03516,-0.07133,0.08035,25.98317,4.04911,0.68394,-0.36647,14.65071,1.29081,38.61562,0.04304,0.06036,0.03217,0.08081,54.20408,4.1987,0.69672,-0.41472,8.7189,0.91239,312.9003,-0.07708,0.11026,-0.00324,0.13457,153.6219
28.73738,4.07965,1.03696,-0.5478,7.4668,358.7265,359.381,-0.04832,0.05148,-0.06698,0.09731,29.44737,4.0487,0.68358,-0.36526,14.61954,1.13111,38.63004,0.01225,0.02218,0.04322,0.05009,24.18334,4.20028,0.70208,-0.41601,5.33256,3.34762,313.3274,-0.00284,0.17574,-0.03068,0.17842,111.5719
28.77071,4.07716,1.03971,-0.54984,6.0245,358.4811,359.038,-0.06808,0.07475,-0.06272,0.11898,40.81619,4.04529,0.68489,-0.36433,14.07348,358.9408,38.22552,-0.07366,0.03499,0.03181,0.08753,44.07804,4.19723,0.70112,-0.41616,6.28682,1.78954,311.0156,-0.06952,0.02237,-0.01085,0.07384,71.06248
28.80404,4.07388,1.04384,-0.55154,3.85718,357.8106,359.3275,-0.09086,0.11176,-0.05382,0.15377,61.2683,4.04013,0.68802,-0.36469,12.55121,355.9384,37.1666,-0.13455,0.07919,-0.0001,0.15613,85.14007,4.19511,0.70273,-0.4147,5.02025,1.07308,308.8169,-0.06511,0.0418,0.03017,0.08304,74.16419
28.82626,4.0717,1.04649,-0.55273,2.50676,357.3831,359.5316,-0.09454,0.11541,-0.05378,0.15859,62.87279,4.03782,0.68915,-0.36431,12.23668,354.936,37.06146,-0.11932,0.06504,0.00834,0.13615,65.39033,4.1959,0.70388,-0.4151,4.33699,3.03917,309.0197,-0.01458,0.04674,0.00592,0.04932,54.25308
28.85959,4.06768,1.0517,-0.55443,359.5772,356.5535,359.5545,-0.11407,0.1461,-0.05165,0.19242,84.13595,4.03455,0.68798,-0.36309,13.60224,354.3382,38.33567,-0.10337,-0.01024,0.02965,0.10802,48.71849,4.19347,0.70236,-0.41567,5.40045,4.90165,310.2996,-0.05853,-0.0224,-0.01127,0.06367,55.39513
28.88182,4.06419,1.0566,-0.55591,356.4919,355.5884,359.8624,-0.1502,0.20569,-0.06443,0.26272,133.4595,4.03029,0.68945,-0.36271,13.21195,352.5811,38.31709,-0.1754,0.06684,0.01887,0.18865,71.89001,4.18896,0.7042,-0.4136,3.69642,5.55074,316.4111,-0.15687,0.05172,0.06005,0.17576,208.5401
28.90404,4.06121,1.06042,-0.55743,354.0909,354.7733,0.18279,-0.14213,0.18881,-0.06629,0.24545,124.0261,4.02706,0.69153,-0.36229,12.26526,351.2822,37.77583,-0.16047,0.08023,0.01906,0.18042,69.81886,4.1854,0.70554,-0.41264,2.36285,5.70666,319.1708,-0.1585,0.0559,0.05167,0.17583,172.1707
28.93737,4.05566,1.06655,-0.56001,349.9279,353.2376,0.55683,-0.16054,0.18501,-0.07467,0.25608,130.7752,4.02368,0.69296,-0.35992,11.72781,350.942,38.15641,-0.11614,0.0522,0.0579,0.13988,32.11262,4.17824,0.709,-0.41029,359.6469,3.7588,319.856,-0.20078,0.09186,0.06566,0.23036,102.1578
28.9707,4.04932,1.07356,-0.56265,345.0077,351.4373,0.9719,-0.1827,0.20407,-0.07802,0.2848,150.233,4.01956,0.69217,-0.35646,13.29753,351.3552,40.47706,-0.12181,-0.00467,0.09235,0.15293,60.9668,4.17197,0.7057,-0.40786,0.87345,2.46919,319.1929,-0.19114,-0.05127,0.07115,0.21029,40.37711
29.00402,4.04298,1.07826,-0.56599,341.1086,349.3011,2.0416,-0.18838,0.15687,-0.09475,0.26281,136.8324,4.01353,0.69602,-0.3534,12.07075,348.7996,40.46172,-0.16609,0.08559,0.09202,0.20828,63.93429,4.16501,0.70155,-0.40547,3.43733,359.8891,314.3842,-0.20454,-0.10629,0.0715,0.24134,139.2679
29.03736,4.03725,1.07993,-0.5693,339.0472,347.5022,2.68331,-0.17616,0.07681,-0.09821,0.21582,93.58646,4.00937,0.70058,-0.3494,10.89224,347.4687,39.78406,-0.1351,0.12385,0.11305,0.21534,53.49522,4.15911,0.70412,-0.40488,2.56944,358.9847,311.6171,-0.18389,0.03133,0.03113,0.18911,95.71452
29.07069,4.03192,1.08043,-0.5715,338.1141,346.045,3.2127,-0.16399,0.03047,-0.07389,0.18243,59.5581,4.00537,0.7053,-0.34457,9.84181,347.1424,40.71755,-0.1237,0.1373,0.13697,0.23003,42.13171,4.15309,0.70853,-0.40518,0.94873,358.3719,311.5726,-0.18148,0.10694,0.00114,0.21065,49.84089
29.10401,4.02702,1.08052,-0.57227,338.131,344.9776,3.21988,-0.15118,0.00948,-0.03599,0.15569,35.72874,4.00224,0.7072,-0.33899,10.2863,346.0212,41.50671,-0.10137,0.07689,0.15985,0.2043,40.37252,4.14356,0.71518,-0.40651,358.8217,355.1375,312.2879,-0.25973,0.17655,-0.02975,0.31546,97.66963
29.12623,4.02451,1.07884,-0.57149,339.5092,344.9497,2.81378,-0.12092,-0.05693,0.01965,0.13509,48.26266,4.0033,0.70694,-0.33344,12.30445,347.4336,42.66803,0.01297,0.01207,0.22487,0.22556,87.84224,4.13885,0.71964,-0.40806,357.8642,354.4189,313.2963,-0.19502,0.22337,-0.06007,0.30255,76.63333
29.14846,4.02203,1.07784,-0.57082,340.3797,344.7715,2.96427,-0.1163,-0.0509,0.02495,0.12938,43.33124,4.00257,0.70812,-0.32959,13.25939,347.8708,43.44605,-0.01006,0.03261,0.19909,0.20199,71.66574,4.13642,0.72445,-0.40909,356.1595,354.2616,312.3072,-0.15219,0.22001,-0.05313,0.27274,71.45375
29.18178,4.01866,1.07659,-0.56857,341.7353,344.8084,3.30224,-0.10498,-0.04102,0.05689,0.12625,41.65154,4.00236,0.71434,-0.32561,13.22035,348.5794,44.35155,-0.0073,0.14796,0.13915,0.20324,36.50427,4.1336,0.72876,-0.4094,355.7505,353.1889,310.3715,-0.10155,0.1521,-0.02034,0.18401,60.61187
29.21511,4.0152,1.07602,-0.56659,341.9432,344.5855,3.81436,-0.10413,-0.02287,0.05874,0.12173,19.6003,4.00496,0.71949,-0.32186,13.53397,349.6805,44.16407,0.05671,0.15294,0.11917,0.202,31.8065,4.13262,0.73148,-0.41007,355.5832,353.9901,308.2839,-0.04738,0.09908,-0.02017,0.11166,59.05766
29.24843,4.01176,1.07551,-0.56497,341.7766,343.997,4.35563,-0.10347,-0.01734,0.0511,0.1167,17.6436,4.00991,0.72186,-0.31833,15.06892,352.0239,44.99769,0.12556,0.09156,0.10933,0.19,69.4773,4.12971,0.73639,-0.41256,353.6379,354.0348,308.6399,-0.07724,0.13534,-0.06097,0.16733,46.83666
29.27065,4.00997,1.07555,-0.56449,342.033,343.8246,4.01982,-0.08406,-0.00604,0.0277,0.08871,17.83915,4.01469,0.72287,-0.31679,15.34173,354.2402,46.85101,0.19298,0.04863,0.07504,0.21269,98.81815,4.12411,0.73836,-0.41462,352.6507,352.7328,309.6134,-0.21732,0.09471,-0.08428,0.2516,71.06017
29.29288,4.0081,1.07527,-0.56394,342.3474,343.6002,3.98774,-0.08403,-0.0093,0.02607,0.08847,17.30487,4.01628,0.72266,-0.31533,16.15515,354.5657,47.5841,0.13215,0.01945,0.07037,0.15097,67.75597,4.121,0.7406,-0.41587,351.5427,352.95,311.2965,-0.17877,0.09784,-0.07038,0.2156,74.89515
29.32621,4.00575,1.07614,-0.56315,342.0638,343.1201,4.03821,-0.07395,0.0173,0.02427,0.07973,13.57475,4.02134,0.71806,-0.31372,19.43571,355.6393,47.49633,0.14696,-0.09844,0.0538,0.18489,87.91802,4.11853,0.74713,-0.41722,347.237,354.2897,315.3579,-0.1001,0.17136,-0.04794,0.20416,157.0389
29.35954,4.00269,1.07742,-0.56273,341.3308,341.9691,4.4863,-0.08744,0.03312,0.01563,0.0948,32.67894,4.02972,0.71474,-0.3123,20.8651,358.9155,46.62949,0.2254,-0.0994,0.04535,0.25048,104.207,4.11545,0.74518,-0.41334,349.0143,354.0843,317.4332,-0.09447,-0.00095,0.07537,0.12085,74.39727
29.39287,3.99918,1.07768,-0.56267,341.2509,340.6708,4.44345,-0.10085,0.01415,0.0053,0.10198,36.5641,4.03349,0.71001,-0.31187,23.35516,1.09142,48.18337,0.14104,-0.13124,0.02111,0.19381,94.95466,4.11772,0.74703,-0.41231,348.9087,356.1243,315.3151,0.02741,0.04132,0.04189,0.06491,50.11654
29.4262,3.99536,1.07755,-0.56292,341.1393,338.7688,4.84751,-0.11117,0.00061,-0.00426,0.11125,49.86432,4.03559,0.70844,-0.31169,23.6401,1.18668,46.28992,0.08247,-0.06813,0.00927,0.10737,51.77674,4.11957,0.74964,-0.41251,348.4594,358.1168,312.7863,0.04852,0.0691,0.00596,0.08464,77.38541
29.44842,3.99262,1.07727,-0.56339,341.1887,337.1668,5.17692,-0.12013,-0.01027,-0.01828,0.12194,63.08411,4.03534,0.70728,-0.31179,23.67628,1.65221,46.35587,0.00113,-0.07187,-0.0041,0.072,25.43164,4.11923,0.75315,-0.41295,347.8415,358.3035,313.3021,-0.00463,0.13714,-0.00992,0.13758,30.39023
29.47065,3.99017,1.07703,-0.56372,341.3642,336.0338,5.27329,-0.11514,-0.01056,-0.01655,0.1168,56.54272,4.03586,0.7049,-0.31196,24.65635,2.4877,47.51112,0.01213,-0.08934,-0.00571,0.09034,43.84384,4.11836,0.75549,-0.41268,347.5894,358.8191,313.6095,-0.02172,0.12111,0.00107,0.12304,30.13391
29.49287,3.98783,1.07694,-0.56418,341.5923,334.8978,5.24269,-0.10715,-0.00376,-0.01836,0.10878,52.97258,4.03731,0.70226,-0.31197,25.28304,4.59221,48.82972,0.05509,-0.11738,0.00067,0.12967,80.02223,4.11868,0.76031,-0.41325,346.3047,359.9938,314.7274,0.01108,0.2038,-0.02651,0.20582,85.31161
29.51509,3.98556,1.077,-0.56437,341.6502,333.8564,5.30123,-0.10468,-0.00053,-0.01337,0.10553,49.51149,4.03785,0.69886,-0.31178,26.37142,5.67162,49.53959,0.03977,-0.135,0.00454,0.14081,71.46357,4.11848,0.7645,-0.41352,345.3314,0.39962,315.2358,0.00092,0.19608,-0.01936,0.19703,69.38871
29.54842,3.9828,1.07702,-0.56467,341.9787,332.5979,5.17071,-0.08831,0.00043,-0.0101,0.08889,42.49591,4.03588,0.69579,-0.31126,26.59947,4.71818,49.45841,-0.03431,-0.10292,0.01285,0.10924,18.90629,4.11683,0.76692,-0.41035,347.0344,359.887,317.0431,-0.03674,0.10356,0.06661,0.12849,54.44078
29.58175,3.98103,1.07673,-0.56464,342.6071,332.0526,4.83827,-0.06189,-0.00636,-0.00185,0.06224,30.78216,4.037,0.69307,-0.31177,26.61189,5.19413,49.36142,0.01647,-0.08692,-0.00819,0.08885,10.30053,4.11643,0.77108,-0.40984,347.7508,358.3313,316.2899,-0.01821,0.11933,0.02808,0.12393,43.60427
29.61509,3.97967,1.07634,-0.56432,343.0646,331.9532,4.43009,-0.04605,-0.01044,0.00661,0.04768,21.12729,4.04033,0.68387,-0.31393,30.44303,8.41495,53.78247,0.07912,-0.22862,-0.05075,0.24719,126.4081,4.11716,0.77263,-0.40998,349.2886,358.9524,312.3627,0.01179,0.06471,0.00387,0.06589,97.52018
29.63731,3.97956,1.07651,-0.56353,342.883,332.3913,4.51139,-0.01878,0.00244,0.02667,0.03271,10.69206,4.04471,0.67118,-0.31957,37.35025,12.78362,63.14213,0.17207,-0.43948,-0.17311,0.50271,325.5973,4.12114,0.7817,-0.41461,344.6938,3.22383,313.3613,0.11885,0.31033,-0.1314,0.35734,192.4305
29.65953,3.97881,1.07622,-0.56326,342.9527,332.4035,4.49877,-0.02636,-0.00519,0.01933,0.0331,5.45734,4.04992,0.6649,-0.32209,39.77986,16.9205,66.54335,0.20341,-0.36096,-0.14339,0.43844,248.2799,4.1214,0.78531,-0.41525,344.0039,3.99499,314.5276,0.06515,0.23635,-0.08008,0.25791,129.4057
29.69287,3.97813,1.07519,-0.56288,343.4747,332.7252,4.39847,-0.02178,-0.02445,0.01345,0.0354,14.45154,4.06,0.65692,-0.32682,42.10054,23.48847,70.14449,0.27752,-0.26989,-0.14232,0.41245,176.8648,4.11784,0.78775,-0.41614,344.3563,1.64852,315.0324,-0.06366,0.11397,-0.04005,0.13655,35.23869
29.71509,3.97779,1.07461,-0.5625,343.7423,333.0145,4.21918,-0.0175,-0.02598,0.01647,0.03539,16.52303,4.06588,0.65077,-0.33073,43.69971,26.64409,72.68256,0.27618,-0.28622,-0.17192,0.4333,149.4605,4.11833,0.78779,-0.41687,344.3733,1.91445,313.6824,0.01474,0.02415,-0.03007,0.04128,42.44395
29.73732,3.97725,1.07413,-0.56203,343.9651,333.2225,4.14805,-0.02088,-0.02374,0.01898,0.03687,14.95104,4.07252,0.64364,-0.33573,45.9306,32.26078,76.95623,0.28742,-0.30348,-0.19847,0.46271,177.6389,4.11931,0.78865,-0.41736,344.3382,2.57413,313.1212,0.02934,0.03149,-0.02597,0.05027,34.81676
29.77065,3.97621,1.07372,-0.56102,344.0505,333.4048,4.30552,-0.02857,-0.01508,0.02733,0.04232,8.97367,4.08273,0.63252,-0.34354,48.79545,40.9671,83.51994,0.30166,-0.3262,-0.22518,0.49811,191.7549,4.12234,0.78909,-0.4189,343.7183,4.76693,311.8606,0.07557,0.01782,-0.0412,0.0879,58.36052
29.80398,3.97491,1.07331,-0.55992,344.0882,333.3373,4.59859,-0.03644,-0.01297,0.03171,0.05002,7.50072,4.08998,0.62914,-0.34567,47.10048,46.20218,86.62988,0.23849,-0.15749,-0.10435,0.30425,126.6195,4.11883,0.78197,-0.41546,347.1469,1.98908,309.682,-0.06015,-0.15585,0.06703,0.18,112.3947
29.83731,3.97414,1.07243,-0.55868,344.4554,333.5482,4.32165,-0.02634,-0.02313,0.0357,0.05003,10.39005,4.08795,0.62426,-0.34458,47.88555,45.5216,85.56625,0.01384,-0.14918,-0.00137,0.14983,28.60092,4.11901,0.77584,-0.41273,349.486,1.75626,310.7138,-0.01092,-0.17695,0.07839,0.19385,73.12652
29.85953,3.97437,1.07178,-0.55754,344.6702,334.2799,3.88447,0.00115,-0.02533,0.04738,0.05374,27.68299,4.08296,0.62386,-0.34044,48.11429,40.99601,80.83916,-0.15396,-0.05045,0.13499,0.21089,102.2443,4.11694,0.77028,-0.41134,351.0398,0.08508,310.7767,-0.04625,-0.22117,0.04997,0.23141,76.37137
29.88176,3.97431,1.07137,-0.55648,344.7679,334.6914,3.82279,-0.00073,-0.02208,0.04738,0.05227,22.69613,4.07986,0.62276,-0.33819,48.34557,38.21645,78.86326,-0.14684,-0.05004,0.11809,0.19497,89.69258,4.11732,0.76669,-0.41126,351.9782,0.51382,311.6633,-0.01452,-0.1914,0.02683,0.19382,60.26218
29.91508,3.97439,1.07078,-0.55445,344.8328,335.329,3.8733,0.00169,-0.0187,0.05766,0.06064,19.95561,4.07087,0.62231,-0.33411,48.918,31.55398,74.92778,-0.23897,-0.02246,0.12135,0.26896,122.93,4.11449,0.7614,-0.41134,353.3292,359.4018,312.6901,-0.06728,-0.16687,0.00491,0.17999,57.94849
29.93731,3.97404,1.07082,-0.55303,344.7136,335.4566,4.00562,-0.01319,0.00074,0.06439,0.06573,11.64877,4.05951,0.62154,-0.32807,49.36678,20.93855,66.35612,-0.51798,-0.02978,0.27593,0.58765,314.347,4.11469,0.76396,-0.4142,352.2028,0.1295,315.397,0.01087,0.11212,-0.12528,0.16848,136.0144
29.95953,3.97364,1.07059,-0.55191,344.7357,335.5255,4.04657,-0.01556,-0.00481,0.05734,0.05961,7.48829,4.05325,0.61948,-0.32504,50.20809,16.3269,62.55334,-0.39987,-0.06117,0.20605,0.45397,224.4951,4.11463,0.76389,-0.41553,352.667,0.44211,314.4084,0.00403,0.0544,-0.0925,0.10739,47.95981
29.99287,3.97304,1.07016,-0.55051,344.958,335.4078,3.93427,-0.01739,-0.01087,0.04599,0.05036,5.0317,4.05304,0.61522,-0.32353,52.35735,19.84438,66.49608,-0.10465,-0.11125,0.08553,0.17505,56.66311,4.11045,0.76301,-0.41667,353.8264,358.3828,309.6944,-0.09284,-0.00618,-0.0487,0.10502,111.6833
30.0262,3.9726,1.06979,-0.54907,345.1881,335.4918,3.614,-0.01431,-0.01101,0.0439,0.04747,9.69227,4.06019,0.61437,-0.32541,52.33557,24.90755,65.79708,0.13472,-0.04702,-0.02101,0.14423,121.202,4.10908,0.76427,-0.41649,352.6698,359.8442,311.9898,-0.05416,0.02691,-0.00821,0.06104,42.85336
30.05953,3.97224,1.06985,-0.54728,344.9113,335.5384,3.50987,-0.01168,-0.00142,0.05118,0.05252,6.21278,4.06726,0.61676,-0.32638,49.46011,28.58548,69.70806,0.19266,0.04208,-0.02694,0.19903,93.5578,4.10165,0.76475,-0.41401,352.2759,357.8465,316.5876,-0.18081,0.01754,0.05381,0.18946,113.0663
30.09285,3.97207,1.06971,-0.54571,344.7189,335.403,3.60627,-0.00669,-0.0036,0.04814,0.04873,6.08753,4.07059,0.60875,-0.33114,54.26628,31.08727,70.59644,0.1231,-0.1696,-0.11384,0.23849,108.1536,4.09741,0.76596,-0.41118,352.1618,356.7834,319.6122,-0.14045,0.03157,0.07716,0.16333,97.30034
30.11507,3.97203,1.06953,-0.5446,344.6923,335.4001,3.47983,-0.00266,-0.00703,0.04984,0.0504,4.58416,4.07672,0.60367,-0.33598,55.95446,37.61534,76.38375,0.24388,-0.21697,-0.19922,0.38241,171.3818,4.09568,0.76879,-0.41025,351.0208,356.3625,321.0324,-0.10091,0.09405,0.05332,0.14789,79.77914
30.13729,3.97196,1.0694,-0.54336,344.6474,335.4434,3.38949,-0.0029,-0.00661,0.05285,0.05334,4.47869,4.08197,0.59815,-0.34117,58.15154,45.38668,83.06713,0.23997,-0.23257,-0.21648,0.39817,192.7164,4.09399,0.76978,-0.4085,350.7727,356.4422,323.3955,-0.08862,0.06931,0.06605,0.13046,90.47369
30.17062,3.97203,1.06888,-0.54126,344.7137,335.6091,3.37152,0.00082,-0.01332,0.06052,0.06197,4.05556,4.0864,0.58608,-0.3527,67.29652,61.82297,95.72571,0.15971,-0.32992,-0.3136,0.48239,308.8892,4.09577,0.77194,-0.40432,349.7166,357.7899,324.782,0.01802,0.06593,0.11053,0.12995,70.43757
30.20394,3.97205,1.06859,-0.53851,344.8627,335.8783,3.39278,0.00083,-0.00986,0.07704,0.07767,7.96517,4.08445,0.57627,-0.3666,78.27603,107.6848,133.7495,-0.00379,-0.30324,-0.39106,0.49487,473.4973,4.10134,0.77204,-0.40069,349.6676,359.8497,319.3425,0.12982,0.01888,0.10943,0.17083,112.9852
30.22616,3.97223,1.06858,-0.53598,344.9544,336.1592,3.29153,0.00679,-0.00411,0.10514,0.10543,12.06631,4.08498,0.57285,-0.37408,78.07707,138.6522,155.5633,0.0474,-0.17389,-0.33092,0.37682,420.9047,4.10157,0.77242,-0.39736,349.6986,359.9205,320.1917,0.01942,-0.00614,0.14833,0.14972,18.98235
30.24839,3.97238,1.06827,-0.53386,345.1844,336.3915,3.21101,0.00685,-0.00914,0.10039,0.10104,13.02061,4.08717,0.5707,-0.37829,76.47839,144.8627,160.2048,0.07307,-0.13517,-0.26027,0.30224,262.4243,4.10227,0.77347,-0.39554,349.0874,0.412,321.3067,0.02536,0.02035,0.11519,0.11969,37.06162
30.28173,3.97274,1.06771,-0.53046,345.6721,336.7294,3.06666,0.0098,-0.01471,0.1015,0.10303,16.36488,4.08704,0.56835,-0.38503,74.74776,155.087,170.3898,0.01517,-0.08668,-0.21665,0.23384,122.1946,4.10561,0.77606,-0.39351,347.6877,1.71932,322.1024,0.08147,0.06356,0.07447,0.12737,56.45105
30.31506,3.97301,1.06679,-0.5264,346.0876,336.7971,3.00727,0.00849,-0.02445,0.11677,0.1196,13.25044,4.08788,0.56582,-0.39503,70.17365,166.7708,178.8998,0.02281,-0.07867,-0.27924,0.291,172.4906,4.10599,0.7747,-0.39116,348.082,0.76496,321.517,0.02905,-0.01487,0.07133,0.07844,16.20227
30.34839,3.97336,1.06561,-0.52244,346.5332,336.7674,2.77771,0.01007,-0.03265,0.11838,0.12322,14.34334,4.09165,0.56276,-0.40373,65.86352,165.2796,178.6155,0.09056,-0.08843,-0.26547,0.2941,129.8443,4.10764,0.77346,-0.38873,348.2623,1.26029,322.2245,0.04437,-0.03155,0.07251,0.09068,18.06768
30.37062,3.97413,1.06455,-0.52004,346.8428,336.78,2.61475,0.02877,-0.0438,0.10991,0.12176,14.62885,4.0975,0.56144,-0.41197,61.11227,156.0105,176.2065,0.2148,-0.06449,-0.34305,0.40985,309.1901,4.10992,0.77131,-0.38784,348.4863,1.75132,321.8833,0.09117,-0.07413,0.04654,0.12639,21.65769
30.39284,3.97462,1.06375,-0.51759,347.0544,336.7926,2.53752,0.02544,-0.03979,0.11014,0.11984,12.35605,4.10224,0.56027,-0.41867,57.42854,149.8778,176.2668,0.2141,-0.05851,-0.32228,0.39131,315.8695,4.11176,0.76968,-0.38659,348.7177,2.07178,321.2184,0.087,-0.07375,0.05154,0.12516,23.98949
30.42617,3.97519,1.06279,-0.51378,347.2608,336.7766,2.35151,0.01922,-0.03172,0.1132,0.11913,9.26681,4.11161,0.55905,-0.42753,51.33917,138.7,175.2579,0.26429,-0.04209,-0.28,0.38732,348.8458,4.11123,0.76671,-0.38492,349.5381,1.05498,320.5223,0.00972,-0.08533,0.05034,0.09955,36.11946
30.4595,3.97549,1.06185,-0.50983,347.4936,336.5847,2.19654,0.0115,-0.02899,0.11711,0.12119,10.11648,4.11723,0.55805,-0.43424,47.30641,131.4759,178.3938,0.19254,-0.03309,-0.22088,0.29488,324.7961,4.11134,0.76437,-0.38438,349.3346,1.24433,321.5388,0.00492,-0.07385,0.02487,0.07808,17.73831
30.49283,3.97565,1.06052,-0.50577,348.3539,336.428,1.91691,0.00635,-0.03713,0.12071,0.12645,23.21372,4.11765,0.55721,-0.44077,45.3222,132.682,183.0565,0.05771,-0.02721,-0.20224,0.21207,168.6519,4.11176,0.76175,-0.38271,349.8173,1.59385,322.1135,0.01078,-0.07756,0.04366,0.08965,23.04492
30.51505,3.97522,1.05841,-0.50262,349.8539,336.0116,1.74204,-0.0146,-0.08371,0.13688,0.16111,60.5655,4.11913,0.55802,-0.44646,43.20299,133.4611,185.0363,0.07324,0.02373,-0.23787,0.25002,125.6554,4.11168,0.75925,-0.38143,351.1516,0.9491,321.022,0.00657,-0.09789,0.0544,0.11219,58.22091
30.53727,3.97475,1.05641,-0.49965,351.1735,335.5486,1.6722,-0.01777,-0.08681,0.13531,0.16174,61.82571,4.12231,0.55901,-0.45148,40.85799,131.409,187.6247,0.10836,0.03418,-0.23184,0.25819,169.1637,4.11285,0.75809,-0.38036,351.7171,1.28703,320.7438,0.02952,-0.07509,0.05127,0.0956,41.36589
30.57061,3.97293,1.05051,-0.4952,354.6725,334.1843,1.50638,-0.04546,-0.15449,0.1339,0.20943,100.149,4.12715,0.56225,-0.45806,38.16852,127.4027,192.5767,0.13595,0.08141,-0.20592,0.25983,233.2072,4.11454,0.75731,-0.37967,352.3272,1.27774,319.2817,0.04551,-0.0363,0.02837,0.06476,44.39303
30.59282,3.97117,1.04537,-0.49213,357.7923,333.1602,1.26322,-0.0743,-0.21462,0.13917,0.26637,138.7938,4.12956,0.56578,-0.46028,34.95956,126.8614,193.2507,0.09814,0.14668,-0.12219,0.21466,148.9396,4.11323,0.75719,-0.37973,352.6729,359.936,319.325,-0.03446,-0.01444,0.00629,0.03789,49.88117
30.61504,3.96918,1.04177,-0.48888,359.9326,331.9933,0.98308,-0.08202,-0.18825,0.14275,0.25009,124.2593,4.12602,0.5649,-0.45999,36.88147,129.4332,193.2442,-0.03046,0.0535,-0.05455,0.08226,46.52819,4.11333,0.75699,-0.37963,352.8977,359.7872,319.5905,-0.01486,-0.01176,0.00543,0.01971,29.52928
30.64838,3.96522,1.03713,-0.48463,2.60656,329.5265,0.24284,-0.10954,-0.1514,0.13124,0.22836,113.1112,4.11617,0.56071,-0.45255,43.39156,134.9214,191.8365,-0.22927,-0.08099,0.15372,0.28767,207.9389,4.11506,0.7583,-0.38084,352.27,0.31374,319.1192,0.03517,0.02652,-0.02588,0.05109,14.88598
30.68171,3.96104,1.03237,-0.48204,4.88139,326.8878,358.949,-0.12152,-0.14505,0.09111,0.21002,109.9902,4.11382,0.55805,-0.44188,47.87592,132.44,187.4841,-0.11015,-0.07994,0.27858,0.31005,162.8681,4.11338,0.75857,-0.38124,352.0865,359.2179,320.0253,-0.02897,0.01283,-0.01561,0.03532,28.25365
30.71504,3.95705,1.02917,-0.4794,6.17566,324.1548,358.2159,-0.11998,-0.10825,0.08229,0.18135,95.08896,4.11627,0.55701,-0.43497,48.14224,127.127,184.7103,0.02734,-0.04336,0.22514,0.2309,94.41409,4.11238,0.75827,-0.38073,351.9753,358.769,320.8998,-0.02974,-0.00358,0.00753,0.03089,27.36534
30.73726,3.95413,1.02802,-0.47806,6.38896,322.3493,357.9466,-0.12609,-0.06837,0.06737,0.15846,82.39523,4.11798,0.55656,-0.43063,48.50314,123.5961,184.5213,0.06866,-0.031,0.20886,0.22203,130.0061,4.11248,0.75779,-0.38001,351.7739,359.0968,320.9249,-0.00909,-0.01945,0.02882,0.03594,10.85947
30.75949,3.95176,1.02646,-0.47642,7.02945,320.9131,357.4803,-0.11638,-0.06927,0.07053,0.1527,76.6713,4.12035,0.55557,-0.42582,48.52417,119.2133,181.6906,0.08778,-0.03775,0.21247,0.23297,127.5841,4.11125,0.75685,-0.37874,352.0822,358.3959,321.1914,-0.03216,-0.0309,0.04298,0.06194,16.43945
30.79283,3.94865,1.02531,-0.47444,7.69256,319.1348,357.144,-0.09893,-0.04336,0.06219,0.12464,61.57426,4.12282,0.55404,-0.4192,46.89395,112.27,178.8661,0.07748,-0.04395,0.20201,0.22078,153.1686,4.10888,0.75434,-0.37577,352.9317,357.3863,321.2762,-0.0614,-0.06432,0.0777,0.11809,32.86591
30.82615,3.94596,1.02537,-0.47271,7.70434,317.6769,356.9205,-0.08522,-0.00932,0.05457,0.10163,47.31153,4.12115,0.5517,-0.41459,45.24901,106.677,178.8144,-0.01832,-0.06348,0.15427,0.16783,166.8634,4.10835,0.75357,-0.37369,352.643,357.7525,322.5598,-0.02721,-0.03336,0.0662,0.07897,30.25178
30.84839,3.94532,1.02598,-0.47147,7.59041,317.5349,356.8121,-0.03872,0.02171,0.05586,0.07135,14.37931,4.12748,0.55295,-0.41453,44.05454,103.5779,179.4641,0.22201,0.02965,0.03128,0.22616,170.2981,4.10754,0.75317,-0.37205,352.5052,357.4995,323.386,-0.03825,-0.02213,0.07254,0.08494,34.37698
30.8706,3.9444,1.02597,-0.47003,7.66528,317.0499,356.7325,-0.0401,0.01073,0.06045,0.07333,17.65201,4.12973,0.5528,-0.41198,42.98296,100.7109,179.7408,0.16166,0.01126,0.07295,0.17771,158.1679,4.1067,0.7524,-0.37042,352.5751,357.3651,323.764,-0.03791,-0.02841,0.07291,0.08695,25.68791
30.89283,3.94355,1.02587,-0.46851,7.67834,316.6612,356.7345,-0.03911,0.0031,0.06446,0.07546,17.45262,4.13169,0.55277,-0.40958,42.03494,98.09222,180.1132,0.12488,0.00505,0.09039,0.15425,147.3567,4.10594,0.75216,-0.36884,352.4557,357.2106,324.4228,-0.03611,-0.01957,0.07195,0.08285,27.75144
30.91505,3.9434,1.02648,-0.46666,7.19916,316.7236,357.3113,-0.01521,0.02195,0.07915,0.08353,24.81276,4.13299,0.55369,-0.40963,41.61993,97.22639,182.0084,0.07036,0.03385,0.01561,0.07962,119.4942,4.10634,0.7525,-0.36739,352.1167,357.504,324.64,0.00849,0.00747,0.06648,0.06743,19.27982
30.93727,3.94271,1.02646,-0.46493,7.09905,316.5293,357.4148,-0.0231,0.0105,0.07838,0.08239,16.78449,4.13397,0.55397,-0.40831,41.16897,95.78595,183.1103,0.05736,0.02328,0.03744,0.07234,112.7422,4.10605,0.75212,-0.36574,352.196,357.3802,324.7233,-0.00229,-0.00495,0.07026,0.07047,8.64912
30.97061,3.94224,1.02602,-0.46231,7.03074,316.9855,357.5629,-0.01657,-0.00721,0.07864,0.08069,11.09914,4.13464,0.55387,-0.40724,40.53231,94.84396,184.1904,0.02928,0.00361,0.03347,0.04462,71.7652,4.10539,0.75083,-0.3624,353.0517,356.7846,324.5595,-0.01547,-0.03006,0.09279,0.09876,22.48967
31.00395,3.94168,1.02605,-0.45977,6.94076,317.05,358.1427,-0.01668,-0.0011,0.07673,0.07853,14.92807,4.13367,0.55317,-0.40706,40.91225,95.45535,185.8313,-0.01443,-0.01495,0.01228,0.02413,44.09944,4.1055,0.7501,-0.35959,353.1691,357.0312,324.7232,-0.00126,-0.02408,0.08641,0.08971,8.28776
31.03728,3.94072,1.0265,-0.45771,6.83997,316.7194,358.4453,-0.02565,0.00978,0.06549,0.07101,13.31929,4.13174,0.55228,-0.40706,41.03422,97.62679,186.4872,-0.04699,-0.02355,0.00311,0.05265,38.49597,4.10387,0.74884,-0.35711,353.4885,356.4373,324.8161,-0.03698,-0.03444,0.07739,0.09243,15.61292
31.07062,3.9391,1.02769,-0.45639,6.59343,315.9891,358.1407,-0.04288,0.02924,0.04616,0.06946,19.13161,4.1278,0.55086,-0.40517,42.41498,99.55927,184.8516,-0.10045,-0.03794,0.04344,0.11583,85.48824,4.10272,0.74852,-0.35562,353.3288,356.4398,325.291,-0.03522,-0.01571,0.05277,0.06536,11.54641
31.10395,3.93854,1.02837,-0.45554,6.84414,315.444,357.6302,-0.02327,0.0226,0.03054,0.04455,20.14886,4.12359,0.55048,-0.40326,43.60281,101.5364,183.7624,-0.11989,-0.01795,0.05374,0.1326,90.52006,4.10169,0.74806,-0.35427,353.6409,356.118,324.9322,-0.03188,-0.01422,0.0436,0.05585,12.0777
31.12617,3.9383,1.0289,-0.45451,6.76492,315.3087,357.5802,-0.01718,0.02316,0.03854,0.04813,12.87868,4.12133,0.54998,-0.4015,44.35434,102.123,182.5142,-0.11078,-0.02024,0.0664,0.13073,86.53261,4.10088,0.74768,-0.35317,353.9987,355.736,324.752,-0.03409,-0.01576,0.04648,0.05975,18.75169
31.14838,3.93798,1.02942,-0.45337,6.63731,315.1529,357.6053,-0.01569,0.02343,0.04495,0.05306,9.79218,4.1192,0.54959,-0.40001,45.04799,102.8275,181.7319,-0.10339,-0.01887,0.06681,0.12454,77.84766,4.10025,0.74749,-0.35216,354.123,355.5806,324.8342,-0.03125,-0.0121,0.04613,0.05702,13.17436
31.1706,3.93823,1.03013,-0.45209,6.25934,315.2486,358.1049,-0.00226,0.02764,0.05112,0.05816,14.24092,4.11601,0.55046,-0.39848,46.18408,103.606,181.8649,-0.12327,0.00999,0.06786,0.14107,64.80876,4.10026,0.74858,-0.35191,353.7227,355.8148,324.9001,-0.01539,0.0186,0.02854,0.03738,4.84755
31.19283,3.93848,1.0305,-0.45109,6.28997,315.3983,358.1815,0.00457,0.02208,0.04813,0.05315,7.91046,4.11355,0.55057,-0.3967,47.25393,103.8021,181.258,-0.11713,0.00757,0.07399,0.13875,61.10791,4.10011,0.74889,-0.35123,353.7637,355.6408,324.8809,-0.01113,0.01612,0.02971,0.03558,4.0192
31.21505,3.93889,1.03064,-0.45014,6.43192,315.6689,358.1734,0.01134,0.01422,0.04539,0.0489,7.54703,4.11164,0.55054,-0.3949,48.06863,103.4991,180.6635,-0.10154,0.00305,0.07735,0.12768,49.4226,4.10004,0.7488,-0.35036,353.9707,355.4386,324.7762,-0.00727,0.00619,0.03449,0.03578,8.09841
31.23728,3.93942,1.03055,-0.44913,6.55595,316.0638,358.2161,0.01757,0.0051,0.04548,0.04902,12.86576,4.11,0.55069,-0.39326,48.72859,102.909,180.4884,-0.08752,0.00496,0.07561,0.11577,36.95566,4.10014,0.74882,-0.34962,354.0363,355.4405,324.917,-0.00133,0.0035,0.03389,0.03409,4.94234
31.2595,3.93993,1.03038,-0.44791,6.55257,316.5766,358.4983,0.02035,-0.00122,0.05026,0.05424,18.58538,4.10937,0.55069,-0.39209,49.23655,101.7696,180.9622,-0.05792,0.00251,0.06427,0.08656,44.15448,4.10092,0.74875,-0.34883,353.9863,355.6919,325.1028,0.01692,0.0001,0.03472,0.03862,6.93157
31.28172,3.94037,1.03055,-0.44671,6.4633,316.8896,358.7441,0.02008,0.00305,0.0521,0.05592,17.57169,4.10879,0.55089,-0.39085,49.59089,100.7374,181.1926,-0.04211,0.00578,0.05999,0.07352,49.37399,4.10152,0.74861,-0.34797,354.0369,355.753,325.0557,0.02207,-0.00309,0.03651,0.04278,4.13235
31.31505,3.9411,1.03066,-0.44509,6.45916,317.3468,358.9348,0.02092,0.00329,0.05028,0.05456,15.86316,4.10837,0.55119,-0.38894,49.90682,98.94589,181.2317,-0.02742,0.00737,0.05864,0.06515,51.80223,4.10244,0.74832,-0.34681,354.1299,355.8528,325.0002,0.02469,-0.00589,0.03566,0.04377,3.82976
31.34839,3.94208,1.03044,-0.44381,6.6041,317.8548,359.0993,0.02733,-0.00433,0.04153,0.0499,15.82279,4.11049,0.55153,-0.38754,49.31712,96.28192,181.4227,0.04082,0.00934,0.04618,0.06234,76.13602,4.10379,0.74786,-0.34579,354.2024,356.0706,324.9431,0.03671,-0.01189,0.03198,0.05012,6.1107
31.38172,3.94281,1.03026,-0.44284,6.57835,317.8689,359.3993,0.02342,-0.005,0.0322,0.04013,8.69494,4.11387,0.5521,-0.38685,48.3159,94.12685,182.3191,0.08642,0.01513,0.02695,0.09178,87.35439,4.1053,0.7474,-0.34494,354.3797,356.3469,324.741,0.04311,-0.01327,0.02713,0.05264,9.75682
31.41506,3.94349,1.03047,-0.44282,6.66964,317.6406,359.2956,0.02095,0.0035,0.00832,0.02281,4.59712,4.11869,0.55336,-0.38649,46.84794,92.34228,182.5512,0.12992,0.03218,0.015,0.13468,75.89705,4.10675,0.74763,-0.34492,354.321,356.4357,324.6963,0.04338,0.00188,0.00723,0.04402,4.30294
31.43727,3.94412,1.03058,-0.44346,6.73368,317.3708,359.0912,0.02705,0.00604,-0.01912,0.03367,11.58672,4.12252,0.55462,-0.38674,45.61778,91.94251,182.8791,0.15847,0.04906,-0.00605,0.166,61.2769,4.10824,0.7479,-0.34495,354.3473,356.678,324.5665,0.06432,0.01265,-0.00073,0.06556,11.0911
31.4595,3.94485,1.0308,-0.44363,6.57677,317.3081,359.0292,0.02989,0.00792,-0.01353,0.03375,8.07413,4.12544,0.5556,-0.38708,45.00398,91.86678,183.1149,0.14486,0.04643,-0.01078,0.1525,45.63157,4.10984,0.74823,-0.34504,354.3443,356.8679,324.5144,0.06826,0.01368,-0.00247,0.06966,9.85092
31.49283,3.94633,1.03142,-0.44387,6.06688,317.3638,359.0819,0.04088,0.01605,-0.00876,0.04478,12.17555,4.13008,0.55714,-0.38828,44.03627,92.54261,183.6662,0.14069,0.04624,-0.02961,0.15103,33.25614,4.11264,0.74875,-0.34537,354.1832,357.2816,324.4103,0.07999,0.01525,-0.00812,0.08183,12.3859
31.51505,3.9475,1.03177,-0.44409,5.72991,317.5135,359.2528,0.04669,0.01596,-0.00917,0.05019,14.46148,4.13323,0.55793,-0.38937,43.27183,93.56062,183.9704,0.14121,0.04093,-0.03925,0.15217,39.17999,4.1141,0.74888,-0.3455,354.0378,357.4504,324.4474,0.07291,0.01057,-0.00695,0.074,10.8879
31.54838,3.94919,1.0322,-0.44452,5.2733,317.7266,359.4808,0.04964,0.01369,-0.01211,0.0529,15.78799,4.13746,0.55849,-0.39133,42.36156,95.47832,184.4149,0.13044,0.02299,-0.05401,0.14304,51.02478,4.11658,0.74824,-0.34528,354.1651,357.7347,324.3082,0.07387,-0.01199,0.00322,0.07491,9.23576
31.58171,3.95053,1.03238,-0.44521,4.96175,317.8947,359.5184,0.04271,0.00738,-0.01846,0.04711,11.79162,4.14119,0.55883,-0.3935,41.32425,97.91533,184.9207,0.11661,0.01335,-0.06233,0.13289,65.99396,4.1189,0.74716,-0.3447,354.3059,358.1146,323.9153,0.07069,-0.02716,0.01388,0.07699,14.1712
31.61505,3.95229,1.03314,-0.44596,4.75047,318.166,359.5638,0.05017,0.01891,-0.02151,0.05777,10.46093,4.14424,0.55914,-0.39516,40.35683,100.1161,184.7288,0.09773,0.01028,-0.05299,0.11165,72.95085,4.11957,0.74633,-0.34441,354.3362,357.9519,324.1621,0.03273,-0.0255,0.01005,0.04269,3.56155
31.64838,3.95438,1.03468,-0.44685,4.30162,318.4286,359.9235,0.05968,0.03935,-0.0254,0.07587,16.25721,4.14587,0.55981,-0.39632,39.88188,102.1212,184.4461,0.06117,0.01773,-0.03919,0.07478,68.52369,4.1207,0.74643,-0.34424,354.1536,358.2986,324.3242,0.03381,-0.0042,0.00625,0.03464,9.86069
31.68171,3.95681,1.03637,-0.44789,3.76403,318.886,0.0945,0.06953,0.04789,-0.0298,0.08953,20.05378,4.14641,0.56073,-0.39687,40.08129,103.863,183.8136,0.02752,0.02515,-0.02232,0.04345,65.99059,4.1223,0.74679,-0.34438,354.1542,358.5101,323.9709,0.04425,0.00721,-0.00153,0.04486,9.08972
31.70394,3.95968,1.03857,-0.44875,3.00844,319.921,0.31509,0.11372,0.08506,-0.03586,0.14647,48.77449,4.14464,0.5613,-0.39556,40.99944,104.0303,182.5189,-0.05602,0.02384,0.0403,0.07301,69.59911,4.12218,0.74779,-0.34473,354.2276,358.1705,323.946,0.00662,0.03676,-0.01217,0.03928,9.74884
31.72617,3.96207,1.04028,-0.44953,2.2605,320.7023,0.56846,0.1107,0.08115,-0.03547,0.14177,49.14105,4.14407,0.5618,-0.39526,41.5125,104.5732,182.0491,-0.04075,0.02329,0.0269,0.0541,58.24149,4.12318,0.74838,-0.34512,354.0963,358.3967,323.8363,0.02584,0.03166,-0.01481,0.04347,3.8475
31.74839,3.96454,1.04206,-0.45045,1.40114,321.5215,0.8095,0.11093,0.08064,-0.03838,0.14241,51.66817,4.14296,0.56223,-0.39468,42.2486,104.7865,181.688,-0.04541,0.02126,0.02655,0.05673,48.36248,4.12388,0.74896,-0.34558,353.9765,358.3975,323.6574,0.02881,0.02883,-0.01782,0.04449,6.75701
31.78172,3.96913,1.0446,-0.45247,359.7339,323.3002,1.21896,0.1309,0.07717,-0.05501,0.16161,68.46687,4.14085,0.56231,-0.39327,43.46929,104.3287,181.1439,-0.05887,0.00716,0.03839,0.07065,38.22565,4.12447,0.7496,-0.34608,353.8168,358.3417,323.5148,0.02029,0.02172,-0.01575,0.03364,6.67755
31.81506,3.97362,1.04786,-0.4545,357.6007,324.9605,1.84113,0.1339,0.09278,-0.05954,0.17344,79.54334,4.13877,0.562,-0.39195,44.52252,103.1593,181.0919,-0.06154,-0.00513,0.0392,0.07315,40.57291,4.1251,0.7494,-0.34632,353.7154,358.3814,323.3482,0.01942,0.00083,-0.00918,0.02149,5.87869
31.84838,3.97764,1.05095,-0.45738,355.4407,326.211,2.41601,0.12373,0.09263,-0.07957,0.17384,77.72356,4.1372,0.5613,-0.39054,45.11124,101.1492,180.9712,-0.0506,-0.0172,0.0416,0.06772,53.83529,4.12454,0.74887,-0.34647,353.6259,358.0557,323.3766,-0.00784,-0.01159,-0.00571,0.01511,7.77181
31.88171,3.98123,1.05309,-0.46085,353.9575,327.0895,2.7806,0.11178,0.07136,-0.09798,0.16489,59.45537,4.13559,0.56051,-0.38949,45.75745,99.0704,181.1815,-0.04888,-0.02209,0.03397,0.06349,65.59924,4.12468,0.74798,-0.34655,353.5962,358.0463,323.2791,0.0013,-0.02296,-0.0032,0.02322,3.52916
31.91504,3.98316,1.0553,-0.46483,352.7702,327.0189,3.13693,0.07149,0.06747,-0.1142,0.15068,41.17538,4.13466,0.55975,-0.38934,46.2482,97.36789,181.9694,-0.03324,-0.02258,0.01179,0.04188,69.75671,4.12424,0.74797,-0.34647,353.7621,357.9863,322.8219,-0.00964,-0.006,0.00099,0.0114,11.73571
31.94837,3.98461,1.05811,-0.46857,351.2222,326.7184,3.29222,0.05048,0.08004,-0.11272,0.14717,45.24443,4.13389,0.56018,-0.38898,46.48401,95.6286,181.8188,-0.02563,0.0041,0.01117,0.02826,54.182,4.12394,0.74838,-0.34712,353.5457,357.7609,323.125,-0.00922,0.00773,-0.01456,0.01889,7.65955
31.9817,3.98507,1.06022,-0.47267,350.0996,325.7642,3.60752,0.02287,0.06752,-0.1203,0.13984,43.12531,4.13336,0.56172,-0.39016,46.962,95.1391,182.5575,-0.01822,0.03573,-0.02376,0.04661,40.42529,4.12469,0.74976,-0.34787,353.2748,357.9323,323.0626,0.01469,0.03301,-0.02049,0.04154,7.51563
32.01503,3.98596,1.06198,-0.47637,349.3638,325.2034,3.64591,0.02582,0.05666,-0.11326,0.12925,31.3729,4.13381,0.56275,-0.39152,47.10588,95.07764,183.2546,0.00563,0.03214,-0.03662,0.04905,26.6333,4.12572,0.75075,-0.34817,353.3812,357.8057,322.5085,0.02675,0.03048,-0.01183,0.04224,13.02989
32.04837,3.98734,1.0636,-0.4792,348.6744,325.1024,3.58273,0.03755,0.05056,-0.09198,0.11148,23.00859,4.13468,0.56527,-0.39339,47.02618,95.54193,184.094,0.02088,0.06463,-0.05129,0.08511,18.52233,4.1261,0.75187,-0.34865,353.124,357.7639,322.8282,0.01535,0.03273,-0.01381,0.0387,6.9991
32.08171,3.98845,1.06384,-0.48156,348.5832,324.9388,3.96439,0.03438,0.01791,-0.07608,0.08539,11.79923,4.13663,0.5683,-0.39565,46.37093,96.58672,185.0561,0.04918,0.08439,-0.06363,0.11658,24.66697,4.12674,0.75302,-0.34916,352.7901,357.7536,322.8234,0.01823,0.03416,-0.01492,0.0415,8.98203
32.11504,3.9889,1.06332,-0.48377,348.8945,324.7295,4.16642,0.01871,-0.00707,-0.06888,0.07172,9.57112,4.13919,0.56981,-0.39775,45.59846,97.72024,185.321,0.0698,0.05492,-0.06308,0.10894,32.19365,4.12711,0.75382,-0.34993,352.4051,357.6214,323.1205,0.01277,0.0265,-0.02098,0.03613,13.06601
32.14838,3.9891,1.06319,-0.48525,348.9129,324.6354,4.03353,0.00916,-0.0048,-0.0504,0.05145,4.43128,4.14198,0.57111,-0.39969,44.73932,99.07932,185.7875,0.08028,0.04305,-0.05949,0.1088,39.07772,4.12808,0.75382,-0.35031,352.3122,357.7232,322.9431,0.025,0.00663,-0.01368,0.02926,5.4445
32.18171,3.98936,1.06336,-0.48692,348.56,324.5445,4.15803,0.00818,0.0027,-0.05035,0.05108,8.27253,4.14512,0.57186,-0.40104,43.57898,100.0019,185.5712,0.09056,0.02775,-0.04527,0.10497,45.04448,4.12838,0.75328,-0.35027,352.4963,357.6624,322.9681,0.01294,-0.01043,-0.00257,0.01682,3.10443
32.21504,3.9897,1.06425,-0.48852,347.997,324.3957,4.33631,0.00964,0.02075,-0.0485,0.05362,15.55871,4.14824,0.57315,-0.40169,42.41181,100.533,185.1128,0.09286,0.03599,-0.02596,0.10292,44.28896,4.12886,0.75326,-0.35067,352.3733,357.9698,323.1816,0.01406,-0.00309,-0.00962,0.01731,8.94971
32.24837,3.99022,1.06483,-0.48988,347.9245,324.515,4.33046,0.01412,0.01812,-0.04269,0.04848,5.67801,4.15068,0.57459,-0.40189,41.53675,100.9476,184.58,0.07829,0.04129,-0.01089,0.08918,38.69711,4.12928,0.75301,-0.35084,352.7578,357.9983,322.6756,0.01305,-0.00631,-0.0064,0.01585,13.00599
32.28169,3.99087,1.06516,-0.49093,347.9502,324.681,4.40186,0.01805,0.01191,-0.03432,0.04056,4.94628,4.15247,0.5763,-0.40147,40.81894,101.2412,183.0201,0.05983,0.04872,0.00666,0.07744,51.65118,4.12926,0.75348,-0.35146,352.7539,357.8893,322.7167,0.00276,0.00886,-0.01538,0.01797,3.27725
32.31503,3.9918,1.06507,-0.49152,348.1762,325.137,4.22802,0.0256,0.00105,-0.02184,0.03366,12.13994,4.15191,0.57751,-0.40077,41.53494,101.8125,181.6808,0.00239,0.03954,0.01741,0.04327,52.37782,4.12916,0.75501,-0.35278,352.2476,357.673,323.2239,-0.00154,0.03669,-0.03371,0.04985,15.91145
32.33725,3.99234,1.06542,-0.49152,347.8973,325.3615,4.2218,0.0233,0.01362,-0.00512,0.02747,13.66475,4.15094,0.57838,-0.40032,42.13272,101.674,181.6893,-0.03603,0.03764,0.01696,0.0548,25.24017,4.12993,0.75582,-0.35296,352.1285,357.6994,322.9865,0.02087,0.0343,-0.01326,0.04228,8.74619
32.35947,3.99278,1.06558,-0.49184,347.6732,325.5197,4.10246,0.02141,0.01032,-0.00969,0.02567,12.99241,4.15049,0.57904,-0.39997,42.47168,101.4999,181.5138,-0.028,0.03365,0.01638,0.04674,20.53254,4.13023,0.75649,-0.35318,351.9948,357.6243,323.0964,0.01728,0.03226,-0.01152,0.03837,6.73526
32.38169,3.9933,1.06553,-0.49203,347.5561,325.7914,3.91782,0.02256,0.00404,-0.00913,0.02468,13.08146,4.14968,0.57936,-0.39961,43.02938,101.2365,181.5072,-0.0324,0.02395,0.01624,0.04344,23.34561,4.13065,0.75724,-0.35347,351.7342,357.6116,323.3252,0.01797,0.033,-0.0124,0.03957,10.20224
32.40391,3.99375,1.06562,-0.49184,347.4549,326.077,3.75707,0.01915,0.0075,0.00325,0.02082,13.02478,4.14799,0.57806,-0.39956,43.92919,100.694,182.403,-0.0594,-0.03605,0.00586,0.06974,54.71137,4.13169,0.75723,-0.35327,351.6461,358.0161,323.3336,0.03731,0.0042,0.00576,0.03799,12.30529
32.42617,3.99411,1.06581,-0.49197,347.3516,326.2203,3.68649,0.01761,0.00796,-0.00119,0.01936,10.47689,4.14749,0.57733,-0.39935,44.41075,100.2387,182.6493,-0.04089,-0.03427,0.00764,0.0539,45.42494,4.13231,0.75695,-0.35302,351.7729,358.1873,323.1226,0.03263,-0.00399,0.00849,0.03395,10.41452
32.45946,3.99458,1.06594,-0.49219,347.3009,326.3936,3.62055,0.01508,0.00498,-0.00537,0.01676,6.59525,4.14649,0.57716,-0.39893,45.0876,99.53864,182.9129,-0.03293,-0.01244,0.01145,0.03702,36.75678,4.13301,0.75704,-0.35291,351.7614,358.3389,323.0322,0.02393,0.00093,0.00464,0.02439,6.29127
32.4928,3.99464,1.06578,-0.49224,347.5834,326.5009,3.61767,0.00516,-0.00244,-0.00235,0.00618,6.93122,4.14693,0.5759,-0.39818,45.07196,97.65417,182.8401,0.00172,-0.03142,0.01968,0.03712,48.62084,4.13179,0.75627,-0.353,351.9476,358.123,323.3425,-0.02146,-0.01717,-0.00084,0.02749,7.83608
32.51502,3.99483,1.0662,-0.49192,347.6026,326.6313,3.68086,0.00777,0.0156,0.01073,0.02046,6.34302,4.1484,0.57621,-0.39797,44.84827,96.99711,182.8291,0.05115,0.0037,0.01214,0.0527,33.61016,4.13153,0.75656,-0.35342,352.0765,358.1393,322.8933,-0.01828,0.00626,-0.0143,0.02404,14.52612
32.53724,3.99507,1.06655,-0.49181,347.5097,326.7211,3.67848,0.00936,0.01581,0.00774,0.01993,5.21342,4.14882,0.57666,-0.39774,44.70493,96.41065,182.5467,0.0349,0.0121,0.01129,0.03862,26.54904,4.13093,0.75693,-0.35369,352.0031,358.0451,323.0378,-0.02276,0.01135,-0.01331,0.02871,4.96521
