time_s,head_pos_x,head_pos_y,head_pos_z,head_rot_x,head_rot_y,head_rot_z,head_vel_x,head_vel_y,head_vel_z,head_speed,head_spin_deg_s,left_pos_x,left_pos_y,left_pos_z,left_rot_x,left_rot_y,left_rot_z,left_vel_x,left_vel_y,left_vel_z,left_speed,left_spin_deg_s,right_pos_x,right_pos_y,right_pos_z,right_rot_x,right_rot_y,right_rot_z,right_vel_x,right_vel_y,right_vel_z,right_speed,right_spin_deg_s
0,0.31708,2.27915,0.46625,17.90932,5.45364,0.37117,0,0,0,0,0,0,1.1176,0,0,0,0,0,0,0,0,0,0.32834,1.92008,0.24316,56.3208,13.15654,346.2178,0,0,0,0,0
0.02,0.30525,1.18819,0.45801,17.95528,4.561,359.4726,-0.27748,-24.51789,-0.19337,24.52022,24.57713,0,0,0,0,0,0,0,-25.14286,0,25.14286,0,0.32105,0.81619,0.2447,55.22877,12.45535,346.4437,-0.17288,-24.81884,0.03799,24.81947,33.65999
0.05333,0.30141,1.19678,0.45535,17.84771,4.26332,359.3253,-0.19641,-12.13015,-0.13668,12.13251,16.38076,0,0,0,0,0,0,0,-12.57143,0,12.57143,0,0.3178,0.82191,0.24607,54.64461,11.93039,346.4184,-0.13521,-12.32372,0.03945,12.32453,28.36595
0.07556,0.2982,1.20373,0.45298,18.06585,4.16097,359.209,-0.17028,-5.9087,-0.12149,5.91241,11.7869,0,0,0,0,0,0,0,-6.28571,0,6.28571,0,0.31537,0.82699,0.24734,54.03173,11.73248,346.4454,-0.12223,-6.04759,0.04831,6.04902,28.38704
0.09778,0.29501,1.21143,0.45042,18.45793,4.43693,359.2102,-0.15239,-1.20657,-0.12008,1.22207,17.91605,0,0,0,0,0,0,0,-1.57143,0,1.57143,0,0.31273,0.83243,0.24862,53.58308,11.3048,345.9234,-0.12344,-1.32094,0.0564,1.3279,24.42024
0.12,0.29156,1.22096,0.44759,18.10324,4.44764,359.4951,-0.15427,0.01843,-0.12463,0.19917,12.9442,0,0,0,0,0,0,0,-0.39286,0,0.39286,0,0.31038,0.83779,0.24986,53.15517,11.53333,346.304,-0.11113,-0.14789,0.05594,0.19326,21.35194
0.14222,0.28707,1.23224,0.44367,17.74656,4.02774,359.6864,-0.19207,0.38164,-0.16689,0.45869,21.06561,0,0,0,0,0,0,0,-0.09821,0,0.09821,0,0.30769,0.8445,0.25114,52.54572,12.58681,348.4448,-0.11503,0.18985,0.05682,0.22913,54.69705
0.16443,0.28234,1.24178,0.4397,18.3054,3.89719,359.5007,-0.21337,0.42223,-0.17946,0.50598,20.36998,0,0,0,0,0,0,0,-0.02455,0,0.02455,0,0.30566,0.85115,0.25218,52.14745,12.99557,348.8038,-0.0973,0.27473,0.04769,0.29532,23.70033
0.18666,0.27689,1.25295,0.43615,18.08502,3.52502,359,-0.24537,0.49772,-0.16579,0.57916,22.68343,0,0,0,0,0,0,0,-0.00614,0,0.00614,0,0.30318,0.85951,0.25367,51.39152,12.4446,347.6599,-0.1109,0.36406,0.06566,0.3862,42.64584
0.20887,0.2708,1.26631,0.43148,17.40853,2.77485,358.7519,-0.26868,0.58013,-0.20545,0.67153,38.09532,0,0,0,0,0,0,0,-0.00153,0,0.00153,0,0.30013,0.86806,0.25527,50.55613,11.93747,347.1384,-0.13056,0.37763,0.06992,0.40564,39.57915
0.2311,0.26544,1.2783,0.42672,17.02149,2.23911,358.8523,-0.24034,0.53154,-0.19984,0.61663,28.98002,0,0,0,0,0,0,0,-0.00038,0,0.00038,0,0.29673,0.87725,0.25699,49.49088,11.92694,347.7292,-0.14632,0.40004,0.07441,0.43242,47.21206
0.25332,0.25935,1.29198,0.42066,16.50818,1.49501,359.3299,-0.25289,0.56478,-0.23326,0.66132,37.46288,0,0,0,0,0,0,0,-0.0001,0,0.0001,0,0.29358,0.88567,0.25844,48.74626,12.00573,348.245,-0.13975,0.37634,0.06646,0.40691,39.90554
0.27555,0.25266,1.30963,0.41456,14.60994,1.05611,359.3063,-0.28153,0.72044,-0.25723,0.81514,70.19624,0,0,0,0,0,0,0,-0.00002,0,0.00002,0,0.29038,0.89729,0.26026,47.79747,12.61208,349.2143,-0.14234,0.46752,0.07555,0.49452,44.40594
0.29777,0.24954,1.31693,0.41188,14.24587,0.80289,359.3181,-0.15093,0.36857,-0.13338,0.42002,28.69962,0,0,0,0,0,0,0,-0.00001,0,0.00001,0,0.28742,0.90598,0.2617,47.00522,12.6818,349.55,-0.1355,0.41026,0.06729,0.43726,39.46848
0.31999,0.24021,1.3414,0.40042,12.97945,0.28988,359.6011,-0.31713,0.81078,-0.37229,0.94685,42.37245,0,0,0,0,0,0,0,0,0,0,0,0.28227,0.91976,0.26349,46.15958,10.97251,347.9806,-0.20026,0.54453,0.07727,0.58531,49.76623
0.34221,0.23343,1.35631,0.39253,13.60746,0.03292,359.4175,-0.30841,0.70196,-0.35544,0.8451,17.51648,0,0,0,0,0,0,0,0,0,0,0,0.27814,0.93108,0.26527,45.33745,10.62865,347.8972,-0.19023,0.51581,0.07892,0.5554,39.03428
0.36444,0.22555,1.37127,0.384,14.17204,359.6397,358.8406,-0.35122,0.68592,-0.38559,0.8617,33.14567,0,0,0,0,0,0,0,0,0,0,0,0.27395,0.9421,0.26689,44.64886,10.5952,348.125,-0.19317,0.5047,0.07431,0.54549,34.06669
0.38665,0.21743,1.38677,0.37499,14.22284,358.9919,358.7296,-0.36587,0.69709,-0.40818,0.8868,27.77116,0,0,0,0,0,0,0,0,0,0,0,0.26933,0.95412,0.26833,43.44121,11.03385,349.8531,-0.20735,0.54056,0.06661,0.58279,78.24744
0.40888,0.20962,1.40146,0.3659,14.63254,358.5242,358.7181,-0.35162,0.66752,-0.40289,0.8553,26.06906,0,0,0,0,0,0,0,0,0,0,0,0.2642,0.9669,0.26957,41.9937,11.13241,351.5445,-0.22321,0.56234,0.05771,0.60776,88.51801
0.4311,0.20104,1.41555,0.35567,15.54926,358.4533,358.1916,-0.3747,0.64327,-0.44013,0.86481,36.1515,0,0,0,0,0,0,0,0,0,0,0,0.25973,0.9798,0.26976,40.8858,10.95369,351.3871,-0.20252,0.56448,0.02287,0.60015,50.75861
0.45332,0.1922,1.42914,0.34565,16.15236,357.9863,358.0557,-0.39319,0.61904,-0.44973,0.86027,32.97956,0,0,0,0,0,0,0,0,0,0,0,0.25509,0.99097,0.26993,40.18882,10.35911,350.3038,-0.2093,0.51729,0.01294,0.55818,43.98066
0.47555,0.18219,1.44242,0.33463,16.62169,356.8169,357.9539,-0.43856,0.60256,-0.48589,0.88967,50.13651,0,0,0,0,0,0,0,0,0,0,0,0.24952,1.00014,0.26957,40.03032,9.56592,349.2312,-0.23835,0.43732,-0.00856,0.49813,36.14776
0.49776,0.17329,1.45591,0.32469,17.15793,356.1793,357.7208,-0.40415,0.61069,-0.44994,0.8595,38.03597,0,0,0,0,0,0,0,0,0,0,0,0.24414,1.0099,0.2695,39.49345,9.05857,348.8045,-0.23571,0.44919,0.00023,0.50728,30.73477
0.51999,0.16492,1.46491,0.31271,18.76462,357.2262,357.1592,-0.37724,0.44915,-0.51923,0.78335,69.46874,0,0,0,0,0,0,0,0,0,0,0,0.23864,1.01753,0.26849,38.91558,9.9649,350.6255,-0.23474,0.37428,-0.03134,0.44291,56.04895
0.54221,0.1567,1.47452,0.30087,19.46174,357.0236,357.4178,-0.37394,0.43775,-0.52907,0.78191,36.95501,0,0,0,0,0,0,0,0,0,0,0,0.23367,1.0273,0.2684,37.63126,11.17326,353.2221,-0.22822,0.42817,-0.00927,0.48529,104.4525
0.56442,0.14865,1.48421,0.28969,19.83209,356.592,357.2835,-0.36246,0.43449,-0.50753,0.76009,24.67442,0,0,0,0,0,0,0,0,0,0,0,0.2269,1.0364,0.26837,36.14655,10.87712,354.8763,-0.28949,0.40537,-0.00435,0.49814,98.15479
0.58664,0.14181,1.49253,0.279,20.60963,356.8878,356.7819,-0.31848,0.38459,-0.4876,0.69791,40.49382,0,0,0,0,0,0,0,0,0,0,0,0.21985,1.04191,0.26827,35.85588,9.10292,353.4959,-0.30941,0.2695,-0.00463,0.41035,54.77362
0.60885,0.13542,1.49914,0.26874,21.98426,357.2811,356.3095,-0.29642,0.31907,-0.46712,0.63865,62.39058,0,0,0,0,0,0,0,0,0,0,0,0.21368,1.04583,0.26829,36.14677,8.00192,352.5297,-0.28412,0.19464,0.00026,0.3444,44.48964
0.63107,0.12934,1.50352,0.25898,23.91136,357.5839,355.9359,-0.28296,0.23457,-0.44736,0.57898,81.20616,0,0,0,0,0,0,0,0,0,0,0,0.20827,1.04788,0.26952,35.77289,8.09107,352.9031,-0.25274,0.12114,0.04576,0.28398,22.29031
0.6533,0.12327,1.50548,0.24877,26.36168,357.7112,355.648,-0.27663,0.12666,-0.45757,0.54948,104.6267,0,0,0,0,0,0,0,0,0,0,0,0.20253,1.05015,0.27103,35.24128,9.19839,355.8359,-0.25723,0.09932,0.0671,0.28378,101.7647
0.67552,0.11682,1.50835,0.2387,28.17189,357.8039,355.0495,-0.28881,0.13678,-0.45454,0.55563,87.20594,0,0,0,0,0,0,0,0,0,0,0,0.19671,1.05403,0.27272,33.95535,10.57786,359.722,-0.26338,0.16146,0.07104,0.31699,138.8318
0.69774,0.11005,1.51249,0.22883,28.97872,357.5938,354.2924,-0.3007,0.18376,-0.4471,0.56928,56.56547,0,0,0,0,0,0,0,0,0,0,0,0.18911,1.059,0.27447,32.47472,10.48492,3.2012,-0.32902,0.21014,0.07421,0.39739,156.5029
0.71996,0.10435,1.51655,0.22035,28.59617,357.6602,354.093,-0.26492,0.18599,-0.39759,0.51269,14.63531,0,0,0,0,0,0,0,0,0,0,0,0.18273,1.06581,0.2757,31.2647,9.08769,2.64622,-0.28538,0.29155,0.06154,0.41259,76.2006
0.74218,0.09976,1.52001,0.21253,28.41908,358.2718,354.4896,-0.21383,0.15602,-0.35594,0.44357,21.47893,0,0,0,0,0,0,0,0,0,0,0,0.17754,1.07223,0.27699,30.78247,7.52501,0.17897,-0.24981,0.28887,0.05986,0.38657,87.58575
0.76441,0.09483,1.52338,0.20483,28.20152,358.5194,354.5124,-0.22267,0.15432,-0.35241,0.44451,13.98684,0,0,0,0,0,0,0,0,0,0,0,0.17075,1.07877,0.27824,29.97173,5.9763,359.5335,-0.28708,0.29156,0.05638,0.41304,64.79292
0.78663,0.09041,1.52541,0.1971,28.24135,358.3297,354.1665,-0.20272,0.10311,-0.35132,0.41852,11.5021,0,0,0,0,0,0,0,0,0,0,0,0.16398,1.08618,0.2785,28.65204,5.74327,1.52465,-0.30836,0.32886,0.01774,0.45117,97.97858
0.80885,0.08636,1.52711,0.18806,28.92098,358.7447,353.862,-0.18431,0.08059,-0.39357,0.442,33.11189,0,0,0,0,0,0,0,0,0,0,0,0.15607,1.09355,0.27826,27.67599,4.13477,1.71798,-0.34275,0.32961,-0.00341,0.47553,85.95631
0.83107,0.08335,1.53004,0.18017,28.6042,359.4636,354.5168,-0.14688,0.12737,-0.35803,0.4074,27.59505,0,0,0,0,0,0,0,0,0,0,0,0.14956,1.10147,0.2776,26.53837,2.56906,0.32777,-0.30047,0.3451,-0.01925,0.45798,75.52366
0.85329,0.08087,1.53536,0.17433,26.53337,0.01628,356.0229,-0.11592,0.21802,-0.27957,0.373,95.70857,0,0,0,0,0,0,0,0,0,0,0,0.14293,1.1073,0.27633,26.01969,1.22554,359.3923,-0.29979,0.28187,-0.04677,0.41414,62.64701
0.8755,0.07804,1.54042,0.1676,24.90434,0.34747,357.2729,-0.11377,0.23496,-0.28899,0.38945,101.813,0,0,0,0,0,0,0,0,0,0,0,0.13673,1.11335,0.275,24.86008,0.51841,359.8089,-0.27967,0.26916,-0.06641,0.39379,64.46328
0.89772,0.07559,1.54494,0.16052,23.25561,0.4596,358.2489,-0.1155,0.20912,-0.31148,0.39254,85.41836,0,0,0,0,0,0,0,0,0,0,0,0.12999,1.11906,0.27336,23.57265,359.4358,0.52687,-0.30251,0.25733,-0.07337,0.40387,84.80088
0.91995,0.07279,1.54992,0.1541,21.37909,0.30978,358.4237,-0.12412,0.22287,-0.29301,0.3885,85.31053,0,0,0,0,0,0,0,0,0,0,0,0.12327,1.12333,0.27137,22.62151,357.7549,0.59284,-0.29549,0.20755,-0.08408,0.37076,83.77868
0.94217,0.06993,1.5552,0.1478,19.34429,359.9914,358.4362,-0.12701,0.23488,-0.28575,0.39109,91.72021,0,0,0,0,0,0,0,0,0,0,0,0.11835,1.12667,0.2699,22.08748,356.3941,0.10391,-0.23987,0.15826,-0.0696,0.29568,65.71001
0.9644,0.06849,1.56133,0.14206,16.52789,359.1713,358.7713,-0.0746,0.26533,-0.26479,0.3822,123.3598,0,0,0,0,0,0,0,0,0,0,0,0.11487,1.12999,0.269,21.52674,355.6465,359.8346,-0.15906,0.1475,-0.04371,0.22129,42.80473
0.98661,0.06742,1.56638,0.13568,14.49998,358.6497,359.2766,-0.04983,0.23459,-0.28119,0.36957,104.1143,0,0,0,0,0,0,0,0,0,0,0,0.11105,1.13388,0.268,20.58334,354.673,359.8676,-0.1739,0.17116,-0.04562,0.24823,57.19233
1.00883,0.06744,1.57063,0.1296,12.69579,358.2465,359.8333,-0.00341,0.19816,-0.27308,0.33742,92.18688,0,0,0,0,0,0,0,0,0,0,0,0.10724,1.13828,0.26677,19.21739,353.5608,0.45263,-0.17465,0.1925,-0.05469,0.26561,82.15195
1.03104,0.06811,1.57407,0.12374,11.13903,358.0387,0.18323,0.01541,0.16743,-0.26813,0.31649,77.7045,0,0,0,0,0,0,0,0,0,0,0,0.10355,1.14266,0.2655,17.87794,352.1979,1.04739,-0.16366,0.19003,-0.05411,0.25656,86.53925
1.05327,0.06924,1.57682,0.11803,9.7104,357.9361,0.3559,0.05346,0.12563,-0.25636,0.29045,66.20148,0,0,0,0,0,0,0,0,0,0,0,0.10118,1.14601,0.26495,17.1662,351.4629,1.13866,-0.12535,0.16335,-0.03423,0.20873,58.10558
1.0755,0.07241,1.57716,0.11319,8.78372,358.0598,0.1106,0.09943,0.06077,-0.23471,0.26204,50.59362,0,0,0,0,0,0,0,0,0,0,0,0.10064,1.14885,0.26499,16.69173,350.7558,0.06861,-0.07053,0.14181,-0.0152,0.15911,46.01253
1.09772,0.07593,1.57641,0.10844,8.72622,358.1425,359.8094,0.13183,0.00586,-0.22226,0.25848,19.50949,0,0,0,0,0,0,0,0,0,0,0,0.09917,1.15067,0.26436,15.99154,350.1974,0.75272,-0.07622,0.10593,-0.02913,0.13371,52.94589
1.11994,0.07981,1.57747,0.10483,9.36747,358.2904,359.5568,0.17449,0.04008,-0.16618,0.24427,26.9788,0,0,0,0,0,0,0,0,0,0,0,0.09744,1.15288,0.2634,14.47257,349.9422,2.72245,-0.07186,0.09806,-0.03905,0.12769,102.2097
1.14216,0.08404,1.57891,0.10226,9.40904,358.8256,358.8606,0.19369,0.05407,-0.12137,0.23488,40.97238,0,0,0,0,0,0,0,0,0,0,0,0.09711,1.15394,0.2632,13.84438,350.1324,4.02711,-0.02961,0.05983,-0.0161,0.06867,66.04356
1.16438,0.08869,1.57837,0.09975,9.35085,359.7391,358.1207,0.20655,-0.01002,-0.11585,0.23703,52.5766,0,0,0,0,0,0,0,0,0,0,0,0.09826,1.15397,0.26289,14.72936,349.7926,3.00157,0.03544,0.01858,-0.01875,0.04419,38.70243
1.1866,0.09344,1.57734,0.09688,9.93653,0.79231,357.6823,0.2158,-0.04059,-0.12322,0.2518,60.08925,0,0,0,0,0,0,0,0,0,0,0,0.09938,1.15721,0.26085,14.27771,349.4137,2.54211,0.05204,0.12684,-0.08128,0.15938,24.22593
1.20883,0.09789,1.57733,0.09403,10.50966,1.91463,357.3466,0.20451,-0.01011,-0.1264,0.24063,61.4493,0,0,0,0,0,0,0,0,0,0,0,0.10032,1.16297,0.25774,12.55064,349.06,2.94212,0.0405,0.22145,-0.12341,0.25673,63.28736
1.23107,0.10302,1.57693,0.09168,11.03726,3.62644,357.3172,0.22615,-0.01789,-0.11012,0.25217,76.36497,0,0,0,0,0,0,0,0,0,0,0,0.10365,1.17084,0.25482,10.05431,350.1627,4.00389,0.12693,0.30062,-0.11665,0.34654,111.5382
1.25327,0.10824,1.57644,0.0893,11.22137,5.46155,357.475,0.2338,-0.02105,-0.10738,0.25814,80.13742,0,0,0,0,0,0,0,0,0,0,0,0.10505,1.17554,0.2531,8.89562,350.536,4.84266,0.0762,0.23474,-0.08655,0.26154,69.9005
1.27548,0.11386,1.57619,0.08714,11.0855,7.6136,357.6233,0.24647,-0.01234,-0.10152,0.26685,90.80444,0,0,0,0,0,0,0,0,0,0,0,0.1052,1.1791,0.25111,8.29606,349.7764,4.89432,0.02057,0.17595,-0.09205,0.19964,43.33034
1.2977,0.11982,1.5761,0.08504,10.85671,9.97723,357.689,0.26585,-0.00603,-0.09508,0.28241,103.9822,0,0,0,0,0,0,0,0,0,0,0,0.1045,1.18323,0.24852,7.93448,348.0807,3.64452,-0.02319,0.18872,-0.11255,0.22096,79.11233
1.31993,0.12728,1.57576,0.08304,10.57452,13.48959,357.3779,0.3137,-0.0127,-0.09495,0.328,143.5712,0,0,0,0,0,0,0,0,0,0,0,0.10602,1.18744,0.24694,6.80772,348.6815,4.28641,0.04999,0.18725,-0.07933,0.20942,46.15855
1.34215,0.13603,1.57514,0.08043,10.62289,17.77927,356.8294,0.39734,-0.02826,-0.11321,0.41412,200.9922,0,0,0,0,0,0,0,0,0,0,0,0.10721,1.19028,0.24577,5.87681,349.4059,5.07451,0.04153,0.13746,-0.06224,0.15651,52.43758
1.36436,0.14491,1.57387,0.07744,10.84363,22.09504,356.6787,0.40872,-0.05513,-0.1314,0.43285,203.3016,0,0,0,0,0,0,0,0,0,0,0,0.10643,1.19131,0.24448,5.56259,349.1387,6.25122,-0.02384,0.05616,-0.05632,0.08303,52.93328
1.38659,0.15346,1.57237,0.07414,11.16465,26.55032,356.6715,0.38656,-0.06346,-0.14429,0.41746,199.483,0,0,0,0,0,0,0,0,0,0,0,0.10644,1.19192,0.24426,5.04886,349.4601,8.18195,0.00016,0.03392,-0.01899,0.03887,87.10303
1.4088,0.16154,1.57004,0.06972,11.98886,31.27541,356.882,0.36488,-0.09074,-0.18321,0.41825,204.8606,0,0,0,0,0,0,0,0,0,0,0,0.108,1.19341,0.24422,4.10403,350.303,9.65019,0.05507,0.06216,-0.00737,0.08337,80.56322
1.43102,0.16894,1.56773,0.06469,12.97815,35.69431,357.3737,0.33984,-0.09665,-0.21147,0.41177,198.6894,0,0,0,0,0,0,0,0,0,0,0,0.11065,1.19622,0.24413,3.30565,350.5497,8.93977,0.10005,0.11654,-0.00676,0.15374,40.06403
1.45325,0.17554,1.56626,0.05978,13.62659,39.94995,357.8595,0.30477,-0.06973,-0.21594,0.37998,190.033,0,0,0,0,0,0,0,0,0,0,0,0.11269,1.19858,0.244,2.47645,350.7714,9.53975,0.09434,0.10225,-0.00237,0.13914,36.27649
1.47546,0.18143,1.5652,0.05563,13.80373,43.71289,358.0012,0.27265,-0.05381,-0.1936,0.3387,173.5432,0,0,0,0,0,0,0,0,0,0,0,0.11527,1.19935,0.24481,2.26662,351.2634,9.99531,0.11159,0.04908,0.02758,0.12499,30.66076
1.49768,0.18709,1.56402,0.05137,14.0551,47.42907,357.8786,0.2559,-0.05275,-0.19405,0.32546,169.4266,0,0,0,0,0,0,0,0,0,0,0,0.11869,1.20071,0.24585,1.31454,352.2816,11.00319,0.14678,0.05971,0.04244,0.16404,68.13376
1.51991,0.19225,1.56282,0.0469,14.44159,50.68218,357.976,0.23109,-0.05408,-0.20076,0.31086,147.8325,0,0,0,0,0,0,0,0,0,0,0,0.12298,1.2013,0.24748,1.01118,353.5398,11.5824,0.18126,0.03102,0.06637,0.19551,59.61051
1.54213,0.19681,1.56119,0.04281,14.89943,53.56243,357.9666,0.20772,-0.06989,-0.18744,0.28838,133.1416,0,0,0,0,0,0,0,0,0,0,0,0.12759,1.20141,0.24906,1.15859,354.6869,11.67482,0.19316,0.01209,0.06529,0.20426,50.30224
1.56434,0.20041,1.55957,0.03913,15.45915,56.0204,357.609,0.17655,-0.07136,-0.17092,0.25589,123.2172,0,0,0,0,0,0,0,0,0,0,0,0.13155,1.20128,0.24997,1.31632,355.5551,12.00284,0.18345,0.00138,0.04651,0.18926,45.46939
1.58657,0.20358,1.55775,0.03565,16.14341,58.40358,357.3564,0.14402,-0.08161,-0.1584,0.22912,115.0273,0,0,0,0,0,0,0,0,0,0,0,0.13662,1.20193,0.25064,1.00113,356.9942,11.80979,0.21728,0.02213,0.03407,0.22105,60.10065
1.6088,0.20615,1.55564,0.03209,16.9651,60.54781,357.2409,0.12341,-0.09112,-0.16036,0.22192,107.0587,0,0,0,0,0,0,0,0,0,0,0,0.14144,1.20146,0.25115,1.32657,358.3311,11.43087,0.21177,-0.00648,0.02238,0.21305,59.56221
1.63102,0.20848,1.55391,0.0288,17.69703,62.56322,357.336,0.10171,-0.08,-0.14821,0.19675,94.53941,0,0,0,0,0,0,0,0,0,0,0,0.14448,1.20185,0.25017,0.79558,359.1502,12.05992,0.14702,0.01228,-0.03823,0.1524,50.28051
1.65324,0.21012,1.55263,0.02637,18.27885,64.30701,357.4968,0.0821,-0.06353,-0.11948,0.15827,84.76052,0,0,0,0,0,0,0,0,0,0,0,0.14783,1.20158,0.2489,0.54106,0.25231,12.43917,0.15228,-0.00649,-0.05354,0.16155,52.77848
1.67546,0.21175,1.55152,0.02415,18.63637,66.08513,357.5457,0.07543,-0.05194,-0.10421,0.13873,81.66107,0,0,0,0,0,0,0,0,0,0,0,0.15089,1.20074,0.24764,0.61289,1.26355,12.36841,0.1433,-0.02715,-0.05163,0.15472,47.38475
1.69768,0.21341,1.55063,0.0219,18.89157,67.8989,357.6201,0.06775,-0.04016,-0.09793,0.12567,78.9209,0,0,0,0,0,0,0,0,0,0,0,0.15394,1.19976,0.24655,0.62195,2.50177,12.36309,0.13828,-0.03698,-0.04853,0.15114,52.44639
1.71989,0.21495,1.55027,0.01989,18.91442,69.78233,357.638,0.07326,-0.02326,-0.09583,0.12284,84.4171,0,0,0,0,0,0,0,0,0,0,0,0.1562,1.19865,0.24502,0.33095,3.73639,12.76515,0.11321,-0.04455,-0.06192,0.13651,57.57004
1.74212,0.21657,1.55037,0.01743,18.73098,71.93254,357.8419,0.07334,-0.00509,-0.10913,0.13158,91.31651,0,0,0,0,0,0,0,0,0,0,0,0.15847,1.19681,0.24408,0.47838,4.86809,12.79831,0.10554,-0.07661,-0.04411,0.13767,51.32272
1.76434,0.21703,1.55019,0.01507,18.8804,73.64021,358.5677,0.02926,-0.00894,-0.10488,0.10925,74.31689,0,0,0,0,0,0,0,0,0,0,0,0.1613,1.1945,0.24381,1.30235,5.99802,11.86134,0.12489,-0.09681,-0.01857,0.15911,70.76772
1.78656,0.2179,1.54963,0.01287,19.10745,75.34282,358.9905,0.0447,-0.02226,-0.10395,0.11533,76.36623,0,0,0,0,0,0,0,0,0,0,0,0.16439,1.19346,0.24324,1.79516,7.00585,10.89315,0.13344,-0.0616,-0.02621,0.14929,63.80854
1.80878,0.21447,1.59945,0.00903,19.22334,76.09082,359.1755,-0.00337,-0.01205,-0.06637,0.06754,45.27736,0.17617,1.03611,-0.13196,48.66297,162.8935,189.1024,3.9884,22.11233,-2.82164,22.64562,2972.697,0.16356,1.24685,0.23935,0.97333,7.96813,10.77257,0.10356,0.10194,-0.04758,0.15291,59.00401
1.83101,0.20881,1.59917,0.00226,19.30719,76.97723,359.2749,0.00672,-0.01414,-0.06588,0.06771,44.04345,0.16849,1.02978,-0.12736,52.64866,162.9261,184.2452,0.93843,5.34182,-0.39771,5.43819,601.352,0.16064,1.24896,0.23297,0.11833,9.55863,11.01128,0.12076,0.08797,-0.0438,0.15569,73.04771
1.85323,0.19121,1.59864,-0.01298,19.59422,77.19618,359.3194,-0.03361,-0.02265,-0.03168,0.05144,22.81765,0.16343,1.02441,-0.12971,48.87333,146.9677,179.5648,0.66619,1.19328,0.29223,1.39755,534.9043,0.14569,1.25117,0.21742,358.3416,11.47354,12.96388,0.08809,0.09519,-0.03566,0.13451,123.137
1.87545,0.17743,1.59795,-0.02514,20.02937,77.72,359.3041,-0.04132,-0.02933,-0.03344,0.06071,27.64129,0.16346,1.02417,-0.13433,46.47476,135.6149,178.3581,0.63081,0.28238,0.32195,0.76244,487.9946,0.13454,1.252,0.2056,356.8222,13.23473,14.71734,0.07541,0.04738,-0.0233,0.09206,143.196
1.89767,0.17197,1.59735,-0.02986,20.35308,78.28436,359.2233,-0.03905,-0.02739,-0.03359,0.05834,28.8924,0.16488,1.01871,-0.12593,52.58757,130.7518,174.9134,0.37218,-0.13633,0.57505,0.69841,278.3343,0.1307,1.25126,0.20147,355.8246,14.32916,16.68255,0.04518,-0.02029,-0.00844,0.05024,108.7944
1.91989,0.17139,1.59712,-0.03029,20.47653,78.73924,359.2082,-0.02931,-0.0143,-0.02357,0.04024,23.10089,0.17058,1.01267,-0.10512,55.40736,120.2006,163.2698,0.30251,-0.23255,0.89825,0.97593,304.7126,0.13472,1.24999,0.20198,357.1672,15.20917,14.4336,0.1632,-0.0525,0.01887,0.17247,87.82047
1.94212,0.17034,1.59708,-0.03053,20.53909,79.09664,358.9651,-0.04704,-0.00328,-0.01106,0.04844,22.57483,0.1821,1.0146,-0.08783,48.77621,110.9463,157.8082,0.56344,0.02921,0.91369,1.07384,391.1281,0.13929,1.24904,0.20226,357.9529,16.54954,13.15033,0.21193,-0.05515,0.02108,0.22,101.7387
1.96434,0.16962,1.59738,-0.03088,20.36086,79.61537,358.7177,-0.03374,0.00851,-0.01521,0.03797,27.57466,0.19613,1.01922,-0.07316,44.09792,106.9242,161.7176,0.55825,0.14545,0.67782,0.89007,338.7415,0.14226,1.24903,0.20229,358.1617,17.20109,12.66348,0.14736,-0.00892,0.00246,0.14765,46.80908
1.98657,0.16905,1.59744,-0.03107,20.15823,80.16544,358.7907,-0.02891,0.00391,-0.00772,0.03018,25.27746,0.19993,1.01973,-0.06151,46.21075,104.0219,164.2232,0.2825,0.0472,0.5634,0.63203,230.4042,0.14462,1.2503,0.20184,357.2967,18.18468,13.45651,0.12427,0.03941,-0.01346,0.13107,55.80708
2.00879,0.1681,1.59725,-0.03093,20.21137,80.64566,358.9574,-0.04157,-0.00559,0.00717,0.04255,19.61993,0.2025,1.02147,-0.05059,45.35942,100.6631,165.3234,0.15538,0.08493,0.54361,0.57172,203.4519,0.14847,1.25146,0.20141,356.3156,20.06752,14.16249,0.15497,0.04382,-0.01658,0.1619,86.778
2.03101,0.16658,1.59688,-0.03023,20.51448,80.83405,359.3306,-0.06509,-0.01428,0.02984,0.07302,19.07966,0.20722,1.02668,-0.0427,41.60622,97.85192,167.6525,0.21751,0.22401,0.41665,0.52066,259.2717,0.1506,1.25087,0.20154,356.5566,20.64289,13.94822,0.10596,-0.01649,0.00353,0.10729,33.00166
2.05324,0.16494,1.59671,-0.02907,20.70177,80.60325,359.6686,-0.07101,-0.00863,0.04718,0.08569,19.35034,0.21006,1.03151,-0.03797,40.13002,96.50369,170.5048,0.1427,0.21951,0.25905,0.36831,195.7914,0.15213,1.24986,0.20162,357.2468,20.86941,13.04635,0.07168,-0.03846,0.00323,0.08141,42.07354
2.07545,0.16337,1.59688,-0.02757,20.65289,80.13702,359.7227,-0.07071,0.00426,0.06255,0.0945,19.91898,0.2106,1.03497,-0.03573,39.51667,95.84884,173.3055,0.0491,0.1796,0.13358,0.22915,158.5436,0.15196,1.24935,0.20144,357.3745,20.82993,12.75998,-0.00288,-0.02701,-0.00593,0.0278,20.0149
2.09766,0.16168,1.59711,-0.02601,20.60055,79.51636,359.801,-0.07462,0.00822,0.06771,0.1011,26.87052,0.21142,1.03877,-0.03533,37.80652,95.32743,176.4439,0.04157,0.17973,0.04027,0.18882,171.7668,0.15094,1.24895,0.20122,357.3032,20.71522,12.71946,-0.03606,-0.01944,-0.00885,0.04191,8.47432
2.11989,0.15984,1.59743,-0.02366,20.62209,78.46069,359.8189,-0.08209,0.0131,0.09811,0.12859,43.89099,0.2128,1.04407,-0.03748,35.76243,95.75072,179.9122,0.05525,0.20288,-0.04983,0.21609,167.2419,0.14831,1.2483,0.20102,357.4419,20.25352,12.81571,-0.08457,-0.02454,-0.0091,0.08853,13.76908
2.14211,0.1579,1.59762,-0.02193,20.60321,77.7413,359.7657,-0.08511,0.00863,0.07938,0.1167,33.2068,0.21363,1.04833,-0.041,34.47367,96.50547,182.8542,0.04511,0.16174,-0.08187,0.18681,143.1575,0.14609,1.24804,0.20067,357.4154,20.15277,12.75064,-0.0777,-0.01652,-0.01218,0.08036,5.1064
2.16433,0.15537,1.59805,-0.01976,20.48428,76.64712,359.6526,-0.10501,0.01597,0.09094,0.13982,43.21054,0.2233,1.06074,-0.04347,29.57668,96.10663,179.479,0.45521,0.53585,-0.01945,0.70337,266.9929,0.14047,1.24747,0.20085,357.4848,19.29126,13.04969,-0.21874,-0.02943,0.00714,0.22082,36.82607
2.18656,0.15288,1.59838,-0.01756,20.49277,75.38179,359.7763,-0.10703,0.01402,0.09388,0.14306,52.07658,0.23343,1.07558,-0.03786,21.48875,92.63523,173.0725,0.4442,0.67034,0.1672,0.82135,422.6219,0.13618,1.2468,0.20113,357.519,18.68367,13.71138,-0.1954,-0.02888,0.01023,0.19779,36.32932
2.20879,0.15032,1.59878,-0.01416,20.45782,73.47765,359.7029,-0.11394,0.01808,0.14808,0.18771,80.89851,0.2406,1.09302,-0.03893,17.43172,94.36069,164.997,0.4122,0.75222,0.05122,0.85928,389.253,0.13211,1.24678,0.20111,356.9769,18.56983,14.5069,-0.17986,-0.01219,0.00174,0.18028,36.03289
2.23101,0.1478,1.59911,-0.01071,20.2786,71.75375,359.3213,-0.11537,0.01582,0.15656,0.19512,76.97547,0.24705,1.10421,-0.04018,17.28014,98.15313,161.0345,0.32267,0.57499,-0.04711,0.66102,305.5388,0.12906,1.24721,0.20077,356.8607,18.37477,14.02058,-0.14735,0.01675,-0.01266,0.14884,19.42283
2.25323,0.14434,1.5995,-0.00675,20.11016,69.61626,358.9454,-0.14896,0.01861,0.17595,0.23128,90.97742,0.24934,1.11031,-0.04291,18.78091,101.8611,155.1279,0.16069,0.35934,-0.11899,0.41122,381.334,0.12509,1.24742,0.20065,357.0135,17.60777,13.6188,-0.17893,0.01142,-0.00608,0.1794,39.78169
2.27546,0.14055,1.60009,-0.00246,20.12172,67.11304,358.6512,-0.16603,0.02423,0.19041,0.25379,106.3505,0.24799,1.11195,-0.04722,21.92277,104.7265,147.6832,-0.0173,0.13232,-0.18405,0.22733,416.9327,0.12105,1.24783,0.20035,357.0713,16.88848,13.40954,-0.18146,0.02078,-0.01389,0.18317,35.02129
2.29768,0.13648,1.60064,0.0027,20.09865,63.93717,358.3328,-0.17972,0.0254,0.22671,0.29041,133.0327,0.24342,1.10806,-0.04785,27.46506,105.8374,138.7354,-0.16592,-0.11918,-0.03491,0.20725,478.5851,0.11708,1.24866,0.19974,356.7114,16.48325,13.7201,-0.17652,0.03603,-0.0255,0.18195,24.40991
2.31991,0.1324,1.60137,0.00874,19.89847,60.33805,357.8029,-0.18308,0.03045,0.25866,0.31836,148.3913,0.23891,1.10175,-0.04362,32.89523,106.2616,131.5835,-0.19,-0.23512,0.12765,0.32814,420.9561,0.11334,1.24947,0.19892,356.5158,16.14037,13.58403,-0.17229,0.03271,-0.03243,0.17834,20.05082
2.34213,0.12733,1.60185,0.01484,19.81507,56.44706,357.3676,-0.23235,0.0235,0.28727,0.37022,176.7675,0.17922,1.10258,0.11416,40.00735,104.7908,123.19,-2.69369,0.02964,7.09714,7.59119,481.263,0.10858,1.24972,0.19815,356.6317,15.13364,13.37842,-0.21454,0.01441,-0.03664,0.21812,46.07115
2.36436,0.12128,1.60215,0.0211,19.85817,52.01894,357.067,-0.26053,0.01619,0.28178,0.38411,188.9316,0.14388,1.09856,0.18421,48.29435,103.348,116.4205,-1.61544,-0.09623,3.49237,3.84909,450.4166,0.10412,1.24988,0.19726,356.6902,14.10503,12.97038,-0.20226,0.01135,-0.0399,0.20647,48.6378
2.38658,0.11404,1.60258,0.02839,19.69533,46.52481,356.4481,-0.33751,0.01926,0.34058,0.47987,248.6447,0.14529,1.09784,0.21749,56.92929,102.031,110.17,-0.26337,-0.08008,2.22527,2.24223,480.7121,0.09972,1.25043,0.1962,356.5224,13.16895,12.6783,-0.20319,0.02444,-0.05094,0.2109,49.49832
2.4088,0.10452,1.60289,0.03649,19.2683,40.02328,354.9955,-0.39556,0.01546,0.34791,0.52701,260.8622,0.12537,1.09958,0.22784,64.90424,91.73375,99.02048,-0.73813,0.06796,0.82523,1.10926,412.8238,0.09606,1.25045,0.19536,356.3059,12.82752,12.66454,-0.17564,0.00366,-0.03912,0.17998,26.24192
2.43102,0.09459,1.60346,0.04259,19.07516,34.53199,354.173,-0.42712,0.02369,0.28688,0.51507,239.3882,0.10996,1.10516,0.22252,62.74157,82.68702,98.39214,-0.62785,0.23032,0.10098,0.67635,292.7462,0.09152,1.24927,0.19495,356.8628,11.8553,12.05464,-0.20048,-0.03682,-0.02356,0.20519,46.19288
2.45325,0.08518,1.60402,0.04747,19.06739,29.4266,354.1686,-0.43058,0.02518,0.23301,0.49023,233.821,0.1249,1.11864,0.22589,46.94478,65.17554,97.00826,0.22723,0.54564,0.30954,0.66721,767.8408,0.08589,1.24804,0.19438,356.944,10.75566,12.71134,-0.23681,-0.04593,-0.02674,0.2427,48.98099
2.47547,0.07475,1.60456,0.05194,19.02314,23.68264,354.4973,-0.46101,0.02535,0.21046,0.50741,256.6322,0.12905,1.13453,0.24569,37.5984,52.6533,100.5269,0.11847,0.58747,0.67369,0.90167,683.7903,0.08013,1.24815,0.19342,357.5939,8.86484,11.19965,-0.25004,-0.00528,-0.03773,0.25292,91.45481
2.49769,0.06408,1.60537,0.05595,18.41385,18.2603,354.1674,-0.47556,0.03451,0.18304,0.51074,241.5015,0.12588,1.13536,0.24651,40.38943,52.61687,100.5459,-0.08549,0.20266,0.21298,0.30617,140.0294,0.07617,1.24926,0.19256,357.3736,8.351,11.00946,-0.19297,0.03708,-0.039,0.20033,40.34105
2.51991,0.05443,1.60612,0.05915,17.91048,13.75847,353.9987,-0.44424,0.03308,0.15009,0.47008,210.2816,0.1141,1.11846,0.25356,45.70725,54.22984,89.62591,-0.4011,-0.47804,0.30818,0.69597,386.9621,0.07233,1.25092,0.19172,357.1837,7.4634,10.18519,-0.1771,0.05841,-0.03556,0.18984,49.58094
2.54214,0.04464,1.60644,0.06124,17.6293,9.40699,354.1883,-0.44136,0.01875,0.10754,0.45465,203.0511,0.10481,1.1035,0.26367,49.58786,52.16845,78.57481,-0.40106,-0.55322,0.40996,0.79685,424.0469,0.06847,1.25139,0.19162,357.2393,6.57882,9.57461,-0.17762,0.02881,-0.01108,0.18028,50.6279
2.56436,0.03461,1.60687,0.06185,17.49718,4.96327,354.7692,-0.44944,0.02091,0.04246,0.45193,207.6299,0.10176,1.10623,0.26862,50.90004,45.93165,68.6084,-0.16886,-0.03355,0.25971,0.31159,304.0311,0.06414,1.25088,0.19243,357.9116,4.97364,8.35189,-0.18924,-0.01344,0.02861,0.19186,90.36063
2.58658,0.02477,1.60763,0.06235,17.10638,0.7302,355.0004,-0.44499,0.03144,0.02004,0.44655,194.3531,0.09973,1.09802,0.26966,47.51263,50.11795,72.3435,-0.12729,-0.34099,0.09165,0.37533,134.0754,0.06024,1.2513,0.19307,358.5355,3.50515,6.88745,-0.1768,0.0183,0.0292,0.18013,97.65573
2.60881,0.01509,1.60835,0.06285,16.6046,356.5545,355.1583,-0.43741,0.03218,0.02629,0.43938,193.777,0.09146,1.09015,0.27326,47.03024,49.17193,71.74295,-0.29105,-0.28381,0.15507,0.43509,44.6343,0.05597,1.25288,0.19321,358.4573,2.28521,6.24549,-0.19049,0.05453,0.01041,0.19842,70.24886
2.63103,0.00536,1.60901,0.06226,16.08998,352.2849,355.503,-0.43753,0.02854,-0.01414,0.43868,197.1158,0.08447,1.08826,0.27741,46.08689,48.10736,74.26865,-0.29816,-0.12912,0.18268,0.37275,122.8511,0.04921,1.25439,0.19308,358.1006,0.2451,6.56117,-0.28176,0.06124,-0.00138,0.28834,85.27769
2.65325,-0.00447,1.6093,0.06113,15.79341,348.0479,356.0323,-0.44154,0.01725,-0.0405,0.44373,199.1346,0.08065,1.08441,0.28104,41.85598,49.05531,79.77081,-0.1981,-0.18024,0.15641,0.31015,250.2489,0.04315,1.25522,0.19328,357.9105,358.6879,6.77492,-0.27669,0.04268,0.00712,0.28006,73.87946
2.67548,-0.01458,1.60988,0.0602,15.34159,343.6236,356.7629,-0.45243,0.02515,-0.04054,0.45494,208.366,0.07604,1.08006,0.28369,40.83752,48.79389,80.93137,-0.20835,-0.15544,0.14596,0.29812,120.6474,0.03766,1.25647,0.19312,357.5093,357.2683,6.58185,-0.25242,0.04921,-0.00346,0.2572,68.12312
2.6977,-0.02543,1.61125,0.05657,14.3002,338.8864,357.4373,-0.47699,0.05031,-0.1373,0.4989,220.3585,0.07358,1.07124,0.28307,40.98497,51.73695,84.95105,-0.14222,-0.32327,0.0212,0.35381,119.8758,0.0317,1.2574,0.19296,356.9377,355.8871,6.43005,-0.26518,0.03455,-0.00337,0.26744,66.54715
2.71993,-0.03504,1.61152,0.05325,14.10581,334.5554,357.7705,-0.44169,0.02066,-0.14646,0.4658,203.547,0.06269,1.06589,0.28761,41.49559,47.70247,84.05408,-0.41161,-0.24542,0.17275,0.50941,135.9236,0.02699,1.25742,0.19351,356.7105,355.2753,6.51252,-0.22621,0.00991,0.01703,0.22706,38.95931
2.74215,-0.04374,1.61162,0.04871,14.00311,330.3769,357.9814,-0.40246,0.00955,-0.19165,0.44586,193.477,0.04945,1.06484,0.29506,38.14766,41.82757,85.98113,-0.53107,-0.09662,0.285,0.61041,282.1527,0.02152,1.25672,0.19402,356.5453,354.1781,6.71476,-0.24191,-0.02338,0.02205,0.24403,48.24846
2.76438,-0.0521,1.61239,0.04408,13.32604,326.2195,358.3266,-0.38225,0.03079,-0.20364,0.4342,193.2806,0.03923,1.06764,0.30167,34.02688,38.80103,86.17096,-0.47235,0.06395,0.27411,0.54985,217.5002,0.01634,1.25468,0.19512,357.1519,352.9076,6.26852,-0.23516,-0.07421,0.04094,0.24997,62.32319
2.7866,-0.06023,1.61348,0.03972,12.54877,322.2877,358.4903,-0.36882,0.04377,-0.1977,0.42075,184.1798,0.02415,1.07732,0.29327,35.00304,35.81581,83.33129,-0.60944,0.29676,-0.17237,0.69943,121.0292,0.01047,1.25296,0.19563,357.9634,351.2422,5.62752,-0.25884,-0.07502,0.02531,0.27067,79.3895
2.80882,-0.06697,1.61407,0.0345,12.05434,318.9146,358.4894,-0.32583,0.02945,-0.2172,0.39269,162.8807,0.00695,1.08135,0.28736,39.3651,29.06822,77.39053,-0.7,0.15411,-0.18506,0.74027,239.9625,0.00378,1.25205,0.19499,357.5529,350.1711,7.44582,-0.28662,-0.04651,-0.01483,0.29075,72.935
2.83104,-0.07401,1.61431,0.0299,11.78064,315.4743,358.74,-0.33273,0.01862,-0.19951,0.38841,164.7106,-0.00579,1.07881,0.28884,40.17416,24.4623,74.59812,-0.59703,-0.04443,0.0032,0.59869,173.4331,-0.00258,1.25111,0.19448,357.3279,348.7197,8.24266,-0.28109,-0.04206,-0.01678,0.28471,69.40152
2.85326,-0.0789,1.61408,0.02386,11.55247,312.5892,359.5885,-0.23979,-0.00435,-0.25905,0.35302,146.3623,-0.0178,1.08585,0.28782,39.11497,22.38913,73.51019,-0.55572,0.31217,-0.05129,0.63946,98.74177,-0.00904,1.24957,0.19325,357.5982,346.5182,7.70186,-0.28121,-0.05196,-0.04867,0.29008,96.00446
2.87548,-0.08416,1.61394,0.01866,11.26489,309.7389,0.04667,-0.22956,-0.00775,-0.24234,0.3339,134.8246,-0.03233,1.09328,0.28473,40.33017,16.10362,62.98573,-0.63463,0.28731,-0.11409,0.70592,295.8836,-0.01463,1.2486,0.19262,357.7125,345.0846,7.17678,-0.26133,-0.04698,-0.03329,0.2676,78.75021
2.8977,-0.08909,1.61359,0.01359,11.05501,306.9514,0.3893,-0.21629,-0.0162,-0.23387,0.31897,128.3739,-0.05052,1.09286,0.28113,42.46363,5.92808,48.86978,-0.78986,0.06086,-0.15521,0.80726,451.0526,-0.02038,1.24733,0.19196,357.8235,343.8235,6.90297,-0.25941,-0.05694,-0.03063,0.26735,62.9251
2.91992,-0.09356,1.61316,0.00849,11.01603,304.0774,0.77504,-0.20591,-0.01834,-0.23001,0.30926,132.6665,-0.06841,1.10482,0.27759,41.6773,356.839,38.70341,-0.78315,0.40763,-0.15551,0.89648,359.2128,-0.02632,1.24631,0.19062,357.6001,342.4567,6.61476,-0.26568,-0.04875,-0.0526,0.27519,62.6998
2.94214,-0.09734,1.61267,0.00327,11.01617,301.3921,1.03983,-0.17245,-0.02288,-0.23597,0.29316,124.7263,-0.08549,1.11796,0.27434,39.18913,351.3219,38.66632,-0.78982,0.58717,-0.14921,0.99542,264.5936,-0.03257,1.24415,0.1892,357.6765,341.1543,7.16953,-0.27863,-0.09481,-0.06325,0.30104,60.44124
2.96436,-0.10058,1.61214,-0.00216,10.98771,298.6801,1.40412,-0.14527,-0.02371,-0.24386,0.28484,124.8566,-0.09997,1.11952,0.27608,33.77353,356.452,62.63715,-0.65533,0.18378,0.04139,0.68187,861.0103,-0.03807,1.24031,0.18959,359.2339,340.3726,7.46818,-0.23963,-0.15337,0.01188,0.28476,63.29725
2.98658,-0.10381,1.6118,-0.00736,10.8524,295.9767,1.44204,-0.14584,-0.01695,-0.2356,0.27761,122.0889,-0.11207,1.1305,0.27292,32.40989,357.5824,63.15001,-0.58284,0.39244,-0.10252,0.71009,224.9432,-0.04044,1.23849,0.19097,359.8835,340.7756,6.178,-0.14906,-0.10396,0.04264,0.18667,58.91699
3.00881,-0.10602,1.61182,-0.01205,10.69368,293.7497,1.04456,-0.11141,-0.00231,-0.21543,0.24254,103.5268,-0.12884,1.14591,0.26852,29.87443,353.356,57.05881,-0.73081,0.58131,-0.1519,0.94609,192.0581,-0.04361,1.23543,0.19147,2.45703,339.1457,1.64186,-0.14776,-0.11074,0.02777,0.18672,167.2297
3.03103,-0.10766,1.61178,-0.01639,10.61057,291.6735,0.78462,-0.07537,-0.00255,-0.19863,0.21246,92.85539,-0.1488,1.15379,0.26634,24.24678,347.4316,51.19252,-0.84583,0.39512,-0.12727,0.9422,317.2716,-0.04731,1.23397,0.19102,3.04188,337.9731,0.78775,-0.17204,-0.08685,-0.01385,0.19322,93.32807
3.05325,-0.10854,1.61146,-0.02041,10.64026,289.8525,0.71935,-0.04095,-0.01159,-0.18189,0.18681,81.57903,-0.16641,1.15914,0.26282,21.35235,344.8097,49.77348,-0.80346,0.27338,-0.14928,0.86172,187.7113,-0.053,1.23175,0.18824,3.52437,335.7312,1.86727,-0.23614,-0.09806,-0.10375,0.27593,100.3222
3.07548,-0.10912,1.61135,-0.02382,10.58058,288.3784,0.80181,-0.02925,-0.00579,-0.1584,0.16118,70.30672,-0.18243,1.15458,0.25929,25.60933,345.5806,55.24445,-0.74883,-0.11447,-0.16863,0.77607,203.6075,-0.05674,1.2302,0.18588,3.8639,334.0933,2.25332,-0.18448,-0.07218,-0.10189,0.22277,82.31821
3.0977,-0.10966,1.61161,-0.02649,10.39464,287.1277,1.07252,-0.02542,0.00831,-0.12708,0.12987,61.63753,-0.19933,1.14751,0.25303,30.6071,344.5236,55.20233,-0.75543,-0.27031,-0.26069,0.84362,208.4771,-0.05983,1.2282,0.18405,4.26585,332.8271,2.10254,-0.14649,-0.09328,-0.08774,0.19458,65.20212
3.11992,-0.11013,1.61195,-0.02856,10.30304,286.1298,1.08436,-0.02242,0.01209,-0.10303,0.10614,49.1144,-0.21703,1.14785,0.24764,30.18696,341.0161,51.03434,-0.79786,-0.03304,-0.24712,0.83591,138.2465,-0.06228,1.22391,0.18275,6.26415,331.2758,1.00116,-0.12526,-0.16129,-0.06345,0.21384,103.6247
3.14214,-0.10995,1.61169,-0.03024,10.51,285.517,0.8549,-0.00204,-0.00757,-0.08729,0.08764,34.827,-0.23801,1.15328,0.23965,25.71321,334.7907,48.70266,-0.90182,0.16635,-0.33909,0.97772,253.4626,-0.06417,1.22197,0.18234,6.75984,330.2353,1.30319,-0.09675,-0.09997,-0.03069,0.14247,60.86172
3.16437,-0.10938,1.61129,-0.03184,10.75291,284.8663,0.92856,0.02034,-0.0146,-0.07405,0.07817,31.82827,-0.256,1.1566,0.2296,21.24584,331.7238,48.91485,-0.8224,0.1379,-0.42099,0.93413,232.3259,-0.06491,1.22296,0.18264,5.32376,330.0259,3.30217,-0.04485,0.01738,0.00517,0.04837,90.12353
3.18659,-0.10886,1.61095,-0.03329,10.99252,284.1785,0.85165,0.02375,-0.01586,-0.06636,0.07224,31.59855,-0.27098,1.15537,0.22193,19.31146,328.4222,44.83266,-0.70549,-0.00034,-0.35269,0.78874,204.1532,-0.06473,1.22344,0.18446,4.94721,329.9583,4.22274,-0.00347,0.01973,0.06706,0.06999,48.9346
3.20881,-0.10815,1.61078,-0.03406,11.26552,283.7777,0.70469,0.02997,-0.00868,-0.04035,0.051,22.95993,-0.28241,1.15375,0.21633,16.87065,325.7872,38.04686,-0.55475,-0.05884,-0.28104,0.62465,276.3065,-0.06461,1.22512,0.18597,4.27546,329.4861,3.57286,0.00194,0.06423,0.06651,0.09248,36.21112
3.23103,-0.1074,1.61088,-0.03432,11.35192,283.5417,0.47397,0.03328,0.0014,-0.01825,0.03798,15.4778,-0.29204,1.14967,0.2095,14.80921,322.6324,29.38815,-0.46066,-0.16379,-0.30349,0.57544,371.8405,-0.06436,1.22632,0.18795,4.17415,329.2985,2.73903,0.00492,0.05141,0.08621,0.10049,34.5457
3.25325,-0.10656,1.61089,-0.0345,11.40515,283.321,0.32784,0.03935,0.00124,-0.00613,0.03985,10.9859,-0.30166,1.14113,0.20218,15.52325,320.6324,25.17214,-0.43473,-0.359,-0.32312,0.64983,209.6607,-0.06444,1.2278,0.19,3.68983,329.1863,3.0783,0.00056,0.07107,0.09514,0.11876,23.05491
3.27548,-0.10524,1.61115,-0.03344,11.4884,283.6217,0.30363,0.05242,0.0088,0.03311,0.06262,9.86378,-0.30733,1.12249,0.19497,22.26221,322.7518,29.97645,-0.31939,-0.65258,-0.32763,0.797,210.5805,-0.06406,1.23058,0.1919,2.55289,329.2197,3.67037,0.00739,0.09898,0.08499,0.13068,44.42954
3.2977,-0.10412,1.61135,-0.03182,11.633,284.3313,0.16547,0.05108,0.0089,0.06624,0.08412,29.22954,-0.31169,1.11241,0.18793,23.85822,326.2451,37.63609,-0.22402,-0.47325,-0.3211,0.61421,277.0489,-0.06411,1.23208,0.19393,2.1221,329.1184,4.34332,0.00154,0.07664,0.08826,0.1169,34.42453
3.31992,-0.10289,1.61142,-0.02972,11.85729,285.2332,359.9831,0.05378,0.00423,0.08482,0.10053,39.15817,-0.31795,1.10663,0.17907,22.60505,326.1527,40.38104,-0.26446,-0.31086,-0.38659,0.56216,152.2172,-0.06398,1.2339,0.19554,1.42012,328.6876,3.88046,0.00529,0.0792,0.07738,0.11085,34.36967
3.34214,-0.10128,1.61107,-0.02672,12.27359,286.6872,359.6283,0.0683,-0.01268,0.12373,0.1419,65.81802,-0.32177,1.10078,0.17048,20.86521,322.9499,34.75896,-0.17552,-0.27799,-0.3793,0.50195,191.9263,-0.0627,1.23539,0.19786,1.13778,328.769,1.99108,0.05203,0.08273,0.10297,0.14196,74.0082
3.36436,-0.09927,1.6102,-0.02284,12.91865,288.7733,359.0763,0.08659,-0.03427,0.16548,0.18989,98.60762,-0.32428,1.09365,0.16415,19.16498,319.7664,26.33003,-0.1142,-0.31336,-0.29869,0.44771,341.0307,-0.06092,1.23888,0.20042,359.5483,329.3091,359.9128,0.07511,0.13973,0.11236,0.1944,112.1215
3.38659,-0.09626,1.60849,-0.01732,14.12852,291.8823,358.6359,0.12778,-0.07005,0.23558,0.277,145.9043,-0.32387,1.08751,0.15979,18.06972,316.2,15.27839,0.01097,-0.2789,-0.2079,0.34803,451.4846,-0.05719,1.24197,0.20361,357.1493,331.3507,357.3965,0.16455,0.14172,0.14066,0.25874,177.2961
3.40881,-0.09301,1.60693,-0.01108,15.28831,295.3818,358.3977,0.14181,-0.06831,0.27167,0.31397,164.1687,-0.32475,1.07974,0.15483,18.42257,315.2523,13.99027,-0.02353,-0.33512,-0.21647,0.39965,139.8984,-0.0508,1.24549,0.20666,353.484,335.2086,354.6455,0.27303,0.15553,0.14188,0.34476,252.5983
3.43104,-0.0892,1.60556,-0.00409,16.35188,299.5148,358.0266,0.17116,-0.06592,0.31403,0.36367,196.6321,-0.32442,1.06959,0.15126,19.67327,317.2,18.29175,0.01162,-0.43662,-0.16975,0.4686,130.8295,-0.04315,1.24679,0.20984,351.4859,341.121,354.547,0.32048,0.06653,0.1427,0.35707,255.0033
3.45325,-0.08448,1.60356,0.00293,17.77572,304.1361,357.9174,0.20751,-0.08765,0.3204,0.39166,217.7054,-0.32266,1.06143,0.14795,20.81126,318.8212,19.25303,0.05605,-0.37694,-0.15951,0.41312,77.29783,-0.04189,1.24463,0.21152,352.1491,341.5853,354.7193,0.12855,-0.04049,0.088,0.16096,74.92838
3.47548,-0.07886,1.60069,0.01032,19.35563,309.3614,358.1911,0.24838,-0.12388,0.33475,0.43485,241.439,-0.31954,1.05341,0.1461,23.01478,321.0094,21.07133,0.14375,-0.36196,-0.08339,0.39829,146.2518,-0.04229,1.24217,0.21147,354.0544,339.1513,355.2394,-0.00654,-0.12123,0.01511,0.12234,130.6859
3.4977,-0.07328,1.59896,0.0177,20.12709,314.5731,358.3926,0.24709,-0.08418,0.33017,0.42089,231.2154,-0.31269,1.04807,0.14727,23.29528,325.2003,25.91611,0.2677,-0.27689,0.01964,0.38563,196.4315,-0.04266,1.24174,0.20955,355.4297,334.3672,353.542,0.01088,-0.03249,-0.04989,0.06052,183.5478
3.51992,-0.06788,1.59758,0.02428,20.72135,319.1042,358.565,0.24773,-0.06832,0.30347,0.39766,211.0429,-0.30636,1.04426,0.14751,23.57331,326.3686,23.38145,0.26243,-0.19505,0.00073,0.32698,104.6103,-0.0391,1.24117,0.2105,356.4471,333.2321,350.4391,0.12199,-0.0367,0.02514,0.12985,152.9251
3.54214,-0.0613,1.59571,0.02984,21.82236,323.8996,358.833,0.28388,-0.0809,0.26058,0.39374,215.6644,-0.30224,1.04357,0.14679,23.2217,324.5666,19.85778,0.19366,-0.09213,-0.02696,0.21615,91.58945,-0.03442,1.23796,0.21361,358.3616,333.1887,346.5738,0.18374,-0.10769,0.10774,0.23867,165.7004
3.56436,-0.05488,1.59372,0.03472,22.87124,328.6232,359.2007,0.2816,-0.08568,0.23173,0.37462,210.8223,-0.29891,1.04063,0.14705,23.66393,325.2636,23.69786,0.16212,-0.13457,-0.003,0.21071,90.43862,-0.02942,1.2349,0.21645,0.34169,334.087,344.8736,0.21019,-0.12551,0.11611,0.27095,125.8067
3.58659,-0.04841,1.5921,0.03891,23.56881,333.0575,359.3816,0.28932,-0.07488,0.19783,0.3584,201.444,-0.29246,1.03656,0.14801,25.40557,328.5652,30.58607,0.26473,-0.16711,0.02847,0.31435,239.1094,-0.02172,1.23054,0.21921,2.50226,336.6367,343.5432,0.29473,-0.16799,0.11503,0.35821,139.7551
3.60881,-0.04159,1.59065,0.04266,24.21299,337.4897,359.4702,0.3019,-0.06864,0.1773,0.35677,200.03,-0.28591,1.03486,0.14772,25.81928,331.2516,37.94733,0.27071,-0.10661,-0.00485,0.29099,272.8745,-0.01606,1.225,0.2201,4.95244,337.2351,342.209,0.25074,-0.22328,0.05346,0.33997,122.9114
3.63103,-0.03442,1.58896,0.04632,24.90373,342.1432,0.04026,0.32145,-0.07489,0.1654,0.36918,202.0906,-0.28186,1.02929,0.1494,28.13533,330.4259,38.81396,0.20999,-0.22666,0.0721,0.31728,126.7096,-0.01109,1.22205,0.22016,6.1472,338.1746,343.2185,0.23842,-0.14719,0.01608,0.28066,79.85984
3.65325,-0.02659,1.58732,0.04895,25.35888,346.7463,0.83555,0.34512,-0.07276,0.12587,0.37449,196.6968,-0.26803,1.02111,0.16077,34.03987,335.5114,32.71082,0.55959,-0.34121,0.44329,0.79125,411.4384,-0.00203,1.22184,0.22026,5.43631,341.2894,345.0768,0.36973,-0.04081,0.00566,0.37202,124.5796
3.67547,-0.01923,1.58631,0.05136,25.62526,351.0723,1.10526,0.33378,-0.0515,0.11357,0.35631,191.2199,-0.25994,1.01554,0.16774,36.80418,336.3257,29.04207,0.40252,-0.27082,0.32364,0.58319,241.7323,0.00575,1.2207,0.21974,5.37245,340.9156,343.1194,0.34361,-0.05339,-0.01363,0.348,59.75514
3.69769,-0.01176,1.58564,0.05262,25.90031,355.1836,1.01519,0.33635,-0.03535,0.06593,0.34457,187.3277,-0.25111,1.01163,0.1749,36.5022,337.5734,27.11869,0.42065,-0.19487,0.33773,0.57357,158.0594,0.01469,1.22072,0.21968,5.37271,342.9818,341.6646,0.40532,-0.00045,-0.00304,0.40533,108.577
3.71991,-0.0046,1.58472,0.05367,26.25011,359.2043,1.06576,0.32458,-0.04035,0.05384,0.33148,182.2074,-0.23983,1.00712,0.18162,36.82702,340.8544,26.43384,0.47079,-0.20321,0.3008,0.59449,158.8572,0.02353,1.22071,0.21973,5.58169,345.7674,342.5172,0.38914,-0.00714,0.001,0.38921,107.2609
3.74213,0.00224,1.58403,0.05326,26.52104,2.75939,1.14517,0.31099,-0.03138,-0.00583,0.31262,161.4807,-0.2307,1.0042,0.18691,34.905,341.5053,24.68737,0.41738,-0.16024,0.24764,0.51109,110.4123,0.03299,1.22087,0.22034,5.83359,349.4482,344.8286,0.41741,-0.00077,0.01926,0.41785,166.2015
3.76435,0.00862,1.58378,0.05299,26.42652,5.95889,1.38273,0.29098,-0.01432,-0.01366,0.29165,142.6445,-0.22165,0.99644,0.19063,35.72084,342.2403,23.15412,0.41611,-0.32405,0.18608,0.55927,107.6512,0.04177,1.22217,0.21991,5.39648,352.3877,346.8612,0.39168,0.05306,-0.01741,0.39564,145.8406
3.78658,0.01466,1.58342,0.05243,26.45573,8.96188,1.54813,0.2739,-0.01514,-0.02842,0.27579,132.5285,-0.2093,0.98563,0.19461,37.58312,344.1733,20.48007,0.5455,-0.47399,0.17831,0.74434,190.7822,0.04899,1.22606,0.21713,3.4621,353.176,347.0968,0.34134,0.15812,-0.10754,0.39125,97.97209
3.80879,0.01994,1.58299,0.051,26.71189,11.50952,1.55815,0.24927,-0.01937,-0.04834,0.25465,122.2141,-0.19576,0.97709,0.19836,37.62,346.334,16.24212,0.59053,-0.40393,0.17035,0.73546,237.1119,0.05615,1.22826,0.21522,2.72412,354.6008,348.333,0.32386,0.10803,-0.08749,0.35244,85.37144
3.83101,0.02462,1.58275,0.04926,26.8896,13.60432,1.42935,0.22051,-0.01246,-0.06893,0.23137,103.7067,-0.18076,0.96726,0.2009,37.28784,348.6788,10.34578,0.64529,-0.43833,0.12589,0.79018,306.7904,0.06375,1.23007,0.21367,2.10834,356.5337,350.208,0.34154,0.08608,-0.07224,0.35955,113.2043
3.85323,0.02946,1.58262,0.04796,26.90115,15.77382,1.25464,0.21741,-0.00687,-0.06191,0.22615,101.2527,-0.17051,0.95393,0.20053,39.49393,349.9795,9.01247,0.49225,-0.56599,0.0134,0.75022,161.6673,0.07262,1.23207,0.212,1.28967,359.174,351.9174,0.38141,0.08736,-0.07616,0.39863,131.0995
3.87545,0.03401,1.58252,0.04658,26.87872,17.80517,0.87529,0.20732,-0.00542,-0.06212,0.2165,100.5362,-0.16207,0.93975,0.19855,42.68918,350.8452,8.8616,0.40715,-0.62499,-0.07499,0.74967,146.2489,0.07968,1.23551,0.20899,359.8735,0.16211,352.2614,0.32982,0.15069,-0.12729,0.3843,86.79062
3.89768,0.04103,1.58231,0.03712,26.9583,19.92889,0.43587,0.20691,-0.00863,-0.06403,0.21676,103.6067,-0.14928,0.9286,0.18882,44.45501,352.9363,7.31493,0.4527,-0.52542,-0.08199,0.69837,161.161,0.08914,1.23772,0.19842,359.2196,1.16191,352.5081,0.31946,0.10778,-0.11447,0.35605,60.51435
3.9199,0.05205,1.58197,0.02049,27.20085,21.81953,0.18817,0.1995,-0.0146,-0.06276,0.20964,94.47752,-0.13265,0.92083,0.17252,43.44816,354.5475,3.29444,0.44182,-0.38576,-0.05942,0.58954,208.7217,0.10338,1.23868,0.18071,359.2784,2.25326,352.2089,0.33588,0.05525,-0.11353,0.35883,48.79412
3.94212,0.06599,1.58152,-0.00104,27.35803,23.67376,0.0205,0.19916,-0.0187,-0.06473,0.21024,88.96611,-0.11872,0.91084,0.14993,45.98706,355.2517,4.88263,0.25453,-0.43247,-0.09433,0.5106,88.93615,0.12021,1.23899,0.15822,359.7226,3.17785,351.5109,0.32885,0.02072,-0.10912,0.3471,52.19542
3.96433,0.07902,1.5811,-0.02281,27.4819,25.54705,359.8223,0.19548,-0.0189,-0.0608,0.20559,88.91279,-0.10737,0.90227,0.12758,48.72933,355.393,8.39462,0.15739,-0.39272,-0.08496,0.43153,152.8,0.13541,1.23922,0.13538,0.17695,3.93442,351.2469,0.29838,0.01437,-0.10997,0.31833,42.33075
3.98655,0.09121,1.58071,-0.04481,27.50968,27.32538,359.5282,0.18429,-0.01742,-0.06102,0.19491,87.83872,-0.09562,0.89618,0.10598,49.94735,354.9916,8.74703,0.1747,-0.3052,-0.05235,0.35554,74.43818,0.14967,1.24075,0.11153,359.4382,5.12522,352.0843,0.28303,0.05894,-0.13602,0.3195,61.21449
4.00877,0.10272,1.58033,-0.06702,27.65333,29.14117,359.3009,0.17697,-0.01768,-0.05964,0.18758,86.24674,-0.08022,0.89216,0.08469,49.78632,356.4907,6.63719,0.3184,-0.21157,-0.0249,0.38309,110.9742,0.16273,1.24312,0.08694,358.0184,6.4347,353.8196,0.25641,0.09247,-0.15661,0.31436,100.6511
4.03099,0.11336,1.57988,-0.08961,27.91001,30.89191,359.3116,0.16601,-0.01914,-0.0664,0.17982,80.83083,-0.06429,0.88876,0.06323,48.96699,358.425,3.83769,0.3807,-0.16689,-0.0202,0.41616,181.8388,0.17474,1.24568,0.06207,356.5536,7.79339,355.7116,0.23221,0.10905,-0.16615,0.30565,114.631
4.05321,0.12295,1.57939,-0.11275,28.22448,32.34207,359.5634,0.14217,-0.02134,-0.08048,0.16475,65.47253,-0.051,0.88397,0.04119,48.48096,358.8479,359.6808,0.31239,-0.20368,-0.03227,0.37432,203.5312,0.18604,1.24778,0.0376,355.6823,8.42724,356.1398,0.22352,0.09722,-0.15009,0.28625,67.38223
4.07543,0.13161,1.57936,-0.13554,28.22821,33.41484,359.7739,0.11701,-0.0047,-0.06845,0.13565,50.01218,-0.04119,0.87855,0.01878,47.32416,357.0767,352.5756,0.1919,-0.24005,-0.05014,0.31139,253.6568,0.19738,1.24931,0.01378,355.6093,8.87144,354.8926,0.23051,0.07411,-0.11995,0.27022,42.53868
4.09765,0.13963,1.5798,-0.15826,28.02981,34.32877,359.8649,0.09264,0.02056,-0.05746,0.11093,36.57274,-0.03163,0.871,-0.00554,47.76629,356.8609,348.3363,0.17831,-0.31691,-0.1103,0.37999,197.5982,0.20837,1.25068,-0.00976,355.7208,9.74169,354.1005,0.22996,0.06405,-0.09794,0.25802,46.97526
4.11987,0.14691,1.58052,-0.1812,27.84418,35.33833,359.8282,0.09034,0.03013,-0.06095,0.11307,44.46925,-0.02355,0.86342,-0.02964,48.3207,357.7328,347.1498,0.13349,-0.33204,-0.11074,0.37461,108.0014,0.2183,1.25284,-0.03354,355.1447,10.69509,353.8563,0.21245,0.09237,-0.09978,0.25224,48.12061
4.14209,0.15427,1.5812,-0.20446,27.6175,36.2529,359.8447,0.09719,0.03017,-0.07152,0.12438,41.9281,-0.01754,0.85557,-0.05392,48.65812,357.5686,344.766,0.06264,-0.34698,-0.11812,0.37185,110.0468,0.22729,1.25557,-0.05746,354.2421,11.38783,353.882,0.18085,0.11491,-0.10269,0.2376,48.31023
4.16431,0.16186,1.58171,-0.2276,27.37545,37.09543,359.9304,0.10196,0.02364,-0.07059,0.12625,39.73154,-0.01128,0.84764,-0.07888,48.60945,356.6996,339.2918,0.05099,-0.35344,-0.14483,0.38536,197.6008,0.23579,1.25827,-0.08099,353.4451,11.96593,354.1703,0.15134,0.1171,-0.09052,0.21169,45.92672
4.18653,0.17096,1.58222,-0.24984,27.1,37.47285,359.8703,0.06749,0.0218,-0.06648,0.09721,25.64095,-0.00271,0.83951,-0.10362,48.9612,356.8394,334.6805,0.0291,-0.36583,-0.17484,0.40651,198.3145,0.24606,1.26028,-0.10307,352.8669,12.49246,354.7935,0.11503,0.09545,-0.06138,0.16158,46.81915
4.20875,0.18181,1.5826,-0.27118,26.89791,38.02691,359.6915,0.05689,0.01957,-0.06196,0.08636,30.21055,0.00692,0.83225,-0.12784,50.43682,357.9748,334.6424,0.00341,-0.33707,-0.18827,0.3861,98.70393,0.25794,1.26199,-0.12362,352.2972,13.37497,355.911,0.10611,0.08202,-0.03561,0.13876,65.49767
4.24208,0.20116,1.58333,-0.30154,26.63005,39.04778,359.2801,0.05614,0.02115,-0.06087,0.08547,36.5075,0.02093,0.82401,-0.16135,51.89468,356.6721,331.0153,-0.07754,-0.26964,-0.16344,0.3247,92.1597,0.27721,1.26506,-0.1527,351.3013,13.79162,356.781,0.06652,0.08956,-0.02565,0.11447,47.56543
4.2643,0.21541,1.58364,-0.32104,26.59319,39.51254,359.2642,0.05971,0.01524,-0.06265,0.08787,25.13253,0.03013,0.82059,-0.18041,51.59103,354.6233,327.1223,-0.13323,-0.19054,-0.08028,0.24597,105.6723,0.29032,1.26664,-0.17084,351.089,13.50975,356.6493,0.03249,0.07729,-0.01114,0.08458,16.46824
4.28652,0.23091,1.58378,-0.33908,26.6758,39.82608,359.2577,0.04789,0.00827,-0.05562,0.07386,16.80897,0.04056,0.81937,-0.1977,51.43018,352.5543,324.8099,-0.15785,-0.09172,-0.04122,0.18716,66.62029,0.30455,1.26805,-0.18669,351.119,13.23698,356.7102,0.0004,0.06805,0.03184,0.07513,10.65867
4.30874,0.24702,1.5841,-0.35568,26.68123,39.98184,359.1699,0.02937,0.01474,-0.03558,0.04844,11.42575,0.05372,0.82096,-0.21366,51.90981,352.1797,326.3089,-0.11007,0.03879,-0.00926,0.11707,58.56258,0.31996,1.27007,-0.20191,350.6252,13.23512,357.4418,-0.01108,0.0867,0.03264,0.0933,34.48577
4.33096,0.2638,1.58469,-0.37157,26.50222,40.2202,358.987,0.03166,0.02473,-0.02424,0.04693,15.60546,0.06876,0.82252,-0.22867,51.97408,352.6203,328.0606,-0.05834,0.06906,0.01333,0.09139,64.31937,0.33572,1.27252,-0.21711,349.8074,13.21185,358.2975,-0.01891,0.10929,0.01452,0.11186,52.69572
4.35318,0.28125,1.58535,-0.38615,26.18223,40.18127,358.8793,0.0286,0.02812,-0.01005,0.04135,13.43056,0.08613,0.82643,-0.24168,51.41949,353.6701,329.878,-0.00247,0.13507,0.04546,0.14253,51.41788,0.35129,1.27596,-0.23165,348.4723,12.62182,358.8189,-0.04078,0.13748,0.00291,0.14344,58.17254
4.3754,0.2997,1.58597,-0.39924,25.9052,40.0469,358.9034,0.02291,0.02791,-0.0017,0.03614,13.59914,0.10395,0.82971,-0.25382,50.7658,354.2062,330.8723,-0.00624,0.13972,0.04001,0.14547,42.40517,0.36828,1.27832,-0.2442,347.7267,12.13944,359.475,-0.03831,0.11283,0.01615,0.12025,48.75869
4.39762,0.31914,1.5865,-0.40986,25.60817,39.73137,358.9242,0.0118,0.02478,0.00861,0.02877,16.76788,0.12274,0.83203,-0.26388,50.26865,354.5964,330.8466,-0.01493,0.11032,0.03386,0.11636,27.44038,0.3869,1.27988,-0.25363,347.1508,12.25674,0.3635,-0.0244,0.07958,0.0565,0.1006,46.01574
4.41985,0.34022,1.58703,-0.41717,25.41822,39.57595,358.8577,0.01202,0.0237,0.0051,0.02706,11.11971,0.14349,0.83403,-0.27127,49.84154,355.1814,330.979,-0.01263,0.09095,0.01101,0.09249,24.86129,0.40772,1.28193,-0.26042,346.4355,12.27276,0.86612,-0.01104,0.09011,0.03611,0.0977,41.14359
4.44207,0.36068,1.58735,-0.4237,25.38457,39.19215,358.7178,-0.02596,0.01762,0.03539,0.0473,17.69056,0.16348,0.83632,-0.27863,48.87879,355.4722,330.1361,-0.04404,0.10747,-0.00262,0.11617,67.37041,0.42824,1.28164,-0.26497,346.6412,11.63412,359.4001,-0.02208,-0.01433,0.12388,0.12665,77.92366
4.46429,0.38174,1.58738,-0.43006,25.35445,38.82035,358.6501,-0.01011,0.00501,0.0203,0.02322,15.85731,0.18256,0.83677,-0.28552,48.63667,355.4435,330.0449,-0.08454,0.0363,-0.0098,0.09252,17.91335,0.4492,1.28062,-0.2688,347.3352,11.29468,358.6888,-0.01008,-0.03937,0.13005,0.13625,52.10054
4.48651,0.40286,1.58736,-0.43627,25.37769,38.51327,358.5328,-0.00588,0.00027,0.01855,0.01946,13.25401,0.20035,0.83627,-0.29288,48.85013,354.654,329.996,-0.13598,-0.00608,-0.028,0.13897,22.14916,0.47146,1.27979,-0.27252,347.6714,11.92259,358.5553,0.03587,-0.03088,0.125,0.13367,25.23057
4.50873,0.424,1.58748,-0.44209,25.37157,38.23088,358.4052,-0.00621,0.00507,0.02461,0.02588,11.73938,0.21737,0.83499,-0.30008,48.69601,353.291,328.7293,-0.17998,-0.05051,-0.03341,0.1899,36.13956,0.49387,1.27968,-0.27654,347.7236,12.42638,358.0313,0.04431,-0.01534,0.11331,0.12263,27.35244
4.53095,0.44533,1.58772,-0.44772,25.34034,37.96873,358.3123,-0.00079,0.00926,0.02787,0.02937,10.78341,0.23393,0.83296,-0.307,48.47862,351.6704,327.1461,-0.20833,-0.08414,-0.03091,0.2268,48.49461,0.51471,1.27971,-0.28066,347.8596,11.93791,357.4319,-0.01082,0.0004,0.0993,0.09989,31.61859
4.55318,0.4666,1.58771,-0.4534,25.42236,37.66002,358.257,-0.00227,0.00146,0.02786,0.02799,13.09968,0.24963,0.83004,-0.315,49.00418,349.5507,326.0476,-0.23941,-0.11781,-0.06971,0.27578,61.95827,0.5341,1.28063,-0.28534,347.4463,11.01104,357.675,-0.07016,0.0319,0.079,0.11037,37.04665
4.5754,0.48775,1.58756,-0.45868,25.58488,37.27525,358.3149,-0.00836,-0.00388,0.03281,0.03408,17.74489,0.26639,0.82783,-0.32303,49.20396,347.9552,324.8022,-0.21729,-0.10639,-0.08616,0.25682,51.83482,0.55451,1.28149,-0.28953,347.1766,10.85711,358.1485,-0.04981,0.03765,0.08402,0.10468,22.68022
4.59762,0.50886,1.58755,-0.46381,25.70354,36.94982,358.3583,-0.01231,-0.00142,0.03765,0.03963,16.5086,0.28292,0.82528,-0.33131,49.3639,345.9534,322.8354,-0.21749,-0.11259,-0.09939,0.26431,59.73927,0.57508,1.28234,-0.29346,347.0431,10.73038,358.4048,-0.0418,0.03705,0.0916,0.10728,14.72624
4.61984,0.5296,1.58753,-0.46829,25.79623,36.42501,358.3287,-0.0255,-0.00118,0.0549,0.06054,21.61778,0.3004,0.82268,-0.34003,49.62668,344.2705,320.7424,-0.18465,-0.11267,-0.1194,0.24708,59.63853,0.59547,1.28266,-0.29716,347.1931,10.26144,358.3228,-0.04595,0.01928,0.09455,0.10688,20.38264
4.64206,0.55058,1.58748,-0.47254,25.85941,35.87582,358.2843,-0.02144,-0.00139,0.04831,0.05287,21.60096,0.3182,0.82058,-0.34796,49.76346,342.7497,318.9422,-0.17544,-0.09549,-0.1102,0.22812,53.27511,0.61621,1.28303,-0.30054,347.2321,9.88074,358.2294,-0.03842,0.01845,0.09177,0.10118,17.82307
4.66428,0.571,1.58711,-0.47588,25.9957,34.73777,358.0739,-0.05862,-0.01666,0.09073,0.10929,52.36012,0.33708,0.818,-0.3556,49.86069,341.3885,317.4925,-0.12213,-0.12004,-0.11605,0.20687,45.22169,0.63802,1.28415,-0.30424,346.5406,10.24968,358.6173,0.0077,0.04976,0.06561,0.0827,39.80302
4.6865,0.59178,1.58685,-0.47914,26.08833,33.90992,357.977,-0.04511,-0.01359,0.07024,0.08457,39.33859,0.3565,0.8164,-0.36288,50.12635,340.5107,316.671,-0.10261,-0.08179,-0.11667,0.17559,31.17047,0.66084,1.28423,-0.30667,346.8259,10.9421,358.5631,0.04826,0.01067,0.09716,0.10901,31.47129
4.70872,0.61258,1.58672,-0.48213,26.18577,33.18433,357.7693,-0.04267,-0.00672,0.06924,0.08161,31.57252,0.37721,0.8157,-0.36951,50.03486,340.3021,316.2808,-0.06318,-0.04669,-0.09897,0.12635,15.32163,0.68389,1.28421,-0.30875,347.1993,11.49416,358.1187,0.05876,0.00035,0.10924,0.12404,32.02079
4.73096,0.6335,1.58674,-0.48504,26.30385,32.55681,357.586,-0.03991,-0.00142,0.06638,0.07747,27.37669,0.39784,0.81483,-0.37557,49.95353,339.9534,315.8485,-0.05449,-0.03944,-0.07914,0.10387,13.66555,0.70726,1.28427,-0.31055,347.3521,12.44902,358.0874,0.06925,0.00174,0.11522,0.13444,41.45984
4.75317,0.65474,1.58647,-0.48823,26.44559,32.1578,357.6506,-0.02781,-0.00915,0.05142,0.05917,21.83801,0.41974,0.81485,-0.38102,49.98541,340.2941,316.3936,-0.01415,-0.01071,-0.06498,0.06736,9.94754,0.73099,1.28539,-0.31282,346.5312,14.0992,358.8262,0.07624,0.04252,0.09083,0.12598,69.9036
4.77539,0.67629,1.58618,-0.49139,26.50834,31.99025,357.8222,-0.01699,-0.01212,0.04144,0.0464,14.54247,0.44123,0.81474,-0.38621,50.18849,340.073,316.8264,-0.01863,-0.00934,-0.05544,0.05923,22.58971,0.75457,1.28619,-0.31499,346.2657,14.59985,357.7022,0.07607,0.03532,0.08721,0.121,42.90024
4.79761,0.69783,1.5859,-0.4945,26.61508,31.94705,357.9625,-0.0159,-0.01284,0.03501,0.04054,9.2122,0.46264,0.81448,-0.39062,49.96668,339.7397,316.5694,-0.01782,-0.00966,-0.02794,0.03452,11.35772,0.77774,1.28575,-0.3161,347.0313,14.07925,355.8649,0.06266,-0.00272,0.11168,0.12809,73.42154
4.81984,0.71919,1.5857,-0.49755,26.70452,31.88489,358.0436,-0.02191,-0.00955,0.03601,0.04322,6.82813,0.48433,0.8144,-0.39504,49.83041,339.4429,316.2639,-0.01052,-0.0042,-0.02639,0.02872,10.82945,0.8006,1.28552,-0.31763,347.3413,13.51766,354.369,0.04867,-0.0079,0.1064,0.11727,70.75014
4.84206,0.74082,1.58563,-0.5006,26.7009,31.83632,357.9991,-0.01265,-0.00477,0.03563,0.03811,1.70703,0.50614,0.81433,-0.39942,49.90411,339.1791,316.4345,-0.00331,-0.0023,-0.02285,0.02321,15.75291,0.82447,1.2857,-0.31968,346.9952,14.1497,353.6337,0.07878,0.00423,0.08799,0.11818,41.62437
4.86428,0.76252,1.58555,-0.50361,26.66602,31.68929,357.9233,-0.01014,-0.00399,0.03544,0.03708,4.96155,0.52809,0.81416,-0.40341,50.02874,339.0477,317.1843,-0.00052,-0.00481,-0.01131,0.0123,31.37359,0.84677,1.28474,-0.32049,346.9573,13.30281,352.1576,0.0403,-0.03157,0.12068,0.13109,60.17453
4.8865,0.78412,1.58544,-0.50675,26.69099,31.48333,357.8362,-0.01198,-0.00453,0.03415,0.03648,7.55532,0.54991,0.81415,-0.40742,49.94424,338.8238,317.4514,-0.00225,-0.0003,-0.00714,0.00749,22.20161,0.87181,1.28442,-0.32335,346.4997,15.24762,352.1119,0.12228,-0.0195,0.06273,0.13881,67.84353
4.90872,0.80574,1.58547,-0.50988,26.69383,31.3887,357.7171,-0.01251,-0.00028,0.03118,0.0336,5.34649,0.57186,0.81405,-0.41112,49.71159,338.5167,317.1874,0.00071,-0.00524,-0.00113,0.00541,12.08235,0.89506,1.2839,-0.32498,346.6458,15.25811,351.1737,0.07535,-0.02544,0.0919,0.12153,30.47916
4.93094,0.82745,1.58561,-0.51287,26.61673,31.38129,357.6271,-0.00932,0.00484,0.03102,0.03275,4.15958,0.59395,0.81344,-0.41476,49.72569,338.1646,317.0746,0.0056,-0.02196,-0.00057,0.02267,13.35725,0.92024,1.28101,-0.3252,348.4791,16.19172,350.5061,0.1336,-0.1021,0.13695,0.21686,74.47569
4.95316,0.84933,1.58573,-0.51592,26.50617,31.42353,357.6256,-0.00279,0.00496,0.03279,0.03328,4.51456,0.61627,0.81306,-0.41859,49.8416,338.0614,317.2155,0.01781,-0.01629,-0.00004,0.02413,10.74399,0.94566,1.27942,-0.32695,349.2777,17.82909,350.2513,0.14286,-0.07162,0.09791,0.18742,69.91138
4.97537,0.87126,1.58583,-0.51911,26.46429,31.5719,357.6394,0.00101,0.00376,0.02971,0.02997,5.35865,0.63883,0.81269,-0.42241,50.05497,338.1139,317.5302,0.02833,-0.01674,0.0004,0.03291,14.44725,0.96604,1.27817,-0.32805,350.1103,15.27777,348.3549,-0.03515,-0.06919,0.12559,0.14763,126.8471
4.99759,0.89319,1.58596,-0.52236,26.37859,31.67789,357.6655,0.00147,0.00591,0.02904,0.02967,5.98054,0.66096,0.8125,-0.426,50.02405,337.8273,317.3967,0.01472,-0.01157,0.00833,0.02049,8.80989,0.99034,1.27705,-0.33048,350.7863,16.0464,348.3745,0.08718,-0.05357,0.07781,0.12855,37.88246
5.01981,0.91503,1.58644,-0.52546,26.14622,31.86772,357.7324,-0.00099,0.01877,0.0321,0.0372,12.20867,0.68312,0.81212,-0.42935,50.12633,337.5379,317.091,0.01354,-0.01508,0.01742,0.02673,8.01665,1.01537,1.27641,-0.3328,351.0725,16.77972,347.223,0.12083,-0.04137,0.07589,0.14856,50.41572
5.04203,0.93714,1.58686,-0.52868,25.89973,32.13561,357.8368,0.0081,0.01824,0.03162,0.03739,14.62296,0.70553,0.81191,-0.43276,50.19157,337.5496,317.0737,0.02237,-0.01134,0.02163,0.03311,2.91033,1.04089,1.27544,-0.33531,351.6289,18.00002,346.5291,0.14975,-0.03833,0.06532,0.16781,57.78986
5.06425,0.95929,1.58718,-0.53219,25.78523,32.46788,357.9504,0.0117,0.01454,0.02566,0.03173,13.59261,0.72843,0.81168,-0.43614,50.13589,338.1208,317.4101,0.04104,-0.01014,0.0281,0.05076,12.63976,1.06384,1.27586,-0.33846,351.3839,16.92276,344.199,0.07104,-0.00539,0.05163,0.08798,92.25112
5.08648,0.9812,1.58736,-0.53594,25.66716,32.64784,358.0094,0.00658,0.00997,0.02782,0.03028,9.89977,0.7509,0.81154,-0.43993,50.10316,338.234,317.3947,0.03194,-0.00653,0.02511,0.04115,5.36786,1.08748,1.27496,-0.34125,351.9736,16.75658,343.0634,0.08136,-0.0301,0.06647,0.10928,64.90508
5.1087,1.00318,1.58737,-0.54,25.7523,32.77095,357.9908,0.01079,0.00261,0.02199,0.02463,8.17519,0.77323,0.81184,-0.44218,49.65298,338.3519,316.8439,0.02613,0.01253,0.09788,0.10208,36.36135,1.11464,1.2731,-0.34468,353.3714,18.62924,341.5203,0.2404,-0.08257,0.04163,0.25757,119.079
5.13093,1.02514,1.5875,-0.54381,25.70098,32.82955,357.9391,0.00881,0.00536,0.02647,0.02841,4.26971,0.79523,0.81117,-0.44548,49.94255,338.3783,317.2801,0.0133,-0.01953,0.06476,0.06894,6.24003,1.13946,1.27278,-0.3492,353.541,19.18047,339.5314,0.15561,-0.02551,0.00784,0.15788,89.94224
5.15314,1.04707,1.58758,-0.54776,25.60867,32.89393,357.8363,0.00841,0.00367,0.02597,0.02755,6.93231,0.81755,0.81133,-0.44853,50.01464,338.6514,317.5336,0.02481,0.00169,0.06952,0.07384,8.58147,1.16286,1.27146,-0.3527,354.3017,19.15431,339.3119,0.08607,-0.05368,0.03756,0.10817,36.00565
5.17538,1.06905,1.58762,-0.55188,25.5894,33.00176,357.7719,0.01061,0.00253,0.02179,0.02437,6.43962,0.8397,0.81159,-0.45127,49.83604,338.8137,317.494,0.01834,0.0075,0.0788,0.08125,9.18414,1.18578,1.26989,-0.3565,355.207,19.10987,340.551,0.0636,-0.06963,0.03337,0.10003,54.96644
5.19758,1.09105,1.58764,-0.5561,25.56399,33.1523,357.7656,0.01214,0.00131,0.0192,0.02276,6.70435,0.86151,0.81176,-0.45388,49.5323,338.8285,317.4039,0.00703,0.00717,0.08837,0.08894,11.42982,1.20868,1.2677,-0.35936,356.223,18.46003,340.6511,0.049,-0.08883,0.07543,0.12642,53.18608
5.21981,1.11316,1.58762,-0.56052,25.5885,33.25221,357.7371,0.01575,-0.00072,0.01654,0.02285,5.65834,0.88342,0.81213,-0.45668,49.48355,338.9211,317.5706,0.00915,0.01404,0.08766,0.08925,5.55035,1.23237,1.26613,-0.36265,357.3975,19.40427,342.0531,0.08136,-0.07467,0.06439,0.12783,71.58316
5.24203,1.1351,1.58749,-0.56479,25.62245,33.29859,357.7026,0.01043,-0.00404,0.01641,0.01986,2.24365,0.9055,0.81223,-0.45924,49.48409,339.1343,317.7501,0.01462,0.00351,0.08959,0.09084,6.16361,1.25595,1.26597,-0.36726,357.6149,20.23606,343.0608,0.07944,-0.01776,0.01388,0.08258,49.84933
5.26425,1.15711,1.58746,-0.5691,25.5821,33.4117,357.5844,0.01259,-0.00157,0.01504,0.01968,7.72786,0.92771,0.81165,-0.46222,49.48114,339.3785,317.7124,0.02004,-0.01673,0.07953,0.0837,10.42652,1.27917,1.26698,-0.37309,357.1141,19.84927,341.8546,0.07516,0.01267,-0.03105,0.0823,32.47269
5.28647,1.17913,1.58749,-0.57374,25.55551,33.57867,357.517,0.01493,0.00075,0.01135,0.01877,8.51917,0.94991,0.81204,-0.4647,49.14796,339.8103,317.6644,0.02263,0.01281,0.10235,0.1056,21.12859,1.3023,1.26546,-0.37733,358.0321,20.01614,342.0713,0.05659,-0.04177,0.02368,0.07422,33.27321
5.3087,1.20132,1.58768,-0.57843,25.51309,33.75595,357.4678,0.02088,0.00661,0.00893,0.02365,8.53524,0.97172,0.81236,-0.46719,48.87328,339.9902,317.8155,0.00778,0.00905,0.10448,0.10516,13.1083,1.32388,1.26628,-0.38177,357.874,19.92027,343.7215,0.0079,0.02966,0.01163,0.03282,68.78869
5.33091,1.22352,1.58782,-0.58321,25.4992,33.96236,357.4811,0.02236,0.0058,0.00478,0.02359,8.51408,0.99334,0.81192,-0.47014,48.87415,339.9876,317.8899,-0.00235,-0.01764,0.08869,0.09046,3.2405,1.34581,1.26891,-0.38849,356.082,20.50418,345.7201,0.01056,0.09285,-0.05981,0.11095,92.8887
5.35313,1.24553,1.58773,-0.58794,25.5341,34.0496,357.4531,0.01653,-0.00172,0.00655,0.01787,5.60434,1.0151,0.81225,-0.47303,48.84858,340.0572,318.0172,0.0017,0.00696,0.08946,0.08974,4.36442,1.36833,1.27092,-0.39522,354.3701,20.53187,344.5032,0.03312,0.08975,-0.07626,0.12234,77.61028
5.37535,1.26743,1.5876,-0.59259,25.51741,34.0686,357.3831,0.0119,-0.0052,0.01075,0.01686,3.19389,1.0369,0.81271,-0.47592,48.66265,340.0845,317.8135,0.00494,0.0156,0.08969,0.09117,9.74304,1.39056,1.27105,-0.39993,354.7871,20.51332,344.1213,0.02361,0.0191,-0.00507,0.03079,16.2387
5.39757,1.2894,1.58761,-0.59724,25.4851,34.13097,357.2971,0.01336,-0.00076,0.01172,0.01779,5.26678,1.05884,0.81271,-0.4791,48.53057,340.1604,317.5664,0.01111,0.00373,0.0805,0.08135,13.61843,1.41184,1.27185,-0.40414,354.7312,20.48938,344.3621,-0.00582,0.04077,0.01661,0.0444,9.19417
5.4198,1.31157,1.58766,-0.60211,25.43252,34.18237,357.2693,0.02008,0.00122,0.00534,0.02081,3.27143,1.08068,0.81327,-0.48203,48.38511,340.2886,317.712,0.00839,0.02178,0.08907,0.09208,7.3895,1.43296,1.27297,-0.40907,354.2108,20.21823,344.5167,-0.02099,0.04783,0.00613,0.05259,22.31043
5.44203,1.33369,1.58764,-0.60708,25.45444,34.25759,357.2367,0.0205,-0.00093,0.00061,0.02053,3.46724,1.10253,0.81391,-0.48491,48.14511,340.4631,317.8374,0.00797,0.02531,0.09172,0.09548,10.29455,1.4545,1.27419,-0.41411,353.7088,20.41456,345.011,-0.00967,0.05632,-0.00253,0.0572,29.94166
5.46425,1.35565,1.58744,-0.61202,25.53386,34.30932,357.2119,0.01526,-0.00745,0.00204,0.0171,4.19096,1.12427,0.81396,-0.48819,48.08938,340.442,318.0062,0.00426,0.00929,0.08152,0.08215,7.4514,1.47574,1.27526,-0.41929,353.4178,19.93579,344.4148,-0.01897,0.0471,-0.00416,0.05095,29.70012
5.48647,1.37748,1.58706,-0.61699,25.65692,34.25685,357.2027,0.00907,-0.01419,0.00139,0.0169,4.65212,1.14594,0.81395,-0.49181,48.09593,340.318,317.8629,0.00191,0.00539,0.06663,0.06688,2.97824,1.49643,1.27584,-0.42401,353.5579,19.02771,343.1834,-0.0292,0.0366,-0.00012,0.04682,60.55405
5.50869,1.39934,1.58698,-0.62183,25.68988,34.23141,357.1242,0.00925,-0.005,0.00485,0.01158,3.28684,1.16767,0.81425,-0.49547,47.89956,340.2455,317.4544,0.00275,0.01059,0.06079,0.06177,14.79143,1.51778,1.27648,-0.42885,353.494,18.55167,342.3316,-0.01507,0.02938,0.00394,0.03325,45.60511
5.53092,1.4214,1.58718,-0.62669,25.59887,34.30054,356.9993,0.01627,0.00501,0.00574,0.01797,6.19612,1.1895,0.81406,-0.49957,47.81913,340.1733,317.0352,0.00716,-0.00384,0.0447,0.04543,16.26722,1.54009,1.27732,-0.43395,353.0616,19.10387,342.8654,0.01914,0.03559,-0.00219,0.04047,25.47411
5.55314,1.44344,1.58718,-0.63157,25.57561,34.36364,356.9709,0.01754,0.00128,0.00659,0.01878,3.58538,1.21154,0.81411,-0.50362,47.72855,340.2794,316.7431,0.0132,0.00409,0.04797,0.04992,16.27775,1.56225,1.27771,-0.43888,352.7901,19.57585,343.5124,0.01878,0.02472,0.00158,0.03109,29.66291
5.57535,1.46545,1.5871,-0.63656,25.56674,34.43597,357.0241,0.0165,-0.0029,0.00427,0.01729,1.63836,1.23348,0.81488,-0.50764,47.07338,340.3708,316.2925,0.01027,0.02638,0.04717,0.05501,27.66162,1.5847,1.27772,-0.44369,352.6659,20.04007,344.0808,0.02864,0.00835,0.00789,0.03086,27.99092
5.59758,1.48729,1.58686,-0.64131,25.64678,34.33091,356.9818,0.00956,-0.00899,0.01048,0.01679,3.98002,1.25467,0.81443,-0.51204,47.02746,339.9789,316.4504,-0.0103,-0.0057,0.03366,0.03566,13.54163,1.60699,1.27786,-0.4487,352.7406,19.78752,343.0212,0.02616,0.00593,0.0037,0.02708,34.40096
5.61979,1.50909,1.58664,-0.6459,25.77408,34.20284,356.9358,0.00629,-0.01018,0.01304,0.0177,7.60484,1.27623,0.81444,-0.51648,47.03832,339.8161,316.6611,-0.00595,0.00108,0.02083,0.02169,14.26338,1.62885,1.27801,-0.45327,352.7348,19.48126,342.5644,0.01362,0.00296,0.01319,0.01919,28.31293
5.64202,1.53089,1.58637,-0.65045,25.85344,34.11559,356.9313,0.00605,-0.01197,0.01696,0.02162,6.01898,1.29813,0.81437,-0.52148,47.02465,339.8036,316.5191,0.00856,-0.00424,0.00045,0.00956,3.16379,1.65138,1.27739,-0.45765,352.8915,19.97693,343.4378,0.03196,-0.02549,0.02534,0.04809,32.87818
5.66424,1.55268,1.58595,-0.65464,26.0208,34.02798,357.0007,0.00454,-0.01682,0.02038,0.02682,8.44735,1.32019,0.8141,-0.52615,46.98305,339.8659,316.2321,0.01424,-0.01069,-0.00021,0.0178,12.10642,1.67392,1.27686,-0.46188,353.0315,20.24727,343.8705,0.03555,-0.02508,0.02195,0.04873,26.19054
5.68645,1.57435,1.58541,-0.65899,26.26885,33.89858,357.122,0.00083,-0.02255,0.02165,0.03127,13.0683,1.34247,0.8138,-0.53148,47.02657,340.1097,316.1785,0.02256,-0.00933,-0.01432,0.0283,10.80285,1.69634,1.27646,-0.46665,352.9908,20.12971,343.3691,0.03386,-0.01716,0.00592,0.03842,16.84905
5.70868,1.59591,1.58497,-0.66328,26.50044,33.71701,357.2146,-0.00494,-0.01939,0.02278,0.03032,13.92644,1.36428,0.81366,-0.53671,47.07579,340.1046,316.2411,0.0084,-0.0069,-0.01858,0.02153,1.87691,1.71874,1.27602,-0.47145,353.1247,19.81084,342.5097,0.03096,-0.01961,0.00158,0.03668,34.47785
5.7309,1.61739,1.58495,-0.66727,26.57421,33.4667,357.2625,-0.00969,-0.00378,0.03464,0.03617,12.66362,1.38577,0.8133,-0.54225,47.1147,339.9953,316.1269,-0.00684,-0.01686,-0.03557,0.03995,3.8257,1.74092,1.2754,-0.47625,353.3239,19.94418,342.7341,0.02284,-0.02719,-0.00053,0.03552,10.33386
5.75312,1.63902,1.58477,-0.67143,26.61923,33.28082,357.2667,-0.00358,-0.00786,0.02846,0.02974,9.50128,1.40756,0.81311,-0.54769,47.16438,339.9684,316.0553,0.00214,-0.0089,-0.02655,0.02808,2.11066,1.76316,1.27498,-0.48102,353.4071,20.08297,342.9107,0.02448,-0.02047,0.0014,0.03194,8.34407
5.77536,1.6606,1.58465,-0.67527,26.68174,33.01189,357.2114,-0.00664,-0.0071,0.02853,0.03014,10.0712,1.42961,0.81287,-0.5536,47.21656,340.0738,315.9543,0.00972,-0.01095,-0.04953,0.05165,8.3752,1.78508,1.27454,-0.48584,353.4187,19.88005,342.4544,0.01002,-0.02232,-0.00683,0.0254,19.13384
5.79757,1.6824,1.58443,-0.67945,26.81028,32.9896,357.2283,0.00031,-0.00918,0.01738,0.01966,6.18016,1.45132,0.81226,-0.55907,47.13373,340.146,315.7193,0.00006,-0.02488,-0.04577,0.05209,10.31247,1.8073,1.27397,-0.49055,353.4922,20.12107,342.3415,0.02064,-0.02509,-0.0099,0.03396,11.00254
5.81978,1.70421,1.58418,-0.68365,26.92805,32.94164,357.2741,0.00153,-0.01067,0.0161,0.01938,6.51958,1.47312,0.81194,-0.5644,47.11543,340.1473,315.5871,0.00319,-0.01535,-0.03869,0.04175,7.16673,1.82964,1.27336,-0.4951,353.6624,20.2557,342.2219,0.02457,-0.02555,-0.00427,0.0357,9.8319
5.842,1.72609,1.58378,-0.6882,27.14416,33.06118,357.3569,0.00461,-0.0156,0.00559,0.0172,8.80209,1.49461,0.81114,-0.57062,47.23328,339.9512,315.3849,-0.00675,-0.02891,-0.06172,0.06849,5.98494,1.8518,1.27214,-0.49911,354.1382,20.34932,342.2091,0.01801,-0.04319,0.01469,0.04904,15.8687
5.86422,1.74794,1.58342,-0.69233,27.31602,33.06781,357.4064,0.0024,-0.01603,0.00763,0.01791,8.07455,1.51607,0.81021,-0.57639,47.45121,339.7686,315.3369,-0.01195,-0.03722,-0.06325,0.07435,8.80885,1.87357,1.27193,-0.50331,354.0366,20.44847,342.2236,0.00596,-0.01774,0.00649,0.0198,4.97792
5.88644,1.76959,1.58303,-0.69689,27.47253,33.02857,357.42,-0.00178,-0.01732,0.00608,0.01844,7.40756,1.53768,0.80932,-0.58271,47.63017,339.6682,315.0568,-0.00594,-0.03787,-0.07048,0.08023,11.05002,1.89504,1.27153,-0.5077,354.1904,20.18368,341.9138,-0.00825,-0.01896,0.0126,0.02421,17.20813
5.90867,1.79116,1.58266,-0.70103,27.64076,32.92258,357.4023,-0.00975,-0.01715,0.00556,0.0205,7.907,1.55932,0.80849,-0.5885,47.74656,339.5127,314.7524,-0.00772,-0.03807,-0.0681,0.0784,10.72001,1.9163,1.27107,-0.51153,354.4709,19.67827,341.438,-0.02071,-0.01991,0.01773,0.03375,30.82609
5.93088,1.81262,1.58233,-0.70534,27.80096,32.82016,357.4156,-0.01436,-0.01559,0.00583,0.02198,8.13396,1.58065,0.80748,-0.59415,47.73532,339.4202,314.416,-0.01621,-0.04269,-0.05767,0.07356,10.96035,1.93778,1.27123,-0.51585,354.4836,19.60295,341.2403,-0.01015,-0.00237,0.00802,0.01315,11.35092
5.9531,1.83426,1.58205,-0.70949,27.93898,32.74805,357.4385,-0.00886,-0.01289,0.00612,0.01679,7.24898,1.6021,0.8067,-0.59973,47.80478,339.273,314.1803,-0.01329,-0.03529,-0.05882,0.06987,8.12888,1.96006,1.27132,-0.52016,354.4782,20.18299,341.5918,0.01176,0.005,0.00135,0.01285,20.52127
5.97532,1.85595,1.58175,-0.71366,28.05091,32.68541,357.4977,-0.00582,-0.01387,0.00498,0.01584,6.77789,1.62362,0.80613,-0.60525,47.89049,339.2012,314.0729,-0.01456,-0.02902,-0.05596,0.0647,5.67579,1.98147,1.27169,-0.52439,354.3143,20.12778,341.689,-0.0112,0.01349,0.0026,0.01772,8.37064
5.99754,1.87751,1.58146,-0.71798,28.21276,32.6048,357.5286,-0.00991,-0.01279,0.00228,0.01634,8.09415,1.64464,0.80524,-0.61057,47.96542,339.1089,313.8468,-0.03094,-0.03807,-0.04449,0.06622,7.44437,2.00209,1.27227,-0.52874,354.1749,19.71576,341.7518,-0.04114,0.0233,0.00048,0.04728,14.62805
6.01976,1.89895,1.5813,-0.72199,28.30221,32.48254,357.4674,-0.01464,-0.00849,0.00717,0.01838,6.37709,1.66609,0.80481,-0.61563,48.09111,339.0433,314.0231,-0.01867,-0.02215,-0.03933,0.04885,9.44488,2.023,1.27284,-0.5331,353.9832,19.30943,341.4371,-0.04054,0.02335,-0.00417,0.04696,21.54442
6.04197,1.92057,1.58113,-0.72591,28.35647,32.41617,357.4747,-0.01023,-0.00918,0.00656,0.01524,4.73286,1.68784,0.80443,-0.62067,48.21754,339.042,314.1117,-0.00849,-0.01906,-0.04461,0.04925,6.63897,2.04429,1.273,-0.53716,353.9374,19.1149,341.3293,-0.02781,0.01165,-0.00067,0.03016,13.10829
6.06419,1.94221,1.58113,-0.73012,28.32978,32.35592,357.4466,-0.00949,-0.0026,-0.0011,0.0099,1.18322,1.70958,0.80415,-0.62523,48.21404,339.2016,314.1471,-0.00586,-0.01449,-0.02476,0.02928,3.8733,2.06576,1.27278,-0.54111,354.0453,19.24833,341.6219,-0.01913,-0.00351,0.0066,0.02053,8.05038
6.08641,1.96386,1.58114,-0.73427,28.32662,32.34911,357.4963,-0.0089,-0.00033,-0.00395,0.00974,0.2958,1.73115,0.80391,-0.62959,48.11851,339.1757,314.0275,-0.01021,-0.0118,-0.01752,0.02346,5.14914,2.08711,1.27255,-0.54513,354.0976,19.12752,341.6162,-0.02306,-0.00764,0.00118,0.02432,5.50951
6.10863,1.98539,1.58119,-0.73839,28.33443,32.32017,357.6169,-0.01385,0.00173,-0.00419,0.01458,4.49525,1.75273,0.80362,-0.6341,48.12188,339.0446,313.8504,-0.01076,-0.01323,-0.02203,0.02786,5.15752,2.10837,1.27248,-0.54907,354.0874,18.95353,341.6297,-0.02516,-0.00118,0.00219,0.02528,8.00256
6.13085,2.00687,1.58115,-0.74246,28.34697,32.25779,357.6872,-0.01431,-0.0017,-0.00248,0.01462,2.7331,1.77448,0.80337,-0.63844,48.09446,339.058,313.6288,-0.00671,-0.01173,-0.01663,0.02143,8.56247,2.12975,1.27226,-0.55284,354.2162,18.78036,341.5804,-0.02261,-0.00906,0.00971,0.02623,9.66478
6.15307,2.02821,1.58113,-0.74672,28.34962,32.12797,357.7289,-0.01899,-0.00209,-0.00575,0.01995,5.79973,1.79622,0.8031,-0.64285,48.17883,338.9752,313.5037,-0.00559,-0.0111,-0.01534,0.01974,5.02188,2.15128,1.27206,-0.55672,354.3362,18.75516,341.7575,-0.01706,-0.0094,0.00892,0.02142,8.54536
6.17531,2.04974,1.581,-0.75087,28.35171,31.99315,357.7526,-0.01623,-0.00493,-0.0059,0.01796,6.30453,1.81791,0.80316,-0.6467,48.02942,338.9742,313.5688,-0.00842,-0.00165,0.0029,0.00906,4.88725,2.17298,1.27195,-0.56066,354.3816,18.82345,341.8917,-0.00838,-0.00757,0.00576,0.01268,8.11873
6.19752,2.07126,1.58093,-0.75509,28.39275,31.86604,357.7304,-0.01437,-0.00314,-0.00599,0.01588,5.60145,1.83946,0.80288,-0.65055,47.9892,338.9083,313.5692,-0.01013,-0.00975,0.0076,0.01598,2.60135,2.19452,1.27181,-0.56462,354.4198,18.794,342.0347,-0.01199,-0.0062,0.0052,0.01447,4.28464
6.21974,2.0927,1.58091,-0.75929,28.37657,31.70339,357.6555,-0.01771,-0.00143,-0.00692,0.01907,6.42493,1.86115,0.8029,-0.65424,47.92435,338.8606,313.7208,-0.00746,-0.00015,0.01285,0.01486,7.23942,2.21598,1.27179,-0.56878,354.2993,18.67286,342.0291,-0.01648,-0.00069,-0.00381,0.01693,6.56562
6.24196,2.11415,1.58085,-0.76342,28.46015,31.55072,357.6109,-0.01774,-0.00286,-0.00694,0.01926,7.17932,1.88306,0.80311,-0.65792,47.85424,338.9007,313.7672,-0.00024,0.00681,0.01279,0.0145,2.59811,2.2377,1.27153,-0.57271,354.3236,18.86652,342.2371,-0.00904,-0.00876,-0.00001,0.01259,9.02079
6.26418,2.13566,1.58075,-0.76748,28.472,31.40978,357.6163,-0.01677,-0.0038,-0.00647,0.01837,6.27555,1.905,0.80338,-0.66151,47.79524,339.0175,313.8878,0.00195,0.00945,0.01262,0.01589,2.14316,2.25949,1.27113,-0.57653,354.4987,19.0249,342.2662,-0.00467,-0.01607,0.00299,0.017,9.33134
6.28641,2.15721,1.58069,-0.77146,28.47715,31.31009,357.6559,-0.01549,-0.00311,-0.00555,0.01675,5.63641,1.92706,0.80363,-0.6651,47.75713,339.1385,314.0616,0.00651,0.01135,0.01256,0.01814,4.8326,2.28172,1.27065,-0.58068,354.7599,19.32933,341.9341,0.01134,-0.01952,-0.00938,0.02445,17.82905
6.30863,2.17884,1.58075,-0.77538,28.4325,31.25408,357.6683,-0.0125,0.00241,-0.00345,0.01319,2.23876,1.94908,0.80366,-0.66867,47.69611,339.2735,314.1162,0.00459,0.00249,0.01227,0.01333,4.75234,2.3041,1.27008,-0.58487,355.1851,19.58418,341.6342,0.01763,-0.02421,-0.0133,0.03277,23.07512
6.33085,2.20059,1.58087,-0.7792,28.42494,31.25864,357.7037,-0.00741,0.00462,-0.00398,0.0096,0.55969,1.97063,0.8031,-0.67213,47.58661,339.2866,314.0594,-0.01208,-0.01956,0.01138,0.02565,4.61816,2.32369,1.2706,-0.58917,354.7271,17.90604,340.4267,-0.08387,0.02196,-0.02417,0.09001,79.75346
6.35307,2.22239,1.5808,-0.78307,28.45331,31.31365,357.7342,-0.00531,-0.00119,-0.00576,0.00792,2.33828,1.99242,0.803,-0.67569,47.56261,339.2904,314.0694,-0.00646,-0.00804,0.00881,0.01356,1.15454,2.34319,1.27124,-0.59283,354.3767,16.82836,340.608,-0.09807,0.02282,-0.00188,0.10071,48.3364
6.37529,2.24423,1.58066,-0.78704,28.46968,31.37612,357.7621,-0.00321,-0.00504,-0.00817,0.01013,2.85946,2.01425,0.80288,-0.67933,47.59263,339.3298,314.1047,-0.00446,-0.00605,0.00622,0.00976,0.28864,2.36507,1.27171,-0.59694,354.1026,17.68354,341.6205,-0.02274,0.01978,-0.01219,0.03251,39.17195
6.39756,2.26611,1.5805,-0.79106,28.5215,31.43855,357.7994,-0.00322,-0.00669,-0.00919,0.01181,0.71487,2.03605,0.80281,-0.68306,47.56972,339.4165,314.1653,-0.0058,-0.00239,0.00537,0.00826,2.95266,2.38777,1.27137,-0.60058,354.4785,18.68597,342.125,0.01608,-0.00934,0.00362,0.01894,40.75547
6.41973,2.28778,1.58039,-0.79511,28.63655,31.44045,357.8056,-0.00618,-0.00525,-0.00701,0.01072,4.17946,2.05765,0.80277,-0.68685,47.52912,339.3701,314.1243,-0.00899,-0.00324,0.00415,0.01042,1.79576,2.40933,1.27094,-0.60438,354.8273,18.39442,341.5246,-0.01093,-0.01527,0.00432,0.01927,24.77308
6.44195,2.30951,1.58023,-0.79898,28.70215,31.44755,357.786,-0.00758,-0.00694,-0.00799,0.01302,1.04486,2.07947,0.80275,-0.69048,47.49023,339.3912,314.115,-0.0051,-0.00118,0.00305,0.00606,0.44894,2.42988,1.27182,-0.60843,354.4268,17.68753,341.1219,-0.05419,0.03273,-0.01362,0.06476,37.86082
6.46417,2.33129,1.5802,-0.80275,28.66711,31.45766,357.756,-0.00655,-0.00304,-0.00468,0.00861,0.26122,2.10143,0.80273,-0.69432,47.54266,339.4846,314.1439,0.00087,-0.0011,-0.00432,0.00454,2.84139,2.45061,1.27365,-0.61316,353.4974,17.56805,341.8254,-0.0475,0.06791,-0.03851,0.09138,38.52435
6.4864,2.35303,1.58019,-0.8067,28.61023,31.4389,357.7608,-0.00632,-0.00087,-0.00228,0.00677,0.0653,2.12332,0.80263,-0.69834,47.52343,339.612,314.1058,0.00001,-0.00266,-0.00442,0.00516,6.05272,2.47244,1.27452,-0.61771,353.3014,17.94023,342.0421,-0.01299,0.04277,-0.0286,0.05306,21.27137
6.51974,2.38584,1.58041,-0.81231,28.61271,31.42843,357.7514,-0.00255,0.00472,0.00021,0.00537,0.01633,2.15584,0.80275,-0.70402,47.47736,339.5278,313.9617,-0.0075,0.00204,-0.00204,0.00804,2.83461,2.50419,1.27509,-0.62368,353.2159,17.74804,342.3989,-0.02805,0.02346,-0.01439,0.03929,12.12105
6.54195,2.40764,1.58036,-0.81617,28.65703,31.45464,357.8159,-0.0041,-0.00105,-0.00595,0.0073,0.00408,2.17747,0.80285,-0.70775,47.48003,339.5035,314.0216,-0.01095,0.003,-0.00175,0.01149,0.74705,2.52502,1.27538,-0.62736,353.1925,17.23762,342.3906,-0.04136,0.01598,-0.00362,0.04449,16.69941
6.56417,2.42937,1.58028,-0.82002,28.65783,31.50109,357.8771,-0.00733,-0.00331,-0.00681,0.01054,0.00102,2.19909,0.80272,-0.71158,47.49805,339.4838,313.9864,-0.01217,-0.00415,-0.00565,0.01405,0.18676,2.54716,1.2753,-0.6311,353.3302,17.39782,342.1516,0.0061,-0.00127,-0.00202,0.00655,10.73122
6.5864,2.45105,1.58015,-0.82412,28.67021,31.50116,357.9038,-0.00839,-0.00581,-0.00729,0.01253,0.00026,2.22101,0.80281,-0.71567,47.52617,339.5656,313.9451,-0.00162,0.00267,-0.00678,0.00746,4.41366,2.56999,1.27518,-0.63523,353.4043,17.7835,341.8956,0.03096,-0.00389,-0.00706,0.03199,15.74542
6.60862,2.47285,1.58018,-0.82819,28.67341,31.52802,357.918,-0.00429,-0.00004,-0.00613,0.00748,0.00006,2.24284,0.8029,-0.71974,47.53672,339.6084,313.9254,-0.00266,0.0021,-0.00639,0.00723,2.79693,2.59212,1.27507,-0.63921,353.4011,17.83145,341.9228,0.01517,-0.00521,-0.00262,0.01625,4.97146
6.63084,2.49474,1.5803,-0.83223,28.647,31.54909,357.9007,-0.00153,0.00285,-0.00448,0.00553,0.00002,2.26439,0.80268,-0.72382,47.56875,339.583,313.9044,-0.01119,-0.00603,-0.00529,0.01377,2.00448,2.61394,1.27479,-0.64312,353.4357,17.75602,342.0199,0.0024,-0.00938,0.00017,0.00968,0.9306
6.65307,2.51646,1.58025,-0.83628,28.68396,31.54726,357.9021,-0.0059,-0.00115,-0.00482,0.0077,0,2.28618,0.80276,-0.72788,47.59749,339.57,313.8672,-0.00391,0.00332,-0.00493,0.00711,1.80959,2.63622,1.27406,-0.64683,353.6145,17.91352,342.2723,0.01817,-0.02895,0.00871,0.03527,14.0796
6.67529,2.53815,1.58008,-0.84034,28.71559,31.52977,357.9839,-0.00792,-0.00582,-0.00668,0.01189,1.40449,2.30804,0.80293,-0.73183,47.63305,339.5919,313.8635,-0.00216,0.00487,-0.00389,0.0066,0.4524,2.65895,1.27272,-0.65029,354.1866,18.2879,342.603,0.0296,-0.05207,0.01737,0.06236,28.5257
6.69751,2.55986,1.57998,-0.84431,28.76026,31.51432,358.0505,-0.00678,-0.00425,-0.00304,0.00856,2.81122,2.32967,0.80298,-0.73577,47.54559,339.6116,313.7445,-0.00904,0.00123,-0.00208,0.00936,4.60052,2.68111,1.27095,-0.65351,354.9278,18.42523,343.1064,0.0171,-0.0653,0.02391,0.07161,33.50685
6.71973,2.58176,1.58007,-0.84815,28.77557,31.48616,358.1275,-0.00063,0.00271,0.00277,0.00392,3.11656,2.35145,0.80308,-0.73974,47.53727,339.605,313.6913,-0.00434,0.00505,-0.0016,0.00685,1.15013,2.70314,1.27046,-0.65755,354.9838,18.46557,343.3373,0.00861,-0.02956,0.00032,0.03079,13.75581
6.74196,2.60355,1.58007,-0.85194,28.74363,31.41466,358.1772,-0.00373,-0.00026,0.00428,0.00568,2.19576,2.37334,0.80319,-0.7437,47.58384,339.6933,313.8165,-0.00187,0.00376,-0.00264,0.00496,1.2756,2.7253,1.27116,-0.66227,354.4618,18.46708,342.9391,0.01132,0.01725,-0.02791,0.03471,20.31565
6.76418,2.62523,1.58,-0.85567,28.71984,31.38299,358.2192,-0.00783,-0.00239,0.0072,0.01091,0.54894,2.395,0.80294,-0.74779,47.65226,339.6873,313.7318,-0.0076,-0.00828,-0.00815,0.01388,3.75727,2.74693,1.27115,-0.66655,354.4531,18.33316,343.0286,-0.00789,0.00152,-0.01893,0.02056,5.92299
6.78641,2.64693,1.57989,-0.85944,28.72624,31.37156,358.276,-0.00812,-0.00447,0.00573,0.0109,0.13723,2.41684,0.8031,-0.75178,47.5894,339.7136,313.6591,-0.00327,0.00272,-0.00549,0.00694,4.02119,2.76819,1.27078,-0.67056,354.6096,17.96111,343.0765,-0.02461,-0.01164,-0.00851,0.02852,15.57639
6.80863,2.66877,1.57984,-0.86299,28.7902,31.35831,358.3676,-0.0042,-0.0012,0.0059,0.00734,3.88426,2.43874,0.8033,-0.75549,47.54052,339.6851,313.5161,-0.00264,0.00538,-0.00382,0.0071,4.28248,2.78866,1.27016,-0.67415,354.8977,16.96237,343.1437,-0.0461,-0.01913,-0.00391,0.05006,31.73318
6.83085,2.69059,1.57979,-0.86679,28.85507,31.34233,358.411,-0.00311,-0.00284,0.00367,0.00559,2.4677,2.46047,0.80325,-0.75939,47.5391,339.6729,313.5517,-0.00576,-0.0005,-0.00156,0.00599,1.07062,2.81071,1.27029,-0.67849,354.6406,17.11946,343.4552,0.00177,0.00251,-0.01913,0.01937,21.89936
6.85308,2.71229,1.57966,-0.87062,28.8999,31.35649,358.3899,-0.00655,-0.00506,0.00247,0.00863,0.61693,2.48246,0.80338,-0.76338,47.50249,339.7312,313.597,0.00348,0.0047,-0.00461,0.00745,0.26766,2.83205,1.26968,-0.68243,354.5934,17.24711,345.1276,-0.0245,-0.02539,-0.00243,0.03537,67.01833
6.8753,2.73406,1.57957,-0.87444,28.93285,31.34364,358.4319,-0.00531,-0.00425,0.00266,0.0073,0.15423,2.5044,0.80345,-0.76742,47.48977,339.7488,313.6477,0.0028,0.0036,-0.00689,0.00826,0.06691,2.85267,1.26776,-0.68558,355.5724,17.24739,347.785,-0.04945,-0.04091,0.01399,0.06569,92.8035
6.89752,2.75581,1.57954,-0.87804,28.9638,31.28885,358.5071,-0.00665,-0.00167,0.00621,0.00925,1.62043,2.52639,0.80325,-0.77148,47.56288,339.7814,313.6258,0.00318,-0.00506,-0.01156,0.01301,1.70518,2.87467,1.26864,-0.6905,354.67,16.94228,346.4992,-0.00903,0.00677,-0.02899,0.03111,25.33517
6.91974,2.77758,1.57961,-0.88135,28.98939,31.228,358.5435,-0.00646,0.00167,0.01132,0.01314,2.71596,2.54847,0.80311,-0.77551,47.62457,339.802,313.5453,0.00511,-0.00564,-0.01587,0.0176,4.02665,2.89619,1.2679,-0.69407,355.152,16.21053,345.4555,-0.01307,-0.02243,-0.00693,0.02687,43.116
6.94196,2.79931,1.57953,-0.88468,28.99214,31.15024,358.6527,-0.0091,-0.00361,0.01108,0.01478,6.23896,2.57069,0.80303,-0.77943,47.60578,339.9003,313.4557,0.01123,-0.00479,-0.01552,0.01975,7.15125,2.91862,1.26708,-0.69758,355.608,16.32901,345.2845,0.01169,-0.03015,-0.00063,0.03235,17.49039
6.96417,2.82093,1.57931,-0.88819,29.0573,31.04286,358.7957,-0.01167,-0.00828,0.01154,0.01838,9.06065,2.59288,0.80265,-0.78361,47.64591,339.9638,313.3018,0.01348,-0.01381,-0.01769,0.02618,9.57245,2.94014,1.26648,-0.70121,355.5523,16.27631,346.1325,-0.0124,-0.03098,0.00595,0.03389,26.2901
6.98639,2.8425,1.57899,-0.89145,29.15924,30.89717,358.9134,-0.01574,-0.01272,0.01055,0.02282,10.69606,2.6152,0.80226,-0.78757,47.74258,340.088,313.3234,0.01634,-0.01687,-0.02055,0.03121,6.3884,2.96178,1.26532,-0.70433,355.7702,16.12885,346.8893,-0.011,-0.04844,0.01452,0.05175,33.9894
7.00862,2.86398,1.57877,-0.89455,29.34564,30.73037,359.0556,-0.02048,-0.00999,0.01441,0.02696,13.58017,2.63734,0.80203,-0.79131,47.76715,340.0564,313.3159,0.00979,-0.01113,-0.01405,0.02042,1.48279,2.9848,1.26352,-0.70725,356.1251,16.88388,348.3829,0.03687,-0.07382,0.02096,0.08513,71.74133
7.03085,2.88541,1.57853,-0.89755,29.51498,30.5321,359.1618,-0.0237,-0.01154,0.01567,0.03067,13.90106,2.65951,0.80189,-0.79487,47.7485,340.0545,313.2129,0.00951,-0.00687,-0.01014,0.01551,1.84489,3.00868,1.26199,-0.71047,356.3237,17.95722,349.5939,0.08102,-0.07104,0.00857,0.1081,74.90321
7.05307,2.90686,1.57823,-0.9006,29.6119,30.32477,359.2229,-0.02241,-0.01271,0.0155,0.03007,11.73547,2.68179,0.80186,-0.79839,47.78811,340.1137,313.2575,0.01306,-0.00351,-0.00699,0.01522,0.46122,3.03233,1.26017,-0.71357,356.8044,18.35014,349.8624,0.07194,-0.07906,0.01313,0.1077,37.23035
7.07529,2.92838,1.57806,-0.90353,29.6146,30.10651,359.2748,-0.02068,-0.0086,0.01949,0.02969,10.87982,2.70421,0.80198,-0.80179,47.65965,340.274,313.2625,0.01867,0.00253,-0.00236,0.01899,6.77241,3.05534,1.25831,-0.71654,357.3859,17.98457,349.4763,0.05319,-0.0791,0.01575,0.09661,23.34459
7.09751,2.9499,1.57804,-0.9061,29.62911,29.87408,359.3679,-0.02114,-0.00172,0.02708,0.0344,12.66169,2.72656,0.80189,-0.8051,47.69797,340.3238,313.3102,0.01681,-0.00246,-0.00487,0.01768,1.81108,3.07818,1.25693,-0.71944,357.6642,17.45477,349.2973,0.04287,-0.06212,0.01289,0.07657,22.22345
7.11973,2.9714,1.57808,-0.90856,29.67634,29.66257,359.5231,-0.02249,0.00148,0.03024,0.03771,14.22592,2.74881,0.80192,-0.80854,47.80579,340.3489,313.5145,0.01295,0.00039,-0.01109,0.01706,6.38843,3.1017,1.2564,-0.72271,357.3877,17.77309,350.0014,0.05964,-0.03749,0.00053,0.07044,22.14203
7.14195,2.99282,1.57791,-0.91116,29.77909,29.39031,359.7078,-0.02488,-0.0063,0.02509,0.03589,16.5816,2.77111,0.80202,-0.81203,47.83339,340.4348,313.4936,0.01322,0.00247,-0.01332,0.01893,1.73103,3.12511,1.25536,-0.72569,357.4684,17.9446,350.84,0.05985,-0.04681,0.00714,0.07631,31.72597
7.16418,3.01413,1.57758,-0.91366,29.89888,29.10188,359.894,-0.03266,-0.0142,0.0267,0.04451,20.29217,2.79355,0.80191,-0.81545,47.81251,340.5816,313.4269,0.01918,-0.00329,-0.01704,0.02586,8.61043,3.14927,1.25466,-0.72864,357.2353,18.39054,351.9734,0.09792,-0.02975,0.00454,0.10244,58.9621
7.18641,3.03547,1.57718,-0.91568,30.03371,28.71885,-0.00459,-0.03225,-0.0168,0.02817,0.046,20.10976,2.81588,0.8019,-0.81842,47.78702,340.5953,313.2931,0.01295,-0.00131,-0.01427,0.01931,6.89911,3.17436,1.25394,-0.73124,357.2096,19.1499,352.3833,0.1357,-0.03027,0.00253,0.13905,42.37059
7.20864,3.05675,1.57693,-0.91739,30.18282,28.30048,0.12337,-0.03509,-0.01158,0.03528,0.05109,22.29568,2.83819,0.8017,-0.82155,48.00511,340.5734,313.308,0.01253,-0.00753,-0.02406,0.02815,7.29506,3.1992,1.25296,-0.73357,357.3252,19.59851,352.6079,0.12514,-0.04106,0.00742,0.13192,26.95498
7.23086,3.07795,1.57673,-0.91904,30.32017,27.83721,0.23093,-0.03814,-0.01046,0.03953,0.05591,23.79652,2.8608,0.80161,-0.82466,48.14452,340.9014,313.6683,0.02029,-0.00478,-0.02309,0.03111,9.63898,3.22378,1.25201,-0.73591,357.3373,19.79913,352.8901,0.11478,-0.04273,0.00912,0.12282,19.73993
7.25308,3.09908,1.57627,-0.9206,30.54119,27.32768,0.33501,-0.04202,-0.01827,0.03699,0.05889,26.36793,2.88383,0.80197,-0.82742,48.09329,341.4657,313.9535,0.03746,0.01246,-0.01842,0.04356,15.45659,3.24737,1.25026,-0.73754,357.4002,19.60871,353.8853,0.07878,-0.07079,0.02865,0.10972,40.73624
7.2753,3.12022,1.57578,-0.92201,30.75717,26.78583,0.46144,-0.04331,-0.02104,0.03544,0.05979,28.70036,2.9066,0.80252,-0.8298,47.97516,341.9154,314.3241,0.0315,0.02146,-0.01112,0.0397,14.6423,3.27131,1.24794,-0.73893,357.6347,19.87714,355.4153,0.08342,-0.09598,0.03214,0.13116,63.45592
7.29753,3.14148,1.57547,-0.92295,30.89159,26.22978,0.51737,-0.04058,-0.01459,0.04031,0.05902,27.28719,2.92924,0.80272,-0.83206,47.98096,342.3146,314.6322,0.02352,0.01111,-0.01707,0.03111,11.88718,3.29646,1.24616,-0.74061,357.7691,20.66549,356.3014,0.12503,-0.08461,0.01263,0.15149,54.15361
7.31975,3.16282,1.57539,-0.92324,31.01569,25.59476,0.58671,-0.03863,-0.0062,0.05203,0.06509,30.70853,2.95159,0.80314,-0.83376,47.74015,342.4708,314.8055,0.0137,0.01798,-0.01021,0.0248,11.7749,3.3212,1.24416,-0.74191,358.3461,21.02398,356.188,0.11625,-0.08721,0.00983,0.14565,28.47981
7.34196,3.184,1.57499,-0.92305,31.18913,24.89786,0.67892,-0.04441,-0.01513,0.0452,0.06515,34.10375,2.97405,0.80304,-0.83521,47.91153,342.5974,314.985,0.01141,-0.00081,-0.02685,0.02919,6.87869,3.34557,1.2423,-0.74251,359.0245,20.99117,355.473,0.1007,-0.08546,0.00866,0.13236,37.05915
7.36418,3.20504,1.57447,-0.92188,31.40202,24.12747,0.76187,-0.05159,-0.02189,0.04572,0.07233,37.71777,2.99605,0.80255,-0.83619,48.08044,342.3584,314.4229,-0.00525,-0.01716,-0.04683,0.05015,14.83136,3.36899,1.24054,-0.74204,359.5793,20.80943,355.6807,0.06808,-0.07774,0.01134,0.10396,24.18585
7.38641,3.22612,1.57394,-0.92021,31.62683,23.43149,0.89536,-0.05098,-0.02383,0.0448,0.07193,36.69261,3.01791,0.80242,-0.83639,48.01259,342.0164,313.6797,-0.0143,-0.00787,-0.03967,0.0429,21.68068,3.39292,1.24006,-0.7416,359.3593,21.27183,356.2908,0.07465,-0.03605,-0.00467,0.08303,25.22892
7.40863,3.24723,1.57354,-0.91813,31.87263,22.70064,1.0402,-0.04917,-0.01884,0.04375,0.06846,38.02456,3.03935,0.80246,-0.8358,47.78072,341.4902,313.0327,-0.03172,0.00042,-0.0267,0.04146,21.34276,3.41607,1.2392,-0.74054,359.4305,21.28472,356.6182,0.05016,-0.04231,-0.00152,0.06564,15.98043
7.43085,3.26813,1.57315,-0.91539,32.11052,21.74775,1.17446,-0.05524,-0.01917,0.04646,0.07468,44.99443,3.06061,0.8024,-0.83454,47.72647,341.0223,312.9424,-0.03884,-0.00298,-0.02183,0.04466,16.68479,3.43865,1.23742,-0.73866,359.9815,21.06312,356.6268,0.02698,-0.07195,0.00627,0.0771,21.47288
7.45307,3.28872,1.57245,-0.912,32.40894,20.6617,1.07004,-0.06532,-0.02879,0.04847,0.08628,47.24251,3.08254,0.80237,-0.8332,48.03853,341.0208,313.5362,-0.01366,-0.00177,-0.03852,0.04091,22.69258,3.46074,1.23528,-0.73607,0.49746,20.84002,356.7343,0.0051,-0.09148,0.012,0.0924,24.80283
7.47529,3.30921,1.57167,-0.90782,32.75843,19.64093,0.94993,-0.06639,-0.03292,0.04828,0.08844,45.55087,3.10497,0.80238,-0.831,48.04552,341.3309,313.493,0.01175,0.00005,-0.03899,0.04072,9.01914,3.48191,1.2323,-0.73237,1.1938,20.31105,357.2487,-0.02688,-0.1233,0.02369,0.1284,40.07136
7.49751,3.32977,1.57102,-0.90287,33.0619,18.72036,0.98815,-0.06058,-0.02995,0.04769,0.08271,44.96238,3.12711,0.80233,-0.82801,47.9509,341.5349,313.0571,0.00905,-0.00165,-0.03984,0.04089,20.19944,3.50427,1.23044,-0.72863,1.14907,20.63544,357.2688,0.01257,-0.09215,-0.00048,0.093,8.94181
7.51972,3.35023,1.57057,-0.89691,33.40875,17.69554,1.13405,-0.0579,-0.0227,0.05582,0.08356,51.22075,3.1484,0.80269,-0.82368,47.63264,341.3075,312.7361,-0.0149,0.01281,-0.01993,0.02799,15.09609,3.52627,1.22789,-0.72399,1.59359,20.65185,356.9737,0.01028,-0.11432,-0.00003,0.11478,21.30998
7.54195,3.37022,1.56999,-0.89037,33.68525,16.4614,1.20237,-0.06863,-0.02589,0.05327,0.09065,57.07826,3.16904,0.80281,-0.81892,47.74321,340.7274,312.6527,-0.03583,0.00519,-0.02785,0.04568,19.1274,3.54758,1.22461,-0.71827,2.33772,20.39215,356.8075,-0.00731,-0.14081,0.01299,0.14159,32.19507
7.56417,3.38988,1.5693,-0.88319,33.9473,15.20147,1.1544,-0.07481,-0.0297,0.05391,0.09688,55.78277,3.19001,0.80289,-0.81377,47.80304,340.5428,312.4975,-0.02231,0.00425,-0.03405,0.04093,7.44253,3.56858,1.22141,-0.71182,2.89813,20.06102,356.7488,-0.01521,-0.14481,0.02001,0.14698,30.33607
7.58639,3.40954,1.56854,-0.87562,34.23919,14.10275,1.139,-0.07204,-0.03384,0.0483,0.0931,52.1638,3.2112,0.80306,-0.80796,47.8098,340.5242,312.1675,-0.00463,0.00799,-0.03187,0.03318,11.8803,3.5881,1.21674,-0.70412,3.82207,19.09275,357.1071,-0.07061,-0.20326,0.04942,0.22078,58.48385
7.60861,3.42913,1.56767,-0.868,34.68515,12.9744,1.16722,-0.07155,-0.038,0.0398,0.09027,54.76744,3.23213,0.80348,-0.80155,47.65777,340.4512,311.8928,-0.01015,0.01721,-0.02014,0.02837,12.45911,3.60751,1.21154,-0.69611,4.53363,18.22163,357.6132,-0.07157,-0.22425,0.05156,0.24097,52.77658
7.63083,3.44853,1.56684,-0.86018,35.1352,11.63602,1.09041,-0.07422,-0.03756,0.0367,0.09091,60.26155,3.25272,0.80386,-0.79478,47.56722,340.2585,311.8036,-0.01893,0.0163,-0.01355,0.02842,6.19705,3.62921,1.2068,-0.68849,4.74458,18.47663,357.5568,0.00698,-0.21642,0.03245,0.21895,15.71949
7.65305,3.46773,1.56599,-0.85194,35.5769,10.4046,0.85731,-0.07486,-0.03842,0.02926,0.08909,54.97208,3.27284,0.80445,-0.7873,47.58108,339.8295,312.0934,-0.03126,0.02555,-0.0063,0.04086,24.62003,3.65201,1.2,-0.68022,6.33911,19.02447,356.6776,0.07017,-0.29484,0.03191,0.30475,76.01137
7.67527,3.48703,1.56529,-0.84309,35.94771,9.34981,0.62639,-0.06491,-0.03293,0.03269,0.07979,47.90354,3.29298,0.80493,-0.77952,47.45544,339.5115,311.7879,-0.02538,0.02113,-0.01455,0.03609,10.60927,3.67262,1.19407,-0.67137,7.66753,18.50442,355.7791,0.01422,-0.26762,0.03205,0.2699,67.80449
7.69749,3.50657,1.56471,-0.83375,36.20118,8.35134,0.50953,-0.0521,-0.02794,0.04177,0.07239,45.05029,3.31345,0.80517,-0.77198,47.58037,339.4427,311.6068,-0.00939,0.01411,-0.03138,0.03566,5.6395,3.69244,1.18847,-0.66218,8.45914,17.81168,355.4108,-0.01821,-0.25559,0.03549,0.25869,48.64119
7.71971,3.52616,1.56416,-0.82403,36.52376,7.2793,0.42657,-0.04285,-0.02582,0.04611,0.06804,47.34931,3.33391,0.80579,-0.76398,47.51801,339.422,311.3509,-0.00228,0.02567,-0.02955,0.03921,9.91943,3.71285,1.18321,-0.65284,9.04345,17.72621,355.7565,-0.00629,-0.24142,0.03193,0.2436,32.11634
7.74193,3.54546,1.56345,-0.81426,36.88579,6.22572,0.2223,-0.04517,-0.03095,0.03548,0.06525,44.91571,3.35411,0.8066,-0.75548,47.40148,339.3718,311.3625,-0.00466,0.03215,-0.02543,0.04126,3.81412,3.73352,1.17821,-0.64323,9.50412,18.06572,356.5461,0.01132,-0.23037,0.0282,0.23236,39.00496
7.76417,3.56501,1.56288,-0.80421,37.17636,5.52712,0.04306,-0.03123,-0.02614,0.03438,0.0533,32.52496,3.37398,0.80713,-0.74692,47.34893,339.1593,311.3665,-0.0122,0.02552,-0.03203,0.04274,7.66562,3.75371,1.17357,-0.63339,9.97158,18.1591,356.9984,-0.00142,-0.2128,0.02494,0.21426,29.29063
7.78639,3.58482,1.56244,-0.79395,37.42336,5.04856,0.0234,-0.01854,-0.02163,0.03508,0.04519,26.76529,3.39368,0.8075,-0.7383,47.35688,338.9384,311.1596,-0.01598,0.01914,-0.03571,0.04356,6.17321,3.77295,1.16872,-0.62316,10.56533,17.60101,357.002,-0.0244,-0.21897,0.03096,0.22249,31.39829
7.80861,3.60513,1.56196,-0.78367,37.69254,4.76653,0.36831,0.00304,-0.02233,0.03244,0.0395,28.1559,3.41334,0.80795,-0.73011,47.45387,338.7627,311.1174,-0.01718,0.0192,-0.05683,0.0624,7.53469,3.79166,1.16297,-0.61257,11.38044,16.71531,356.7412,-0.04203,-0.24619,0.03898,0.25278,42.45391
7.83083,3.62525,1.56136,-0.77345,37.99123,4.33487,0.43524,-0.00062,-0.02592,0.03154,0.04083,25.54872,3.43312,0.80821,-0.72218,47.58073,338.5904,311.0549,-0.01335,0.01439,-0.06664,0.06947,5.28952,3.812,1.15683,-0.60235,12.18437,16.96518,357.3348,-0.0016,-0.26902,0.03348,0.2711,41.12339
7.85305,3.64524,1.56075,-0.76356,38.34328,3.86129,0.24818,-0.00743,-0.02727,0.02944,0.04081,23.61503,3.45317,0.80876,-0.71429,47.60661,338.5695,311.1489,-0.00958,0.02128,-0.06344,0.06759,6.25981,3.83221,1.15126,-0.59261,12.8664,17.15884,358.2513,-0.00228,-0.25237,0.02421,0.25354,47.01002
7.87527,3.66523,1.55997,-0.75361,38.64305,3.29826,0.04536,-0.00752,-0.03381,0.02653,0.04363,24.80189,3.47289,0.80909,-0.70654,47.70232,338.343,311.0164,-0.01545,0.0163,-0.07011,0.07361,4.61813,3.85099,1.14606,-0.58293,13.74355,16.42032,358.3669,-0.05053,-0.24183,0.01721,0.24765,49.4199
7.89749,3.68521,1.55911,-0.7436,38.98861,2.68787,359.8775,-0.00484,-0.03784,0.02467,0.04543,27.39367,3.49249,0.8093,-0.69878,47.80028,338.1689,311.0074,-0.02093,0.01046,-0.07552,0.07906,8.25909,3.8695,1.14072,-0.57311,14.67402,15.4188,357.7338,-0.06277,-0.23892,0.01535,0.24751,54.94179
7.91971,3.70504,1.55846,-0.73346,39.27691,2.09656,359.773,-0.00885,-0.03015,0.02391,0.03948,26.02227,3.51212,0.80956,-0.69069,47.87333,337.9822,310.9823,-0.01914,0.01173,-0.06889,0.07245,7.89786,3.88866,1.13534,-0.56311,15.46699,14.90785,357.6586,-0.0454,-0.24167,0.01804,0.24656,44.75008
7.94194,3.72525,1.55727,-0.72395,39.80298,1.16325,359.488,-0.00468,-0.04363,0.0091,0.04482,36.70827,3.53082,0.80953,-0.68358,47.8907,337.3544,310.6628,-0.05098,0.00155,-0.08975,0.10323,15.89333,3.90807,1.12801,-0.55382,16.7947,14.59702,357.2177,-0.03301,-0.30151,0.00461,0.30334,52.39295
7.96415,3.74532,1.55655,-0.71473,40.08741,0.47368,359.2245,-0.0101,-0.0347,0.01262,0.03828,30.1554,3.5502,0.8096,-0.67658,47.87329,337.0197,310.5973,-0.04594,0.0011,-0.08852,0.09974,13.84079,3.92806,1.1212,-0.54488,17.91311,14.62724,357.8602,-0.01946,-0.30614,0.0005,0.30675,55.51292
7.98638,3.7657,1.55597,-0.70583,40.24051,359.9729,359.0761,-0.00635,-0.02887,0.01304,0.03231,22.84711,3.56939,0.8094,-0.67028,48.0514,336.3499,310.1822,-0.05458,-0.00656,-0.10082,0.11484,20.03944,3.94763,1.11429,-0.53652,19.26833,13.99504,357.291,-0.03928,-0.3098,-0.00716,0.31236,63.90394
8.0086,3.78632,1.55523,-0.69697,40.44746,359.5999,359.0853,0.00399,-0.03272,0.01384,0.03575,19.94076,3.58898,0.80914,-0.6642,48.3743,336.0112,310.1098,-0.04361,-0.01072,-0.11101,0.11975,18.91658,3.96612,1.10676,-0.52849,20.96759,12.67499,356.0235,-0.08347,-0.33518,-0.02208,0.34612,94.60074
8.03082,3.80687,1.55452,-0.68815,40.72032,359.2025,359.1734,0.00352,-0.03159,0.00718,0.03259,23.43081,3.60827,0.80876,-0.65775,48.44809,335.4608,309.6119,-0.05154,-0.01575,-0.10244,0.11575,16.48114,3.98576,1.09996,-0.52057,21.85594,12.28901,355.8208,-0.04624,-0.31372,-0.0324,0.31876,52.15005
8.05304,3.82731,1.55412,-0.67956,40.9107,358.7138,359.1453,-0.00127,-0.02053,0.00106,0.0206,22.7562,3.62769,0.80874,-0.65099,48.39434,335.0261,309.2837,-0.04789,-0.00421,-0.08722,0.09959,13.34943,4.00645,1.09294,-0.5129,22.74501,12.89684,356.9108,0.00504,-0.31916,-0.04415,0.32224,57.46061
8.07526,3.8475,1.55381,-0.67058,40.98706,358.1365,358.9578,-0.00598,-0.01622,0.00352,0.01764,21.70706,3.64701,0.80863,-0.64405,48.51592,334.5073,309.0528,-0.0475,-0.0048,-0.08841,0.10048,16.11124,4.02699,1.08591,-0.50546,24.11575,13.42872,357.3213,0.00064,-0.31378,-0.06046,0.31955,59.39129
8.09748,3.86757,1.55355,-0.66112,41.02933,357.5868,358.7828,-0.00718,-0.01348,0.01167,0.01922,20.77759,3.66625,0.80864,-0.63677,48.55278,334.0876,308.8199,-0.04567,0.00031,-0.08562,0.09704,13.87833,4.0449,1.07935,-0.49773,25.38829,12.30754,356.4892,-0.08357,-0.30041,-0.06294,0.31811,66.30518
8.1197,3.8877,1.55328,-0.65117,41.10099,357.0613,358.6588,-0.00362,-0.01201,0.02545,0.02837,20.64263,3.68555,0.80919,-0.62926,48.77333,333.7892,309.031,-0.0408,0.01728,-0.08117,0.09247,19.05137,4.05975,1.07218,-0.49031,26.82806,9.8621,355.3742,-0.19139,-0.31566,-0.07856,0.37742,96.91794
8.14192,3.90765,1.55302,-0.64151,41.20771,356.532,358.5001,-0.0046,-0.01223,0.00948,0.01615,20.53942,3.70495,0.80986,-0.62109,48.63194,333.6705,309.0691,-0.03186,0.02671,-0.0663,0.07826,10.19554,4.07795,1.06646,-0.4823,27.00741,9.75369,356.0693,-0.10312,-0.27122,-0.0701,0.29851,37.25957
8.16414,3.9275,1.55274,-0.63171,41.33271,356.0195,358.4088,-0.00465,-0.01329,0.00405,0.01465,21.19432,3.72435,0.81014,-0.61276,48.67613,333.4678,309.1216,-0.02914,0.01483,-0.06876,0.07614,10.7543,4.0968,1.05991,-0.47396,27.43417,10.16718,357.4284,-0.07016,-0.28936,-0.06597,0.30496,44.59909
8.18635,3.94661,1.55249,-0.6207,41.40706,355.4514,358.2755,-0.00692,-0.0126,0.00138,0.01444,22.23539,3.74348,0.81051,-0.60308,48.7342,333.4373,309.1624,-0.01541,0.01588,-0.06448,0.06817,5.69411,4.11382,1.05157,-0.46448,28.6253,10.00789,358.7704,-0.09339,-0.34343,-0.06804,0.36234,66.54689
8.20858,3.9648,1.5522,-0.6081,41.44622,354.7823,358.011,-0.01337,-0.01359,0.01354,0.02339,23.80449,3.76234,0.811,-0.59207,48.81102,333.7148,309.2781,0.00381,0.02044,-0.05725,0.06091,5.01757,4.12801,1.04269,-0.45379,30.17141,8.04672,358.2463,-0.17128,-0.38693,-0.07131,0.42911,92.10889
8.23081,3.98198,1.55181,-0.59427,41.60625,354.12,357.7826,-0.01636,-0.0161,0.00903,0.02466,24.76114,3.77932,0.81118,-0.57965,48.84958,333.2902,309.0488,-0.02128,0.00926,-0.05568,0.06032,10.66429,4.14213,1.03378,-0.44175,31.14999,6.68503,358.2867,-0.14744,-0.39293,-0.06985,0.42545,73.16093
8.25303,3.99728,1.55144,-0.57883,41.84577,353.4378,357.641,-0.02293,-0.01649,-0.002,0.02832,27.85347,3.79311,0.81145,-0.56496,48.45617,331.8868,307.7298,-0.08534,0.01127,-0.04039,0.09509,43.57957,4.15811,1.02509,-0.42749,31.78179,7.61454,359.3428,-0.01385,-0.39837,-0.06002,0.4031,49.15173
8.27525,4.01153,1.55104,-0.56231,41.99506,352.6862,357.4047,-0.02847,-0.0179,0.0022,0.0337,28.43881,3.80626,0.81209,-0.54915,47.84212,330.9662,306.9162,-0.08389,0.02863,-0.02759,0.09283,42.25412,4.17272,1.01533,-0.41266,33.11121,8.19722,0.43879,-0.00458,-0.44058,-0.07207,0.44646,71.23508
8.29747,4.02517,1.55053,-0.54485,42.08294,351.9142,357.2484,-0.02626,-0.02215,0.0156,0.03773,30.5969,3.81886,0.81326,-0.53234,47.10278,330.4863,307.1231,-0.07697,0.04618,-0.01517,0.09103,41.6755,4.18613,1.00499,-0.39765,34.77017,8.16436,0.88233,-0.02911,-0.46306,-0.08988,0.4726,75.00378
8.31969,4.03839,1.54971,-0.52662,42.31316,350.9924,356.9647,-0.02845,-0.03735,0.03805,0.06043,36.36447,3.82991,0.81465,-0.51513,45.84647,329.1667,305.8789,-0.12647,0.06751,-0.00356,0.14341,72.06446,4.19844,0.99419,-0.38284,36.64774,7.53016,0.66187,-0.06133,-0.49528,-0.11778,0.51277,89.61784
8.34191,4.05133,1.54891,-0.50898,42.60169,350.0456,356.5955,-0.03318,-0.03597,0.01505,0.0512,35.90543,3.84052,0.81443,-0.49906,45.34393,326.9811,303.5204,-0.13542,0.00021,-0.05377,0.1457,75.15794,4.21141,0.98292,-0.3683,38.55835,7.40425,0.63079,-0.03918,-0.50717,-0.12974,0.52497,87.86732
8.36413,4.06293,1.5482,-0.49409,42.91597,349.2,356.275,-0.03127,-0.03155,0.00838,0.0452,33.28467,3.85055,0.81421,-0.48607,45.41714,325.4932,302.7151,-0.10923,-0.0016,-0.06586,0.12756,49.95296,4.22302,0.97177,-0.35659,40.34546,7.64162,1.5153,-0.03666,-0.49357,-0.12983,0.51167,83.45229
8.38636,4.07044,1.54721,-0.48567,43.31495,348.4017,355.863,-0.02824,-0.03964,0.01165,0.05004,31.73881,3.85714,0.81562,-0.48032,46.5166,324.9438,305.5959,-0.06839,0.04375,-0.08407,0.11687,78.03906,4.23121,0.9598,-0.35303,43.28887,8.12879,0.74114,-0.01557,-0.51612,-0.17871,0.5464,119.7075
8.40858,4.06988,1.54622,-0.48485,43.53976,347.5082,355.6823,-0.02635,-0.04261,0.03003,0.05841,35.15612,3.85682,0.81595,-0.48229,46.52838,324.6348,304.5386,-0.04075,0.02177,-0.08664,0.09819,18.02753,4.22899,0.9496,-0.35734,46.0351,6.38207,356.4851,-0.08061,-0.47195,-0.18565,0.51351,155.3196
8.43081,4.06926,1.54526,-0.48401,43.76259,346.5124,355.3559,-0.02739,-0.04221,0.03312,0.06024,36.40165,3.85542,0.81552,-0.48472,46.68307,323.3983,303.2035,-0.05803,-0.00976,-0.10348,0.11904,35.58589,4.2251,0.94042,-0.36134,47.68975,4.38445,354.25,-0.14224,-0.4285,-0.17912,0.48572,107.4139
8.45303,4.06877,1.54427,-0.48362,44.19719,345.5846,354.832,-0.02298,-0.04317,0.02061,0.05307,35.61703,3.85584,0.8173,-0.48554,46.29962,324.243,304.6705,-0.00121,0.0615,-0.0517,0.08035,36.31027,4.22123,0.93217,-0.36532,47.96745,5.03423,358.0695,-0.16244,-0.39242,-0.18197,0.46206,106.9148
8.47526,4.06851,1.54323,-0.48324,44.60415,344.8168,354.4443,-0.01398,-0.04637,0.01869,0.05191,32.31369,3.85548,0.81863,-0.48695,46.22194,324.2814,305.661,-0.01664,0.0537,-0.06578,0.08653,36.34834,4.2191,0.92394,-0.36943,48.62051,6.37406,1.5321,-0.10984,-0.37385,-0.18358,0.43073,109.1611
8.49749,4.06817,1.54226,-0.48237,44.81465,343.8752,353.914,-0.01453,-0.04433,0.03652,0.05925,31.96798,3.85496,0.8189,-0.48946,46.42735,323.7967,305.3523,-0.01982,0.02398,-0.10045,0.10515,13.21864,4.21641,0.91681,-0.37332,49.50675,5.87496,0.98008,-0.11995,-0.33495,-0.17534,0.39664,40.99752
8.51972,4.06806,1.54126,-0.48129,45.06082,342.9233,353.3089,-0.0072,-0.04452,0.04373,0.06282,31.90812,3.85419,0.81943,-0.49197,46.36235,323.2484,304.7568,-0.03264,0.02465,-0.11068,0.11799,16.77474,4.21248,0.90972,-0.3772,50.63808,3.88981,358.6024,-0.16525,-0.32574,-0.17572,0.40533,69.96555
8.54194,4.06811,1.5403,-0.48063,45.4776,342.1313,352.7744,-0.00195,-0.04334,0.03196,0.05389,31.1331,3.8535,0.82009,-0.49462,46.47039,322.8271,304.6504,-0.02949,0.02803,-0.11495,0.12193,14.79244,4.20837,0.90178,-0.3813,51.81485,2.31211,358.0668,-0.17365,-0.35161,-0.18205,0.43235,68.50814
8.56416,4.06854,1.53919,-0.4801,45.82006,341.4139,352.2747,0.01437,-0.04806,0.02628,0.05664,28.25267,3.85313,0.82059,-0.49772,46.78869,322.514,304.8391,-0.02108,0.02121,-0.1373,0.14052,22.7688,4.20526,0.89381,-0.38454,52.42021,2.01728,-0.00128,-0.13822,-0.35811,-0.15279,0.41315,83.16891
8.58638,4.06888,1.53822,-0.4796,46.08368,340.6151,351.8245,0.01524,-0.04434,0.02295,0.0522,28.29208,3.85268,0.82155,-0.50058,46.7657,322.1432,304.5466,-0.0203,0.04075,-0.13049,0.1382,11.05356,4.20404,0.88617,-0.38769,53.80394,1.94355,359.3266,-0.07153,-0.34579,-0.14295,0.38095,59.81128
8.6086,4.06932,1.53741,-0.47883,46.27347,339.6217,351.1718,0.02043,-0.03776,0.03322,0.05429,31.38943,3.85194,0.82251,-0.50357,46.63373,321.6739,303.9999,-0.0314,0.0384,-0.13428,0.14315,15.0916,4.20238,0.88093,-0.38944,54.24073,1.03201,357.7234,-0.07988,-0.26355,-0.09577,0.29157,43.20584
8.63082,4.06982,1.53675,-0.47813,46.38519,338.7414,350.3827,0.02214,-0.03122,0.03012,0.0487,28.79797,3.85076,0.82348,-0.50672,46.56089,321.1694,303.7717,-0.04873,0.0433,-0.14019,0.15461,16.60485,4.20007,0.87708,-0.39014,53.87893,0.18754,358.0838,-0.09338,-0.19367,-0.04385,0.21943,38.39217
8.65304,4.07045,1.53611,-0.4776,46.51456,337.9473,349.7203,0.02784,-0.02971,0.02528,0.04793,26.18441,3.84957,0.82423,-0.51007,46.82199,320.5031,303.6231,-0.05438,0.03592,-0.15135,0.16479,26.64202,4.19934,0.87274,-0.39039,53.89122,0.45406,359.2005,-0.04595,-0.19999,-0.02186,0.20636,33.77821
8.67525,4.07128,1.53525,-0.47713,46.63586,337.2165,349.2522,0.03389,-0.03703,0.02185,0.05475,24.17971,3.84832,0.82522,-0.51322,46.88924,319.9391,303.4439,-0.05602,0.04387,-0.14338,0.16006,21.44062,4.19977,0.86766,-0.39075,54.76198,1.03229,359.0953,0.00026,-0.22326,-0.0206,0.22421,34.58596
8.69748,4.07188,1.53433,-0.4768,46.69766,336.0733,348.8019,0.02771,-0.0409,0.01813,0.05262,35.02977,3.84687,0.82628,-0.51636,46.91055,319.314,303.1647,-0.06195,0.04575,-0.14163,0.16121,20.91822,4.19987,0.86284,-0.3911,55.92882,0.81366,357.6957,-0.00377,-0.21739,-0.0187,0.21823,57.82953
8.7197,4.07256,1.53322,-0.4765,46.95808,334.8613,348.155,0.03087,-0.04826,0.01357,0.05888,38.49128,3.84515,0.8274,-0.51981,46.86179,318.5162,302.6391,-0.07335,0.04904,-0.15274,0.1764,23.09477,4.19827,0.85924,-0.39092,56.45837,358.8901,355.7781,-0.05826,-0.17956,-0.00152,0.18878,49.71548
8.75303,4.07391,1.53227,-0.47641,47.17881,333.7679,347.5213,0.03817,-0.03334,0.00545,0.05097,27.48104,3.84277,0.82827,-0.52564,47.12675,317.1331,301.3404,-0.07208,0.03171,-0.16938,0.18679,28.1021,4.19712,0.85342,-0.3902,56.52626,358.1252,356.6537,-0.04059,-0.17587,0.01573,0.18118,36.54772
8.77526,4.07493,1.532,-0.47589,46.99476,333.2717,347.2739,0.04399,-0.01686,0.0198,0.0511,19.58049,3.84098,0.82882,-0.52939,47.18638,316.0774,300.3096,-0.07789,0.03022,-0.16637,0.18618,32.02823,4.19914,0.84915,-0.38912,56.60786,0.19847,359.0313,0.05143,-0.18917,0.03689,0.19947,40.43985
8.79748,4.07585,1.53199,-0.47522,46.67435,332.6212,347.0689,0.04131,-0.0045,0.02841,0.05034,25.70908,3.8392,0.82996,-0.53282,47.11901,315.0804,299.6713,-0.07905,0.04728,-0.15709,0.1821,30.21915,4.20027,0.845,-0.3883,56.8544,0.90952,0.33068,0.04717,-0.18585,0.03614,0.19512,38.44868
8.8197,4.07666,1.53199,-0.47452,46.39019,331.8651,346.5748,0.0373,-0.00108,0.03008,0.04793,25.58335,3.83765,0.83161,-0.53567,46.83368,314.7654,300.1473,-0.07111,0.06641,-0.13458,0.16607,30.27211,4.20132,0.84152,-0.38742,56.99792,1.24645,1.38138,0.04629,-0.1641,0.03773,0.17463,34.70426
8.84192,4.0774,1.53206,-0.47435,46.26793,331.2398,346.0612,0.03462,0.00192,0.01217,0.03675,20.95842,3.83637,0.83242,-0.53888,46.86959,314.2142,300.2212,-0.06044,0.04068,-0.14373,0.16114,26.00611,4.20282,0.83874,-0.38609,57.22505,1.50157,1.47553,0.06035,-0.13507,0.0546,0.15769,11.97346
8.86414,4.0783,1.53199,-0.47417,46.16473,330.6761,345.6541,0.03958,-0.00199,0.00924,0.04069,18.53567,3.83508,0.83281,-0.54232,46.8695,313.3745,299.5813,-0.05821,0.02287,-0.15197,0.16434,24.01588,4.2038,0.83646,-0.38458,57.38345,1.22715,1.03656,0.04587,-0.11413,0.06194,0.13772,9.38011
8.88637,4.0796,1.53175,-0.47403,46.20188,330.4289,345.4594,0.05342,-0.00967,0.00701,0.05474,10.64225,3.83399,0.83314,-0.54544,46.95044,312.7075,299.4853,-0.05351,0.01702,-0.14412,0.15467,27.41847,4.20432,0.8351,-0.38298,57.40802,0.62455,0.93296,0.02957,-0.07887,0.06619,0.10713,19.30284
8.90859,4.08142,1.53098,-0.47374,46.50771,330.4938,345.5179,0.07563,-0.02949,0.01267,0.08216,10.64461,3.8328,0.8335,-0.5486,46.94917,311.9039,299.0529,-0.0525,0.01606,-0.14256,0.15277,25.56355,4.20535,0.833,-0.38172,57.63008,0.78404,1.67481,0.04408,-0.09042,0.05871,0.11647,24.55705
8.93082,4.08341,1.53012,-0.47337,46.85476,330.798,345.7578,0.08501,-0.03577,0.01433,0.09333,15.62291,3.83223,0.8337,-0.55175,47.08725,311.2575,298.6851,-0.02971,0.00937,-0.14131,0.1447,21.97097,4.20615,0.83133,-0.38015,57.86668,0.3662,1.30535,0.03518,-0.07581,0.06926,0.10855,14.36579
8.95304,4.0854,1.52923,-0.47326,47.22248,330.9753,346.1582,0.08708,-0.03826,0.00832,0.09548,18.79,3.83171,0.83385,-0.55458,47.10383,310.539,298.195,-0.02439,0.00881,-0.1281,0.1307,21.10195,4.20622,0.82978,-0.37858,57.89238,359.8159,1.603,0.01081,-0.07156,0.07,0.10069,31.27131
8.97525,4.087,1.52867,-0.47272,47.2697,330.9632,346.3613,0.07552,-0.02749,0.02143,0.08318,11.12467,3.83128,0.83446,-0.55673,46.69392,310.0255,297.8994,-0.01887,0.02076,-0.10551,0.10918,22.07882,4.20635,0.82862,-0.37658,57.70755,359.2191,1.48491,0.00766,-0.05588,0.08699,0.10368,23.52036
8.99748,4.08868,1.52827,-0.47197,47.31335,331.0291,346.5578,0.07534,-0.0204,0.03005,0.08364,8.21766,3.83099,0.83463,-0.55932,46.69725,309.3603,297.5974,-0.01742,0.01257,-0.11566,0.11764,21.63556,4.20644,0.82728,-0.37458,57.61015,358.6942,1.40235,0.00697,-0.06242,0.08592,0.10643,21.20864
9.0197,4.09041,1.52808,-0.47084,47.23527,330.9178,346.7171,0.0751,-0.0104,0.0463,0.08884,10.75061,3.83183,0.8346,-0.56164,46.80458,308.8825,297.2933,0.02661,0.00128,-0.1087,0.11191,17.10895,4.20672,0.82665,-0.37179,57.04863,358.6875,1.93559,0.01341,-0.03485,0.11794,0.12371,31.65899
9.04193,4.09129,1.52814,-0.4703,46.89518,329.9513,346.4632,0.0411,0.00505,0.03042,0.05138,40.1301,3.83345,0.83459,-0.56394,47.14195,308.4779,297.1549,0.08237,-0.0032,-0.10108,0.13043,21.34008,4.2073,0.8251,-0.36967,57.23548,358.8423,2.34342,0.02554,-0.06225,0.10325,0.12324,15.15685
9.06415,4.0909,1.52905,-0.46994,46.15095,327.9846,345.5848,-0.01641,0.04126,0.01908,0.04833,75.00179,3.83501,0.83489,-0.56585,47.18401,308.1464,296.9206,0.07998,0.01071,-0.08487,0.11711,10.25681,4.20767,0.82376,-0.36778,57.40996,358.7141,2.57621,0.01778,-0.05946,0.08904,0.10853,17.0359
9.08637,4.09019,1.53014,-0.46973,45.34052,325.9753,344.3202,-0.0226,0.04326,0.01227,0.05033,69.773,3.83627,0.83518,-0.56782,47.15843,307.8102,296.7036,0.06061,0.01206,-0.08914,0.10847,10.34925,4.20794,0.82263,-0.36575,57.38155,358.5458,2.75859,0.01395,-0.05393,0.09043,0.10621,14.6769
9.10859,4.08844,1.5319,-0.46989,44.11677,323.223,342.5826,-0.07605,0.07805,-0.0051,0.10909,103.1707,3.83793,0.83545,-0.5698,47.29466,307.4703,296.4888,0.0766,0.01262,-0.08726,0.1168,11.05995,4.20844,0.82165,-0.36361,57.33632,358.6103,2.98042,0.02245,-0.04465,0.09614,0.10835,7.64166
9.13082,4.0825,1.53694,-0.47102,40.89376,317.3669,339.8888,-0.19378,0.17188,-0.03644,0.26158,194.568,3.8407,0.83625,-0.57122,47.45631,307.3506,296.2126,0.10231,0.02857,-0.07147,0.12803,8.89011,4.20934,0.82103,-0.36157,57.42554,358.6696,2.43034,0.03323,-0.03725,0.08947,0.10245,14.30288
9.15305,4.07765,1.54153,-0.4726,38.05931,312.7266,338.0829,-0.19937,0.18747,-0.05938,0.28003,197.3559,3.84275,0.83696,-0.57244,47.44411,307.0892,296.1455,0.09469,0.02913,-0.06002,0.11583,8.76757,4.20944,0.82013,-0.36002,57.69125,358.2137,2.1535,0.00943,-0.03705,0.0765,0.08553,12.19512
9.17527,4.07286,1.54634,-0.4752,35.2465,308.5956,336.1389,-0.20247,0.20122,-0.09711,0.30152,191.3293,3.8451,0.83738,-0.57365,47.66814,306.9848,295.9459,0.10258,0.02169,-0.05555,0.11866,9.45948,4.20947,0.8198,-0.35812,57.59416,357.6921,1.76456,0.00487,-0.02141,0.08336,0.0862,10.98867
9.1975,4.06862,1.55133,-0.47734,32.05145,304.8321,334.5932,-0.20141,0.23296,-0.10252,0.32457,209.7145,3.84743,0.83781,-0.57422,47.79006,307.0259,295.5656,0.10717,0.02036,-0.02505,0.11193,18.94824,4.2103,0.8198,-0.35607,57.34902,357.8479,1.67086,0.03496,0.00003,0.09023,0.09677,14.69902
9.21972,4.06482,1.55689,-0.47952,28.70732,301.0061,333.904,-0.17766,0.2443,-0.10019,0.31825,214.4762,3.84912,0.83823,-0.57433,47.8253,306.8052,295.3637,0.08243,0.02016,-0.00992,0.08544,6.62424,4.21085,0.8196,-0.35458,57.33042,357.7146,1.46803,0.02554,-0.0068,0.07292,0.07756,6.46247
9.24194,4.06071,1.56318,-0.48379,25.25983,296.9658,333.2902,-0.18424,0.27305,-0.17312,0.37212,226.2253,3.85015,0.83954,-0.5733,47.4892,306.5502,295.9919,0.05722,0.04967,0.02914,0.08118,29.47966,4.21072,0.81924,-0.35352,57.42976,356.9941,1.21929,0.00364,-0.01574,0.05536,0.05767,17.17841
9.26418,4.05692,1.56927,-0.48796,21.89047,293.4856,332.5857,-0.17143,0.27252,-0.18365,0.37065,213.5757,3.85182,0.84061,-0.57279,47.54179,306.4296,296.6703,0.07229,0.04752,0.02447,0.0899,32.37653,4.21142,0.81848,-0.35219,57.50877,357.1071,1.51293,0.02721,-0.03124,0.05865,0.07181,8.9353
9.28639,4.05446,1.57432,-0.49253,19.28131,290.4478,332.1523,-0.12195,0.23428,-0.20213,0.33259,182.7356,3.85404,0.84133,-0.57234,47.73133,306.5813,297.0463,0.09442,0.03518,0.02205,0.10315,16.93679,4.2121,0.81752,-0.35114,57.74372,356.9743,1.22903,0.02886,-0.03965,0.04968,0.0698,9.93926
9.30861,4.05337,1.57793,-0.49695,17.43391,287.6356,331.9343,-0.06819,0.1796,-0.19857,0.27629,156.9236,3.85601,0.84212,-0.57174,47.6898,306.7866,297.2004,0.08797,0.03674,0.02475,0.0985,6.50429,4.21243,0.8166,-0.35024,57.93194,356.7057,1.17106,0.01782,-0.04191,0.04204,0.06198,11.98964
9.33083,4.05265,1.58103,-0.50126,15.81802,285.1394,332.1196,-0.04774,0.15436,-0.19303,0.25173,142.6212,3.85755,0.84285,-0.57113,47.61406,306.7723,297.4375,0.07398,0.0336,0.02585,0.08526,10.3141,4.21277,0.81589,-0.34931,57.89718,356.763,1.89675,0.0165,-0.03208,0.0444,0.05721,23.69509
9.35305,4.05221,1.58384,-0.50487,14.56741,283.2391,332.1862,-0.02653,0.13128,-0.16852,0.21526,109.9061,3.85912,0.84339,-0.57035,47.54507,306.8099,297.6244,0.07226,0.02581,0.03174,0.08303,7.76791,4.21324,0.81571,-0.34797,57.75859,356.6981,2.24313,0.02039,-0.01578,0.05539,0.0611,16.41613
9.37528,4.05251,1.58501,-0.5079,14.29462,281.9924,331.8322,0.01092,0.06076,-0.14007,0.15307,60.69567,3.86095,0.84378,-0.5695,47.51362,307.0391,297.5305,0.08094,0.01925,0.03754,0.09127,10.54955,4.21427,0.81558,-0.34642,57.86842,356.6363,1.61376,0.04406,-0.00567,0.06884,0.08193,21.00157
9.3975,4.05334,1.58483,-0.50939,14.53517,281.5571,332.2603,0.03873,-0.00363,-0.07292,0.08265,32.35324,3.8625,0.84421,-0.56871,47.55457,307.121,297.5181,0.07047,0.01885,0.03753,0.08204,5.98306,4.21507,0.81534,-0.34514,58.07338,356.3679,0.78815,0.03837,-0.00861,0.05964,0.07144,30.72344
9.41973,4.05373,1.58529,-0.50996,14.34345,281.2299,333.0691,0.02429,0.01128,-0.03114,0.04108,36.29688,3.86354,0.84466,-0.56783,47.44938,307.1289,297.6155,0.05069,0.02103,0.04058,0.06826,4.52946,4.21578,0.81538,-0.34383,58.13068,356.1002,0.04731,0.03352,-0.00022,0.05929,0.06811,25.18489
9.44195,4.0537,1.58645,-0.51131,13.83116,280.5128,333.5672,0.00022,0.0491,-0.06394,0.08061,50.17356,3.86443,0.84515,-0.56692,47.31466,307.0517,297.7121,0.04771,0.02156,0.03903,0.0653,6.66499,4.21642,0.81541,-0.34254,58.09296,355.9837,359.7867,0.03033,-0.00141,0.05833,0.06577,12.90997
9.46417,4.05665,1.58279,-0.50805,16.15456,283.1412,334.3135,0.09015,-0.09287,0.07629,0.15024,91.14799,3.86393,0.84581,-0.56536,47.0299,306.607,297.9654,0.00526,0.02432,0.05693,0.06213,20.99133,4.21623,0.81561,-0.34196,57.77689,356.0429,0.82376,0.0019,0.00558,0.03511,0.0356,29.54867
9.48639,4.05787,1.58246,-0.50744,16.57096,283.7162,334.8244,0.06461,-0.03464,0.04224,0.08461,48.7756,3.86474,0.846,-0.56446,47.02241,306.5799,298.1244,0.02906,0.0115,0.04506,0.05484,10.51721,4.21652,0.81565,-0.34137,57.73109,355.9496,1.057,0.01046,0.00232,0.02689,0.02895,17.25329
9.50861,4.05956,1.58175,-0.50565,17.16053,284.6925,335.2198,0.07015,-0.03039,0.06422,0.09984,45.75259,3.86565,0.84611,-0.56359,46.96394,306.4863,298.1817,0.03821,0.00785,0.0406,0.05631,7.83185,4.21681,0.81553,-0.34129,57.82154,355.7021,0.93422,0.01335,-0.00421,0.01148,0.01811,8.63865
9.53084,4.06152,1.58069,-0.50389,17.74926,285.6498,335.5743,0.08232,-0.03954,0.07011,0.11513,46.46908,3.86693,0.84621,-0.56287,47.00237,306.4459,298.1718,0.05446,0.00399,0.03359,0.06411,2.5197,4.21757,0.81545,-0.34117,57.77434,355.8456,1.17834,0.02949,-0.00312,0.00642,0.03035,5.72633
9.55305,4.06297,1.58057,-0.50286,17.91951,286.2081,335.7484,0.07021,-0.01291,0.05445,0.08979,30.27953,3.86837,0.84597,-0.56232,47.1085,306.5569,298.1657,0.06612,-0.00993,0.02544,0.07154,7.59824,4.21831,0.81558,-0.34092,57.76843,355.7652,1.21147,0.03463,0.00421,0.00867,0.03594,4.79868
9.57528,4.06463,1.58018,-0.50157,18.26595,286.9635,335.4155,0.07514,-0.01937,0.05943,0.09774,41.7865,3.87005,0.84564,-0.56152,47.28875,306.7465,298.1234,0.07742,-0.01553,0.03514,0.08643,13.39171,4.219,0.81571,-0.34028,57.69456,355.5981,0.9025,0.03209,0.00596,0.0264,0.04197,8.89339
9.59751,4.06712,1.57878,-0.49953,19.17738,288.1769,335.3714,0.10406,-0.05187,0.08599,0.14461,60.24955,3.87164,0.84543,-0.56036,47.2998,307.0405,297.9082,0.07205,-0.01066,0.04916,0.08787,19.47141,4.22011,0.81572,-0.33949,57.6526,355.6638,0.63461,0.04745,0.00078,0.03281,0.05769,12.8693
9.61973,4.06946,1.57773,-0.49726,19.69504,289.2698,335.9081,0.10355,-0.04688,0.09717,0.14954,52.53332,3.87249,0.8455,-0.55938,47.05328,307.0979,297.9322,0.04499,0.00009,0.04518,0.06376,8.99202,4.22143,0.81567,-0.33922,57.67372,355.9383,0.86129,0.05619,-0.00127,0.01685,0.05867,5.66878
9.64195,4.07227,1.57641,-0.49399,20.55464,291.1437,336.2174,0.1244,-0.05958,0.13933,0.19605,85.50492,3.87317,0.84544,-0.55861,47.117,306.8929,298.157,0.03711,-0.00228,0.03764,0.05291,10.42865,4.22293,0.81551,-0.33889,57.59725,356.2277,1.26379,0.06389,-0.00633,0.0162,0.06622,7.57095
9.66417,4.07426,1.57559,-0.49228,21.08425,292.1863,336.4984,0.09829,-0.04253,0.09272,0.14165,58.8781,3.87425,0.84535,-0.55784,47.10805,306.9056,298.206,0.0457,-0.00368,0.03565,0.05808,2.60716,4.22404,0.81554,-0.33851,57.56147,356.3449,1.37051,0.05319,-0.00038,0.01663,0.05573,1.89274
9.6864,4.07975,1.5715,-0.48694,23.92052,296.4486,337.677,0.19879,-0.13866,0.18866,0.30714,165.2512,3.87576,0.8456,-0.55682,47.22626,307.3798,298.2516,0.05943,0.00739,0.04164,0.07294,12.16636,4.22649,0.81488,-0.33883,57.74849,356.8138,1.56825,0.09088,-0.01855,-0.00733,0.09304,12.12257
9.70862,4.08445,1.56851,-0.48201,25.92913,300.0123,338.7137,0.21095,-0.13649,0.21558,0.33107,173.4964,3.87697,0.84571,-0.55599,47.25143,307.6293,298.3744,0.05635,0.00411,0.03832,0.06827,9.43784,4.22832,0.81474,-0.33889,57.74065,357.175,1.74786,0.08451,-0.01083,-0.0047,0.08533,10.18249
9.73084,4.09035,1.56473,-0.47649,28.68492,304.8293,340.0008,0.259,-0.1672,0.24298,0.39252,224.6623,3.87815,0.84554,-0.55501,47.29272,308.0496,298.4046,0.05172,-0.00559,0.04359,0.06787,16.56815,4.22997,0.81461,-0.339,57.69731,357.4647,1.94308,0.07659,-0.00659,-0.00529,0.07706,7.90987
9.75307,4.09736,1.5598,-0.47138,31.87153,310.3602,341.9761,0.29182,-0.20198,0.22648,0.42101,242.5052,3.87889,0.84549,-0.55413,47.2841,308.1746,298.3881,0.03845,-0.0029,0.04005,0.0556,8.2328,4.23141,0.81439,-0.33925,57.74834,357.6123,1.97838,0.06775,-0.00869,-0.00956,0.06897,5.79769
9.77529,4.10529,1.55411,-0.46699,35.03105,316.1266,344.6543,0.33595,-0.23659,0.20147,0.45763,250.4622,3.87891,0.84557,-0.55321,47.24996,308.0843,298.4745,0.01076,0.00131,0.04155,0.04294,3.70775,4.23273,0.81402,-0.33963,57.78645,357.7429,2.39863,0.06352,-0.01401,-0.01218,0.06618,11.08016
9.79751,4.11308,1.54958,-0.46303,37.67779,321.7406,346.8809,0.34436,-0.20931,0.18466,0.44328,241.8942,3.87907,0.84561,-0.55206,47.13381,308.1584,298.546,0.00963,0.00128,0.04906,0.05001,4.58671,4.23445,0.81376,-0.33959,57.73309,358.0925,2.95983,0.07481,-0.012,-0.00169,0.07579,12.62968
9.81973,4.12159,1.54494,-0.45909,40.06457,328.051,349.8311,0.36598,-0.20646,0.17806,0.45637,242.9074,3.87951,0.84564,-0.55088,47.01791,308.3646,298.5286,0.0185,0.00139,0.05038,0.05369,7.8738,4.23656,0.81364,-0.33948,57.70606,358.5827,3.26326,0.08687,-0.00774,0.00161,0.08723,9.76015
9.84195,4.12923,1.54184,-0.45603,41.0928,333.2809,353.1308,0.33738,-0.14745,0.14839,0.39697,191.8603,3.87982,0.8457,-0.54965,46.92949,308.509,298.6548,0.01502,0.00357,0.05406,0.05622,6.36443,4.23964,0.81327,-0.33956,57.84982,359.3244,3.4974,0.12888,-0.01499,-0.00173,0.12976,21.54723
9.86417,4.13523,1.5406,-0.45286,41.41225,337.5944,354.8941,0.28789,-0.07755,0.14293,0.33065,165.8781,3.88025,0.84594,-0.54858,46.81609,308.6234,299.0285,0.01962,0.00841,0.04852,0.05301,11.73317,4.24264,0.81323,-0.3394,57.78783,0.13109,4.25483,0.13419,-0.00284,0.0067,0.13439,18.76249
9.88639,4.1422,1.53915,-0.45053,42.30119,342.8901,356.933,0.30826,-0.07335,0.11345,0.33656,185.9989,3.88109,0.84595,-0.54774,46.79561,308.9552,299.1653,0.03307,0.00265,0.04068,0.05249,9.21161,4.24542,0.81352,-0.33917,57.71724,0.699,4.53641,0.12732,0.00835,0.00896,0.12791,16.77056
9.90861,4.14918,1.53719,-0.44874,43.21727,347.7065,359.2968,0.31016,-0.08582,0.08967,0.33407,171.44,3.88199,0.84578,-0.54721,46.86148,309.2124,299.2139,0.03728,-0.00462,0.02983,0.04797,8.82215,4.24863,0.81362,-0.33933,57.79757,0.90726,4.01212,0.14162,0.00406,-0.00603,0.14181,27.00608
9.93083,4.15441,1.53582,-0.44895,44.09504,350.0598,0.32655,0.24487,-0.065,0.00717,0.25345,102.7343,3.88254,0.84531,-0.5473,46.94725,309.0782,299.4161,0.02588,-0.01817,0.00066,0.03163,12.01731,4.25243,0.81329,-0.3399,57.8742,1.80159,4.60705,0.1636,-0.01045,-0.02,0.16515,21.82908
9.95305,4.15874,1.53427,-0.44898,44.94886,352.4096,1.21807,0.21077,-0.07039,0.00546,0.22228,97.2383,3.88331,0.84493,-0.54753,47.04167,309.0748,299.3864,0.03374,-0.0176,-0.008,0.03889,4.26906,4.25704,0.81252,-0.34054,58.02856,3.49503,6.23559,0.19471,-0.02809,-0.02529,0.19835,35.30908
9.97527,4.16202,1.533,-0.4492,45.73254,354.0901,1.55088,0.16587,-0.06126,-0.0018,0.17683,80.81416,3.88447,0.84437,-0.54798,47.2273,309.2013,299.3124,0.04753,-0.02307,-0.01696,0.05548,9.3121,4.26142,0.81194,-0.34092,58.06692,4.72244,7.41794,0.19462,-0.02537,-0.01909,0.19719,29.89491
9.99749,4.16421,1.53215,-0.44912,46.10232,354.8821,1.60955,0.12244,-0.04602,0.00687,0.13098,52.15127,3.88581,0.8436,-0.54876,47.41271,309.3103,299.1042,0.05641,-0.03124,-0.0286,0.07054,13.6457,4.26602,0.81134,-0.34126,58.2023,5.46127,7.7194,0.20391,-0.02668,-0.01626,0.20629,24.3273
10.0197,4.16551,1.53171,-0.44863,46.14502,355.0008,1.24298,0.07202,-0.02563,0.01878,0.07872,26.11728,3.88707,0.84263,-0.54949,47.6427,309.467,298.8363,0.05556,-0.04174,-0.03201,0.07651,19.39253,4.27054,0.81106,-0.34127,58.23908,6.07223,7.55845,0.20239,-0.01338,-0.00244,0.20284,29.44337
10.04192,4.16619,1.53145,-0.44824,46.15402,354.7344,0.5268,0.04639,-0.0175,0.01808,0.05277,23.57808,3.88805,0.84125,-0.55027,47.79549,309.6694,298.4948,0.04646,-0.06011,-0.03563,0.08391,23.3248,4.27542,0.8112,-0.34116,57.99692,7.14412,8.15185,0.21714,0.00127,0.00168,0.21715,29.76205
10.06414,4.16624,1.53125,-0.44825,46.17619,354.0038,359.6392,0.01544,-0.01185,0.00375,0.01982,23.33539,3.88852,0.84015,-0.55102,47.92663,309.6285,298.1599,0.02503,-0.05024,-0.03407,0.06566,15.72714,4.28027,0.81119,-0.34144,58.00445,8.12444,8.5473,0.21779,0.00043,-0.0095,0.218,30.19326
10.08636,4.16633,1.5311,-0.44837,46.28761,353.4071,359.0932,0.00142,-0.0059,-0.0043,0.00744,21.80156,3.88864,0.83981,-0.5515,48.0507,309.4285,298.0785,0.00795,-0.02249,-0.02427,0.03403,7.43205,4.28478,0.8113,-0.34143,57.88609,8.91502,8.88542,0.20702,0.00497,-0.00157,0.20709,25.48156
10.10858,4.16615,1.53099,-0.44817,46.32224,352.7108,358.5449,-0.00663,-0.00473,0.00625,0.01027,22.26733,3.88893,0.83944,-0.55197,48.1575,309.416,297.8794,0.01345,-0.01879,-0.02246,0.03223,8.93738,4.28914,0.81122,-0.34177,57.89579,9.50911,9.01267,0.19913,-0.00192,-0.01319,0.19958,23.26362
10.1308,4.16563,1.53091,-0.44827,46.34427,351.7756,357.8002,-0.02024,-0.0037,-0.00404,0.02097,27.97526,3.88937,0.83904,-0.55224,48.24595,309.5702,297.6224,0.01741,-0.01804,-0.01386,0.02865,14.94432,4.29375,0.81086,-0.3424,58.10341,10.33323,8.97535,0.20552,-0.01288,-0.02466,0.20739,34.765
10.15302,4.16505,1.53088,-0.44859,46.38049,350.913,357.0574,-0.02359,-0.00183,-0.01137,0.02625,26.9675,3.88937,0.83901,-0.55194,48.24273,309.6027,297.5116,0.00348,-0.00441,0.00734,0.00924,7.54205,4.29804,0.8106,-0.34272,58.01425,11.38924,9.84312,0.19432,-0.01165,-0.01719,0.19543,24.45501
10.17524,4.16478,1.53095,-0.44877,46.37656,350.4547,356.6907,-0.01373,0.00218,-0.00839,0.01624,16.914,3.88915,0.83926,-0.5514,48.1112,309.6585,297.428,-0.00619,0.00731,0.02007,0.02224,7.71825,4.30182,0.8105,-0.34304,57.90075,12.01556,10.38006,0.17591,-0.00627,-0.01597,0.17674,17.14588
10.19746,4.16436,1.53121,-0.44883,46.35106,350.1738,356.6383,-0.01899,0.00985,-0.00251,0.02154,11.73654,3.8887,0.83984,-0.55053,47.92511,309.73,297.534,-0.01748,0.02182,0.03409,0.04409,7.60158,4.30547,0.81014,-0.34352,57.99326,12.45658,10.4171,0.16826,-0.01551,-0.0202,0.17017,18.6424
10.21967,4.16365,1.53142,-0.44878,46.2866,349.5965,356.3686,-0.02753,0.00864,0.0007,0.02886,17.24222,3.88818,0.84052,-0.54961,47.75563,309.6539,297.7593,-0.02177,0.02873,0.04042,0.05416,13.05168,4.30944,0.8094,-0.34382,58.03252,13.50418,11.08733,0.17653,-0.02898,-0.01435,0.17946,24.57904
10.24189,4.16318,1.53152,-0.44891,46.22059,349.131,356.0445,-0.02077,0.00521,-0.00384,0.02175,14.92045,3.88795,0.841,-0.54883,47.7197,309.6666,297.9692,-0.01324,0.0236,0.03638,0.04534,9.62774,4.31291,0.80878,-0.34401,57.94985,14.458,12.00614,0.15767,-0.02772,-0.00923,0.16036,22.45659
10.26411,4.16272,1.53186,-0.44887,46.02198,348.9944,355.9416,-0.01851,0.01231,0.00068,0.02224,9.63151,3.8879,0.84166,-0.54792,47.63112,309.9109,298.1444,-0.00431,0.02744,0.03971,0.04846,7.23196,4.31543,0.80821,-0.34419,57.94978,14.84859,12.42766,0.12261,-0.02681,-0.00915,0.12584,12.1025
10.28634,4.16235,1.53213,-0.44899,45.94748,348.7964,355.9093,-0.01776,0.01174,-0.00472,0.0218,9.27914,3.88783,0.84228,-0.54698,47.51608,310.0634,298.3582,-0.00385,0.02862,0.04242,0.05132,8.39895,4.31784,0.80751,-0.34435,58.07868,15.27116,12.67628,0.10942,-0.03133,-0.0079,0.11409,12.61003
10.30856,4.16167,1.5322,-0.44908,45.95182,348.2991,355.6493,-0.02759,0.00531,-0.00438,0.02843,14.4526,3.88763,0.84283,-0.54625,47.44055,310.1144,298.635,-0.00778,0.02511,0.03463,0.04348,10.07974,4.32025,0.80691,-0.34445,58.03999,15.95352,13.32799,0.10894,-0.02688,-0.00472,0.1123,15.12713
10.33078,4.1614,1.5323,-0.44918,45.91901,348.0129,355.4675,-0.01554,0.00455,-0.00427,0.01675,9.98298,3.88751,0.84335,-0.54547,47.35712,310.1994,298.8101,-0.00611,0.02365,0.03492,0.04262,7.55988,4.32321,0.80634,-0.34461,58.03866,16.59936,13.83489,0.12702,-0.02598,-0.00669,0.12982,15.29729
10.35301,4.16018,1.53269,-0.44947,45.85503,347.2247,355.0884,-0.03775,0.01273,-0.00928,0.04091,19.52385,3.8873,0.84374,-0.54572,47.22906,310.1082,298.8777,-0.00682,0.02018,0.00686,0.02238,7.33989,4.32291,0.80568,-0.34425,58.04065,16.91702,14.41345,0.03308,-0.02887,0.00862,0.04474,9.97914
10.37524,4.15931,1.53312,-0.44949,45.62993,346.5322,354.8148,-0.03822,0.0172,-0.00381,0.04208,23.13571,3.88718,0.84399,-0.54583,47.26856,310.0335,298.9863,-0.00684,0.0144,-0.00053,0.01595,7.4419,4.32324,0.80512,-0.34396,58.10734,16.82038,14.41433,0.01917,-0.02613,0.01196,0.03455,5.21424
10.39746,4.15832,1.53361,-0.44931,45.36279,345.9307,354.4508,-0.04342,0.0207,0.00567,0.04844,22.31742,3.88683,0.84437,-0.54601,47.16412,309.9743,298.996,-0.01404,0.01703,-0.0061,0.0229,4.90103,4.32262,0.80449,-0.34346,58.08229,16.7526,14.64778,-0.0141,-0.02849,0.01951,0.0373,10.2245
10.41968,4.15741,1.53409,-0.44913,45.19433,345.4801,354.2055,-0.04199,0.02169,0.00808,0.04795,17.95652,3.88663,0.8448,-0.54662,47.21602,309.8098,298.9937,-0.0099,0.01909,-0.02162,0.0305,6.90269,4.32184,0.80365,-0.34297,58.17631,16.78695,14.60355,-0.02867,-0.03606,0.0205,0.05043,3.67156
10.44189,4.15675,1.53441,-0.44914,45.07287,344.9418,353.9877,-0.03279,0.01626,0.00162,0.03663,19.01117,3.88626,0.84532,-0.54707,47.17238,309.6906,299.1434,-0.0154,0.02222,-0.01995,0.03359,10.06708,4.32104,0.80281,-0.3426,58.28593,16.71515,14.68767,-0.03481,-0.03697,0.0175,0.05371,6.97737
10.46412,4.15592,1.53469,-0.44914,45.04805,344.2192,353.6842,-0.03645,0.01303,0.00089,0.03872,24.22637,3.8853,0.84605,-0.54799,46.97585,309.3431,299.2145,-0.03655,0.03023,-0.03792,0.06073,17.62151,4.31831,0.80198,-0.34206,58.30806,16.41059,15.06265,-0.10517,-0.0367,0.02392,0.11393,24.86749
10.48634,4.15486,1.5349,-0.449,44.96687,343.2957,353.2249,-0.045,0.01012,0.00515,0.04641,29.17649,3.88483,0.84676,-0.54913,46.95309,309.1583,299.3355,-0.02489,0.03167,-0.04779,0.0625,13.78298,4.31593,0.80103,-0.3415,58.41357,16.05373,15.06202,-0.10263,-0.04091,0.02478,0.11322,16.95401
10.50856,4.15364,1.53507,-0.44866,44.80444,342.4317,352.6641,-0.05326,0.00806,0.01394,0.05564,28.39345,3.8842,0.84732,-0.55048,46.91716,308.9992,299.2564,-0.03023,0.02585,-0.06123,0.07302,6.51775,4.31336,0.80001,-0.34086,58.58556,15.75388,14.86261,-0.11979,-0.04569,0.02884,0.13141,11.43696
10.53078,4.15246,1.53524,-0.44819,44.65253,341.6728,352.195,-0.05275,0.00739,0.01942,0.05669,26.01096,3.88335,0.84772,-0.55219,47.01665,308.7757,299.1732,-0.03434,0.02077,-0.07,0.08069,7.76479,4.31025,0.79895,-0.34013,58.71828,15.35984,14.65126,-0.13058,-0.0468,0.03116,0.14217,12.12628
10.553,4.15171,1.53542,-0.44806,44.54175,341.1063,351.8849,-0.03645,0.00756,0.00867,0.03822,19.76105,3.88289,0.84833,-0.55325,47.00461,308.5981,299.1824,-0.02407,0.02564,-0.05344,0.06397,7.98377,4.3083,0.79798,-0.33958,58.82336,15.12849,14.63284,-0.09846,-0.04431,0.02649,0.11117,11.02583
10.57522,4.15078,1.53523,-0.44755,44.61876,340.4254,351.8208,-0.03932,-0.00304,0.01716,0.04301,24.86394,3.88093,0.84927,-0.5562,46.85257,308.0324,298.914,-0.06529,0.0371,-0.10186,0.12655,15.53775,4.30245,0.79673,-0.3382,58.7629,14.03497,14.01341,-0.20146,-0.05037,0.04747,0.21301,22.08501
10.59744,4.14976,1.5352,-0.44713,44.60627,339.6662,351.5487,-0.04567,-0.00356,0.02062,0.05024,27.5519,3.87945,0.85015,-0.55842,46.84076,307.5462,298.8516,-0.06668,0.03902,-0.10182,0.12781,18.86159,4.29795,0.79556,-0.33727,58.88734,13.27227,13.4754,-0.2024,-0.0531,0.04327,0.21368,18.85505
10.61965,4.14861,1.53519,-0.44646,44.50212,338.9858,351.2117,-0.04967,-0.00131,0.02726,0.05667,23.79257,3.87793,0.85102,-0.56099,46.78639,307.0783,298.6464,-0.06723,0.03881,-0.11156,0.13591,16.30089,4.29376,0.79396,-0.33647,59.13445,12.99768,13.45746,-0.19086,-0.06682,0.03829,0.20581,16.03678
10.64187,4.14766,1.53508,-0.44553,44.3067,338.4506,350.9395,-0.04401,-0.00384,0.03727,0.05779,20.83546,3.8762,0.85196,-0.56392,46.69237,306.5861,298.3009,-0.07515,0.04174,-0.12571,0.15229,15.22587,4.28871,0.79222,-0.33549,59.41853,12.3005,12.95925,-0.21472,-0.07394,0.04154,0.23087,19.54786
10.66409,4.14678,1.53494,-0.44455,44.1734,337.9241,350.7811,-0.04103,-0.00521,0.04018,0.05767,20.64857,3.87428,0.85299,-0.56678,46.56398,306.0385,298.0915,-0.08226,0.04471,-0.12644,0.15733,18.67212,4.28326,0.79058,-0.33443,59.55204,11.45514,12.56536,-0.23559,-0.0736,0.04539,0.25096,23.56822
10.68632,4.14582,1.53471,-0.44377,44.11672,337.1299,350.4861,-0.04345,-0.00894,0.03529,0.05668,26.61994,3.87198,0.85409,-0.57013,46.5167,305.2628,298.038,-0.09667,0.04841,-0.14337,0.17956,28.54353,4.27755,0.78879,-0.33331,59.59934,10.55948,12.17791,-0.25033,-0.0785,0.0499,0.26705,25.17665
10.70854,4.14443,1.53439,-0.44297,44.03486,336.1434,349.9908,-0.05871,-0.01334,0.03596,0.07013,31.44834,3.86978,0.85519,-0.57378,46.46829,304.5707,297.8498,-0.09859,0.04854,-0.16128,0.19516,26.34463,4.27118,0.78694,-0.33213,59.60853,9.33241,11.48693,-0.28163,-0.08395,0.05028,0.29815,31.97969
10.73076,4.14294,1.5341,-0.44232,44.00292,335.0442,349.332,-0.06609,-0.01325,0.02954,0.07359,35.13688,3.86768,0.85613,-0.57765,46.442,303.8567,297.4976,-0.09657,0.04309,-0.17614,0.20545,24.28166,4.26513,0.78469,-0.33124,59.81271,8.6379,11.44522,-0.27937,-0.10124,0.04204,0.30011,31.65252
10.75298,4.14154,1.53409,-0.44186,43.92062,333.8392,348.8788,-0.06411,-0.00296,0.02277,0.0681,41.43143,3.86564,0.85703,-0.58157,46.38617,303.2059,297.0587,-0.09283,0.04104,-0.17563,0.20285,21.23277,4.25957,0.78224,-0.33026,60.07308,8.36645,11.67561,-0.25604,-0.10588,0.04449,0.28062,25.33089
10.7752,4.13955,1.53449,-0.44127,43.52475,332.1582,348.2545,-0.08433,0.01318,0.02669,0.08943,56.17015,3.86324,0.85772,-0.58607,46.37791,302.3457,296.4772,-0.10663,0.03318,-0.19564,0.22527,25.50905,4.25357,0.78014,-0.32865,60.12232,7.99512,11.56916,-0.26995,-0.09673,0.06534,0.2941,16.79536
10.79743,4.13733,1.53503,-0.44063,43.00476,330.5419,347.5032,-0.10241,0.0256,0.02857,0.10936,62.84982,3.86071,0.85838,-0.59054,46.33776,301.4793,295.8036,-0.11345,0.0302,-0.20224,0.23385,27.12416,4.24673,0.77835,-0.32712,60.24594,6.76886,10.69079,-0.30077,-0.08377,0.06781,0.3195,26.56008
10.81965,4.13475,1.53567,-0.44052,42.34667,328.5871,346.8053,-0.11846,0.03128,0.00678,0.12271,77.52682,3.85847,0.8592,-0.59511,46.33565,300.6626,295.1291,-0.10343,0.03541,-0.20409,0.23153,25.7177,4.23955,0.77659,-0.32566,60.47145,5.34421,9.58002,-0.31469,-0.07966,0.06688,0.33143,30.81809
10.84187,4.13132,1.53692,-0.44062,41.42016,325.8667,345.8472,-0.1514,0.05389,-0.00172,0.16071,104.1337,3.85606,0.86016,-0.59957,46.25706,299.795,294.6446,-0.10913,0.04228,-0.20137,0.23291,27.48171,4.23219,0.77515,-0.32387,60.50397,4.17181,8.89306,-0.33181,-0.06728,0.07826,0.34749,30.53863
10.86409,4.12681,1.5386,-0.44056,39.94919,322.6281,344.3011,-0.18997,0.06931,0.00113,0.20222,124.6679,3.85363,0.861,-0.60397,46.22601,298.9215,294.2046,-0.10713,0.0377,-0.19801,0.22827,27.10781,4.22516,0.77377,-0.32207,60.47731,3.26228,8.35852,-0.31989,-0.06389,0.07958,0.33578,25.06718
10.88631,4.12161,1.54049,-0.44134,38.28627,318.6456,342.5182,-0.22523,0.08274,-0.02998,0.24181,153.8282,3.85143,0.8619,-0.60817,46.11419,298.2358,293.6046,-0.10152,0.03942,-0.19171,0.22049,23.81154,4.2182,0.77187,-0.32071,60.87341,2.35364,7.62556,-0.31284,-0.0812,0.06612,0.3299,24.55981
10.90854,4.11579,1.54295,-0.44328,36.55065,314.0555,340.5339,-0.26616,0.11218,-0.08348,0.30065,187.5263,3.84899,0.86288,-0.61241,46.00758,297.3203,293.0936,-0.10858,0.04397,-0.19037,0.22352,28.68607,4.21123,0.77007,-0.31915,61.18702,1.42371,6.81165,-0.3163,-0.07905,0.07069,0.3336,24.54141
10.93076,4.11359,1.54372,-0.4435,35.84195,312.4926,339.9621,-0.12239,0.04751,-0.02642,0.13392,84.69075,3.84672,0.86381,-0.61667,45.91779,296.5136,292.5879,-0.10367,0.04234,-0.19154,0.22187,26.48349,4.20444,0.7683,-0.31766,61.37024,0.44137,6.1141,-0.30795,-0.07955,0.06803,0.32525,23.85448
10.95298,4.11359,1.54372,-0.4435,35.84195,312.4926,339.9621,-0.0306,0.01188,-0.00661,0.03348,21.17269,3.84585,0.86417,-0.61831,45.88197,296.2044,292.3943,-0.0455,0.01865,-0.08479,0.09801,11.57089,4.20184,0.76762,-0.31708,61.43908,0.06121,5.8433,-0.13561,-0.03517,0.02987,0.14325,10.55579
10.9752,4.09257,1.55713,-0.45479,26.54553,296.6928,334.2466,-0.95333,0.60634,-0.50964,1.23944,750.6071,3.84281,0.86722,-0.62495,45.7159,294.75,291.0853,-0.14827,0.14212,-0.31979,0.38006,50.44767,4.18742,0.7661,-0.3131,60.88877,356.8075,3.00939,-0.68258,-0.07734,0.18663,0.71184,76.80184
10.99743,4.08682,1.56085,-0.45839,23.80397,292.2391,333.3426,-0.60622,0.38705,-0.3358,0.79377,486.9612,3.84075,0.86893,-0.62844,45.49307,294.0862,290.5378,-0.12047,0.10959,-0.23837,0.2887,36.61822,4.17944,0.76374,-0.31203,61.29581,355.2587,1.14191,-0.52101,-0.0918,0.11735,0.5419,54.0822
11.01965,4.08276,1.56517,-0.46447,21.14438,287.4379,332.502,-0.28781,0.23598,-0.27583,0.46325,292.4834,3.83853,0.87117,-0.63133,45.07221,293.4871,290.2455,-0.10408,0.10282,-0.15692,0.21454,28.01166,4.1708,0.76137,-0.31111,61.447,353.8382,359.9694,-0.42501,-0.10392,0.05919,0.44152,35.98238
11.04187,4.08146,1.56791,-0.4694,19.53195,284.3183,332.0301,-0.12418,0.1505,-0.22634,0.29883,187.8311,3.83662,0.87391,-0.63326,44.80458,292.9841,290.6057,-0.09082,0.11539,-0.1102,0.18359,31.71123,4.15954,0.75924,-0.31055,61.18452,351.6889,358.5893,-0.49058,-0.09906,0.03078,0.50143,49.72076
11.06409,4.08018,1.57016,-0.47286,18.10246,281.7,331.9328,-0.06778,0.11013,-0.1706,0.21408,142.6497,3.83499,0.8764,-0.63552,44.55264,292.4602,290.5534,-0.07663,0.11166,-0.10391,0.1707,25.79775,4.14722,0.75648,-0.31118,61.67587,348.8841,355.7345,-0.54383,-0.121,-0.01927,0.55746,60.10455
11.0863,4.07967,1.57137,-0.47535,17.26607,279.9005,331.7983,-0.03496,0.06668,-0.12439,0.1454,100.4038,3.83348,0.87861,-0.63767,44.29809,291.9606,290.6711,-0.07085,0.10109,-0.1003,0.15906,28.23005,4.13276,0.75374,-0.31236,62.21486,346.6554,353.7888,-0.62268,-0.11844,-0.03929,0.63506,51.13191
11.10851,4.0805,1.57107,-0.47598,17.63511,279.6156,332.0762,0.01238,0.01,-0.05361,0.05592,39.01538,3.83275,0.87987,-0.63964,44.24994,291.5224,290.7719,-0.04084,0.06656,-0.09184,0.12055,21.96818,4.11054,0.75398,-0.31299,61.55408,342.2817,351.6553,-0.90553,-0.00907,-0.02327,0.90587,106.0516
11.13073,4.08062,1.57103,-0.47614,17.7203,279.3328,332.8957,-0.0085,0.01424,-0.03396,0.03779,46.74334,3.83202,0.88104,-0.64186,44.15135,291.1281,290.5145,-0.03753,0.05815,-0.0995,0.1212,15.28137,4.08792,0.75672,-0.3129,60.48803,335.0771,345.5951,-0.93831,0.06817,-0.00366,0.94079,133.4677
11.15297,4.08149,1.5703,-0.47393,18.05861,280.6343,334.0649,0.02074,-0.01465,0.05733,0.0627,42.43634,3.8325,0.88104,-0.64376,44.18472,290.9437,289.8684,0.00478,0.01663,-0.08981,0.09146,18.8598,4.0552,0.77152,-0.31097,57.46973,320.0573,325.5628,-1.28458,0.48988,0.05634,1.37597,373.9542
11.17519,4.08233,1.56976,-0.47256,18.31947,281.2483,334.6355,0.04199,-0.02896,0.06797,0.08498,40.58744,3.83347,0.88122,-0.64546,44.29004,290.8606,289.1425,0.0368,0.01274,-0.07845,0.08758,26.44645,4.03019,0.78547,-0.30874,54.39647,314.8378,319.3503,-1.16099,0.60443,0.09564,1.31239,229.7685
11.19741,4.08346,1.56934,-0.47144,18.6629,281.6516,335.1013,0.04918,-0.01964,0.05591,0.07701,29.9683,3.83373,0.88137,-0.6469,44.31377,290.7719,288.7354,0.01542,0.00934,-0.06772,0.07007,15.72084,4.00901,0.79975,-0.30724,51.6142,312.8867,320.0201,-1.0005,0.63295,0.06534,1.1857,160.2324
11.21963,4.08409,1.56936,-0.47043,18.68448,281.8839,334.9596,0.03609,-0.00695,0.05275,0.06429,18.68982,3.83327,0.88178,-0.6482,44.33912,290.2316,288.888,-0.01259,0.01432,-0.05823,0.06128,23.69731,3.99163,0.81185,-0.3066,49.34028,310.3806,318.2646,-0.8183,0.5683,0.03563,0.99692,131.4622
11.24185,4.0847,1.56897,-0.46951,18.80437,282.2436,334.6974,0.03062,-0.0157,0.04399,0.05585,21.69524,3.83313,0.88178,-0.64908,44.45914,289.8371,288.9524,-0.00704,0.00455,-0.04438,0.04516,18.19587,3.97787,0.82151,-0.30683,47.35779,307.0785,313.7814,-0.6738,0.467,0.00406,0.81983,145.0207
11.26407,4.08539,1.56867,-0.46893,19.07677,282.4773,334.5652,0.03108,-0.01453,0.03019,0.0457,18.09913,3.83354,0.88158,-0.64936,44.41363,289.8285,288.5219,0.01345,-0.00626,-0.0193,0.02434,11.6816,3.96831,0.82811,-0.30825,46.11811,304.3217,310.9225,-0.47885,0.33009,-0.04723,0.58351,108.3549
11.28629,4.08594,1.56845,-0.46838,19.2688,282.6232,334.5385,0.0258,-0.01068,0.02553,0.03783,11.94488,3.834,0.8813,-0.64931,44.50362,289.9309,288.3474,0.01852,-0.01118,-0.00096,0.02166,11.72993,3.96197,0.83251,-0.30899,45.63925,303.9994,312.2173,-0.32976,0.22856,-0.03071,0.4024,60.14269
11.30852,4.08643,1.56812,-0.46763,19.52658,282.9517,334.4639,0.02277,-0.014,0.03168,0.04145,18.60681,3.83422,0.88123,-0.64855,44.49651,290.1265,288.3398,0.01147,-0.0044,0.02643,0.02914,8.69312,3.95909,0.83336,-0.31062,46.42289,303.6072,312.9143,-0.17737,0.07977,-0.06937,0.20648,47.76108
11.33074,4.0865,1.56798,-0.46698,19.73548,283.4238,334.7224,0.00615,-0.00633,0.02892,0.03024,19.38052,3.83413,0.88167,-0.64734,44.38702,290.222,288.7729,-0.00188,0.01546,0.04968,0.05207,13.7769,3.95712,0.83453,-0.31196,46.51222,303.6203,314.4118,-0.09823,0.05602,-0.06019,0.1281,65.01915
11.35295,4.08623,1.56823,-0.46652,19.69099,283.6698,334.907,-0.00928,0.00772,0.02285,0.02584,12.53563,3.83351,0.88238,-0.64621,44.15601,290.0171,289.3755,-0.02251,0.02802,0.05081,0.06224,30.25434,3.9554,0.83554,-0.31309,46.61988,303.5178,315.7187,-0.08574,0.05012,-0.05217,0.11218,61.52154
11.37517,4.08598,1.56832,-0.46613,19.66939,283.8234,335.0166,-0.00885,0.0041,0.01913,0.02148,8.01446,3.83312,0.88287,-0.64521,43.9709,289.8896,289.7617,-0.01666,0.02188,0.04293,0.05098,23.3965,3.95535,0.83731,-0.31286,46.0714,304.054,316.6013,-0.04112,0.08095,-0.00725,0.09108,34.52791
11.3974,4.08585,1.56795,-0.46611,19.97045,283.8556,335.1906,-0.0055,-0.0122,0.00527,0.01438,12.99579,3.83403,0.88279,-0.64349,44.01159,290.3022,289.794,0.02828,0.00266,0.06899,0.07461,11.19509,3.95982,0.83603,-0.31255,46.23425,304.0673,315.7608,0.13808,-0.02731,0.00775,0.14097,18.49351
11.41961,4.08587,1.56757,-0.46602,20.17036,283.8607,335.364,-0.00043,-0.0167,0.00347,0.01706,12.21137,3.83448,0.88279,-0.64241,44.02338,290.4005,289.919,0.02271,0.00015,0.0536,0.05822,4.81058,3.96141,0.83536,-0.3129,46.61771,304.5284,316.622,0.10017,-0.03832,-0.01113,0.10783,26.76158
11.44184,4.08567,1.56744,-0.46628,20.15328,283.6647,335.4943,-0.00837,-0.0064,-0.00899,0.01385,10.46037,3.83549,0.88246,-0.64102,44.2187,290.6219,290.2914,0.04302,-0.01298,0.0631,0.07746,12.34134,3.96527,0.83251,-0.31363,47.50065,305.2945,317.6822,0.1695,-0.11967,-0.02783,0.20935,46.95029
11.46406,4.08543,1.5677,-0.46652,20.08748,283.5701,335.4149,-0.00948,0.00679,-0.00871,0.01456,3.26508,3.83655,0.88196,-0.63961,44.24744,290.9971,290.3464,0.04755,-0.02105,0.0634,0.082,13.07954,3.96782,0.8299,-0.31526,48.34655,304.487,316.3102,0.1274,-0.11864,-0.06562,0.18604,44.97289
11.48628,4.08529,1.5682,-0.46695,20.07942,283.4707,335.2984,-0.00631,0.01702,-0.01508,0.02359,3.82308,3.83752,0.88144,-0.6383,44.32904,291.341,290.3121,0.04449,-0.02264,0.05936,0.07756,15.58821,3.96957,0.82876,-0.31629,48.60014,304.7396,317.0312,0.09093,-0.06598,-0.04972,0.12286,22.25476
11.5085,4.08529,1.56844,-0.46722,20.08507,283.3885,335.3811,-0.00197,0.01042,-0.0102,0.01471,3.04696,3.83837,0.88106,-0.6371,44.42871,291.6245,290.3658,0.03773,-0.01653,0.05454,0.06835,11.72155,3.9716,0.82723,-0.31808,48.92715,305.2234,318.7917,0.09149,-0.07073,-0.07629,0.13854,56.64008
11.53073,4.08509,1.56943,-0.4679,19.6283,283.1124,335.7154,-0.00725,0.03476,-0.02484,0.04333,21.94594,3.83866,0.88087,-0.63597,44.47918,291.6703,290.5246,0.01709,-0.00895,0.05164,0.05513,7.69092,3.97328,0.82629,-0.31914,48.99987,305.9321,320.4103,0.08343,-0.04918,-0.05345,0.11061,53.34847
11.55295,4.085,1.57,-0.46834,19.37543,282.9397,335.7299,-0.00456,0.02694,-0.02,0.03386,14.70041,3.83868,0.88088,-0.63478,44.42174,291.6811,290.6949,0.00464,-0.00187,0.05375,0.05399,6.455,3.97512,0.82471,-0.32016,49.48533,306.0805,320.5335,0.08426,-0.065,-0.04413,0.1152,24.06519
11.57517,4.08512,1.57034,-0.46891,19.27018,282.836,335.6665,0.00333,0.01736,-0.02474,0.0304,7.46749,3.83911,0.88071,-0.63341,44.44294,292.0097,290.7404,0.01592,-0.0066,0.06118,0.06356,11.16745,3.97654,0.82382,-0.32073,49.71852,306.5545,321.0746,0.06837,-0.04573,-0.02815,0.08694,18.647
11.59739,4.08514,1.5706,-0.46933,19.22616,282.7464,335.8612,0.00113,0.01379,-0.01984,0.02419,9.36574,3.83965,0.88066,-0.63195,44.52449,292.3609,290.9001,0.02166,-0.0026,0.06405,0.06766,11.34597,3.97748,0.82339,-0.321,49.89469,306.5983,320.6293,0.04808,-0.02444,-0.01695,0.05654,16.91838
11.61962,4.08499,1.57112,-0.4697,18.92584,282.6165,336.1785,-0.00546,0.02275,-0.01755,0.02925,19.9394,3.83986,0.88085,-0.63079,44.45582,292.4998,290.9157,0.01188,0.00561,0.05434,0.0559,7.15391,3.97784,0.82359,-0.32162,49.85902,306.5103,320.5475,0.02375,0.00071,-0.02677,0.03579,2.41425
11.64184,4.08497,1.5714,-0.4699,18.77398,282.4967,336.2325,-0.00198,0.01488,-0.0117,0.01903,11.22048,3.83985,0.88112,-0.63004,44.44743,292.5843,290.937,0.00175,0.0116,0.03711,0.03892,3.084,3.97735,0.82445,-0.32254,49.62169,306.369,320.9001,-0.01222,0.03122,-0.03796,0.05065,18.16341
11.66406,4.08519,1.57127,-0.47019,18.8751,282.3969,336.0747,0.00721,-0.00067,-0.01405,0.01581,5.57474,3.84002,0.88164,-0.62904,44.40498,292.7431,290.9664,0.00601,0.02174,0.0438,0.04927,6.33232,3.97741,0.82516,-0.32323,49.52847,306.5006,321.4249,-0.00212,0.03325,-0.03277,0.04674,17.95405
11.68628,4.08555,1.57106,-0.47063,19.04988,282.3599,336.0208,0.01439,-0.00777,-0.01788,0.02423,7.37388,3.84,0.8823,-0.62799,44.32327,292.909,291.1879,0.00055,0.02576,0.04599,0.05272,6.84697,3.97732,0.82576,-0.32399,49.49751,305.9496,320.5732,-0.00212,0.02586,-0.0341,0.04285,13.05038
11.70851,4.08592,1.57094,-0.47097,19.116,282.3544,336.1121,0.01404,-0.00406,-0.01579,0.02152,4.03033,3.83971,0.88268,-0.62715,44.20166,293.0793,291.4207,-0.00832,0.01799,0.03876,0.04353,8.16639,3.9772,0.82656,-0.32426,49.30381,305.9496,320.3553,-0.00263,0.03314,-0.01593,0.03686,9.02423
11.73073,4.08622,1.57114,-0.47131,19.03228,282.2848,336.2608,0.01192,0.00668,-0.0151,0.02037,8.0645,3.83986,0.88296,-0.62662,44.22878,293.0844,291.4404,0.00244,0.01445,0.02698,0.03071,2.66262,3.97776,0.82679,-0.32423,49.35087,306.2137,320.49,0.01887,0.01457,-0.00399,0.02417,7.35804
11.75295,4.08633,1.57157,-0.47173,18.82933,282.2334,336.3207,0.00664,0.01685,-0.01843,0.02584,8.17832,3.83996,0.88337,-0.62646,44.1508,293.0737,291.339,0.00341,0.01687,0.01075,0.02029,4.09058,3.97832,0.8267,-0.32423,49.53747,306.4375,320.3973,0.0205,0.00161,-0.00174,0.02064,11.31845
11.77517,4.08653,1.57183,-0.47215,18.75093,282.2069,336.3676,0.00874,0.01344,-0.01938,0.02515,5.48061,3.83991,0.88347,-0.62632,44.13697,293.0609,291.2205,-0.0006,0.00794,0.01021,0.01294,2.73898,3.97821,0.82685,-0.32467,49.52096,306.6181,320.8199,0.0023,0.00533,-0.0169,0.01787,8.66782
11.7974,4.08676,1.57205,-0.47262,18.71191,282.1976,336.4084,0.00959,0.0096,-0.01903,0.02337,2.30034,3.83987,0.88355,-0.62632,44.06573,293.1133,291.1847,-0.00132,0.00592,0.00742,0.00958,2.22271,3.97772,0.82705,-0.3254,49.45338,306.7023,321.5567,-0.01032,0.00783,-0.02654,0.02953,19.16736
11.81962,4.08714,1.57215,-0.47319,18.67624,282.2231,336.4823,0.01378,0.00648,-0.02178,0.02657,1.69925,3.83979,0.88333,-0.62676,44.04826,293.1007,291.2944,-0.00318,-0.00261,-0.00816,0.00914,4.10911,3.97707,0.82683,-0.32625,49.57788,306.907,322.6304,-0.02137,-0.00394,-0.03337,0.03982,31.18445
11.84184,4.08736,1.57239,-0.47353,18.63562,282.2687,336.5952,0.01169,0.00861,-0.01861,0.0236,3.38452,3.83972,0.8834,-0.62699,44.01754,293.0211,291.368,-0.0033,0.00028,-0.00929,0.00986,5.1537,3.9769,0.82698,-0.32658,49.70515,306.9726,322.7097,-0.01452,0.00144,-0.02426,0.02831,16.95071
11.86406,4.08746,1.57249,-0.47373,18.59732,282.2557,336.6292,0.00517,0.00435,-0.00908,0.01132,1.97598,3.83973,0.88339,-0.62706,44.02741,293.026,291.4535,-0.00074,0.00111,-0.00282,0.00312,2.62002,3.9767,0.8272,-0.32706,49.73835,307.0327,322.9368,-0.00992,0.00675,-0.02259,0.02558,11.32439
11.88629,4.0878,1.57283,-0.47437,18.50734,282.1759,336.4874,0.01668,0.0162,-0.03109,0.03882,7.34853,3.84026,0.88241,-0.62847,44.08878,292.9713,291.1196,0.02379,-0.04475,-0.06457,0.08209,13.64087,3.97625,0.82911,-0.32613,49.31354,306.7054,321.6529,-0.02175,0.08707,0.03904,0.09787,49.8899
11.90851,4.08807,1.57282,-0.47467,18.55371,282.2036,336.3592,0.01365,0.0036,-0.01764,0.02259,6.20097,3.84056,0.88236,-0.62898,44.11327,292.9362,291.1349,0.01659,-0.01264,-0.03354,0.0395,1.80559,3.97605,0.83028,-0.32574,49.11862,306.9661,321.7313,-0.01109,0.06202,0.02519,0.06785,19.24537
11.93073,4.08843,1.57246,-0.47483,18.65578,282.3116,336.3623,0.01518,-0.01136,-0.01019,0.02153,4.95626,3.84085,0.88242,-0.62924,44.08103,292.9521,291.1025,0.01425,-0.00109,-0.01743,0.02253,1.8589,3.97561,0.83129,-0.32567,49.03272,306.76,321.5075,-0.01858,0.04956,0.00733,0.05344,7.84267
11.95297,4.08876,1.57217,-0.47497,18.67928,282.4058,336.4443,0.01486,-0.01049,-0.00806,0.01989,4.16721,3.84123,0.88234,-0.62955,44.14767,292.9946,291.1617,0.01658,-0.00419,-0.01577,0.02326,3.05579,3.97527,0.83225,-0.32547,48.88699,306.9275,321.9896,-0.0155,0.04417,0.00892,0.04765,13.44544
11.9752,4.08909,1.57223,-0.47517,18.7464,282.5215,336.4341,0.01505,-0.00078,-0.00817,0.01714,5.68079,3.84147,0.88223,-0.63,44.14226,292.9154,291.2546,0.01156,-0.00419,-0.01846,0.02218,4.71483,3.97512,0.83297,-0.3252,48.84285,307.184,322.3768,-0.00927,0.03588,0.0111,0.03869,11.39473
11.99742,4.08942,1.57223,-0.47541,18.80489,282.6765,336.4042,0.01497,-0.00012,-0.01044,0.01825,7.34639,3.8419,0.88191,-0.63067,44.24447,292.7316,291.1242,0.02078,-0.01342,-0.0281,0.03744,6.99386,3.97477,0.83395,-0.32464,48.60476,307.2909,322.5199,-0.01372,0.04004,0.02096,0.04723,9.18271
12.01964,4.0897,1.57227,-0.47569,18.80305,282.7374,336.5324,0.01287,0.00144,-0.01206,0.0177,2.3619,3.84262,0.88163,-0.63095,44.36575,292.8762,291.1247,0.0267,-0.01163,-0.01713,0.03379,3.85351,3.9746,0.83466,-0.3243,48.54218,307.3332,322.5117,-0.00983,0.03514,0.01595,0.03983,5.14996
12.04187,4.08965,1.57253,-0.47599,18.68299,282.7306,336.6328,0.00191,0.00885,-0.01372,0.01644,4.52962,3.84342,0.88143,-0.63098,44.36997,293.0861,290.8634,0.03048,-0.00865,-0.00583,0.03221,12.55629,3.97475,0.83511,-0.32401,48.58634,307.2177,322.0526,0.0025,0.02422,0.01296,0.02758,12.56026
12.0641,4.0897,1.57268,-0.47631,18.6274,282.7276,336.6118,0.00337,0.00653,-0.01411,0.01591,1.13241,3.84386,0.88142,-0.63102,44.37848,293.207,290.9156,0.02291,-0.0039,-0.00517,0.02381,5.85346,3.97477,0.83576,-0.32374,48.53222,307.3266,322.0291,-0.00018,0.02857,0.01205,0.03101,6.66011
12.08632,4.08997,1.57255,-0.47686,18.68061,282.6324,336.5508,0.00977,-0.00397,-0.02136,0.02382,3.35476,3.84373,0.88179,-0.63079,44.25894,293.2045,291.0027,0.00013,0.01057,0.00558,0.01195,4.62481,3.97486,0.83629,-0.32367,48.35578,307.5232,322.3342,0.00306,0.02584,0.00596,0.02669,10.25462
12.10855,4.09021,1.57236,-0.47728,18.72976,282.6004,336.5631,0.01052,-0.00666,-0.01942,0.02307,2.03254,3.84373,0.88182,-0.63073,44.25173,293.1793,291.075,0.00039,0.00351,0.00308,0.00469,3.11253,3.97488,0.83688,-0.32374,48.20035,307.366,322.2148,0.00163,0.02549,-0.00084,0.02556,6.65895
12.13079,4.09009,1.57257,-0.47733,18.62761,282.5812,336.4964,-0.00354,0.00638,-0.00365,0.00815,4.73043,3.84335,0.88201,-0.63058,44.16748,293.1083,291.1921,-0.01436,0.00785,0.00658,0.01764,7.35089,3.97525,0.83674,-0.32391,48.22211,307.3643,322.1759,0.01512,-0.00198,-0.00603,0.0164,1.40406
12.15302,4.09022,1.57255,-0.47748,18.66678,282.6331,336.3661,0.00448,0.00077,-0.00796,0.00917,5.74889,3.84373,0.88193,-0.63031,44.2499,293.2562,291.2518,0.00977,-0.00084,0.01049,0.01436,3.28715,3.97594,0.83642,-0.32394,48.31107,307.5948,322.4267,0.02778,-0.01036,-0.00221,0.02973,6.3625
12.17524,4.09055,1.57227,-0.47772,18.83022,282.6962,336.3372,0.01186,-0.00839,-0.01064,0.018,5.70707,3.84405,0.88193,-0.62992,44.25336,293.4939,291.2822,0.01202,0.00048,0.0168,0.02066,8.39739,3.9765,0.83613,-0.32391,48.40063,307.8407,322.6714,0.02398,-0.0129,0.00109,0.02725,8.50344
12.19747,4.09076,1.57223,-0.47797,18.88358,282.7289,336.4178,0.00984,-0.003,-0.0108,0.01492,3.45991,3.84406,0.882,-0.62956,44.20562,293.5784,291.3743,0.00294,0.00275,0.01655,0.01704,3.73264,3.97683,0.83602,-0.32385,48.39952,307.9586,322.6488,0.01704,-0.00629,0.00218,0.01829,5.79602
12.21971,4.09084,1.57217,-0.47802,18.85912,282.8373,336.4247,0.00494,-0.00352,-0.00376,0.00713,3.44597,3.84421,0.88209,-0.62923,44.20183,293.655,291.5376,0.00721,0.00297,0.0153,0.01717,4.73079,3.9773,0.83631,-0.32383,48.34748,307.9568,322.386,0.02068,0.00874,0.00091,0.02247,9.66032
12.24193,4.09091,1.57201,-0.47799,18.93207,282.995,336.4546,0.00383,-0.00616,-0.00065,0.00729,6.59516,3.84446,0.88192,-0.62897,44.20065,293.801,291.5343,0.00931,-0.00529,0.01236,0.01636,4.56537,3.9775,0.83645,-0.32409,48.35384,307.9838,322.4777,0.01196,0.00637,-0.00718,0.01534,2.3521
12.26414,4.09096,1.57196,-0.47818,18.96238,283.0182,336.5212,0.00258,-0.00255,-0.00767,0.00848,2.87303,3.84454,0.8815,-0.62886,44.23662,293.8367,291.5291,0.0045,-0.01475,0.00727,0.01704,1.14134,3.9777,0.83653,-0.32426,48.33541,308.1467,322.7632,0.01043,0.00395,-0.00744,0.01341,7.29223
12.28635,4.091,1.57204,-0.47844,18.97528,282.9982,336.492,0.00227,0.00228,-0.01052,0.011,0.71826,3.84475,0.88117,-0.62875,44.28791,293.8873,291.537,0.00902,-0.01561,0.00507,0.01873,2.31635,3.97807,0.83665,-0.32446,48.37411,308.175,322.9422,0.01561,0.00499,-0.00836,0.01839,6.66826
12.30857,4.09104,1.57202,-0.47859,19.03511,283.0771,336.3426,0.00204,-0.00139,-0.00741,0.00781,7.04751,3.84489,0.88096,-0.62861,44.30329,293.896,291.5013,0.00662,-0.0103,0.00704,0.01412,0.57909,3.97862,0.83667,-0.32445,48.40343,308.305,322.899,0.02188,0.00094,-0.00161,0.02196,5.80483
12.33079,4.09108,1.57167,-0.47866,19.20055,283.2507,336.3275,0.00197,-0.01264,-0.00402,0.01341,9.67876,3.84502,0.88086,-0.62827,44.29704,293.9737,291.4869,0.00605,-0.00571,0.01378,0.0161,2.10861,3.97909,0.83664,-0.32438,48.41548,308.3867,322.7697,0.02195,-0.00009,0.00269,0.02211,9.10717
12.35299,4.0912,1.5715,-0.47872,19.3136,283.3957,336.4221,0.00474,-0.00775,-0.00308,0.0096,8.2057,3.84517,0.88077,-0.62792,44.31709,294.0664,291.5733,0.0065,-0.00426,0.01533,0.01718,1.36558,3.97943,0.837,-0.32441,48.3254,308.2343,322.3743,0.01641,0.01363,-0.00105,0.02136,12.68517
12.37522,4.0913,1.57148,-0.47868,19.41642,283.5668,336.4178,0.00433,-0.00211,0.0013,0.00499,9.63358,3.84534,0.88074,-0.62764,44.32304,294.1474,291.6129,0.00751,-0.00247,0.01229,0.01461,1.44776,3.97971,0.83716,-0.32455,48.31454,308.2025,322.28,0.01374,0.00671,-0.00498,0.01609,4.54607
12.39743,4.09136,1.57126,-0.47849,19.57504,283.8117,336.4411,0.00287,-0.00856,0.00755,0.01177,11.9572,3.84565,0.88068,-0.62742,44.43265,294.2688,291.7001,0.01213,-0.00252,0.01015,0.01601,4.77385,3.98005,0.8371,-0.32465,48.4193,308.289,322.2961,0.01501,0.00037,-0.00443,0.01565,4.44467
12.41965,4.09142,1.57084,-0.47811,19.8239,284.0782,336.4128,0.00316,-0.01682,0.01493,0.02271,16.45514,3.84588,0.88067,-0.62708,44.41488,294.3897,291.6655,0.0099,-0.00099,0.01392,0.01711,4.99038,3.98033,0.83747,-0.32462,48.40116,308.4169,322.4513,0.01363,0.0131,0.00082,0.01892,3.40215
12.44187,4.09174,1.57036,-0.47767,20.22192,284.5313,336.396,0.01233,-0.02139,0.02027,0.03195,26.26317,3.84593,0.88061,-0.62652,44.4066,294.4292,291.7991,0.00479,-0.00322,0.02212,0.02286,3.3163,3.98034,0.83819,-0.32461,48.28516,308.3226,322.2771,0.00273,0.02598,-0.00131,0.02615,5.51319
12.46409,4.09229,1.56951,-0.47671,20.86275,285.4126,336.4161,0.02275,-0.03591,0.0398,0.05824,44.96167,3.8461,0.88048,-0.62583,44.39372,294.5623,291.9468,0.00716,-0.00508,0.02865,0.02996,4.36515,3.98047,0.83906,-0.32449,48.09528,308.372,322.1798,0.00597,0.0357,0.00463,0.03649,9.00782
12.48631,4.09272,1.56887,-0.47603,21.39391,286.0831,336.4203,0.01865,-0.02823,0.02944,0.04485,36.91753,3.84625,0.88041,-0.62534,44.37762,294.6705,291.9867,0.00661,-0.00357,0.02296,0.02416,2.03895,3.98073,0.83979,-0.32441,47.99314,308.442,322.1258,0.01015,0.03229,0.00339,0.03402,7.05593
12.50853,4.09443,1.56558,-0.47293,23.62836,288.878,336.7318,0.05628,-0.1082,0.09947,0.15738,113.4381,3.84622,0.88036,-0.62467,44.31593,294.7514,292.0056,0.00127,-0.00203,0.02793,0.02803,2.95077,3.98087,0.84108,-0.32473,47.8982,308.2375,321.724,0.0099,0.04749,-0.008,0.04916,7.59734
12.53076,4.09584,1.56269,-0.47058,25.34457,290.9917,337.5641,0.06254,-0.12474,0.10483,0.17453,116.1037,3.84599,0.88049,-0.62382,44.21085,294.7138,292.3278,-0.00699,0.00303,0.03527,0.03608,12.4561,3.9813,0.84183,-0.32498,47.93946,308.3063,321.8675,0.01703,0.03784,-0.0098,0.04264,0.34734
12.55298,4.0973,1.56026,-0.46828,26.98582,293.2761,338.2158,0.06506,-0.11275,0.1043,0.16681,118.4698,3.84612,0.88032,-0.62296,44.21291,294.7856,292.6848,0.00432,-0.00537,0.03723,0.03786,12.61047,3.98188,0.84312,-0.32486,47.84755,308.3947,321.7601,0.02395,0.05462,0.00272,0.05971,7.69396
12.5752,4.0994,1.55733,-0.4652,29.08968,296.5156,339.1667,0.0946,-0.13514,0.13911,0.21578,161.7543,3.84683,0.87966,-0.62221,44.29905,295.0312,292.6598,0.03061,-0.02902,0.03545,0.0551,10.79959,3.98245,0.84503,-0.32468,47.61876,308.27,321.2222,0.02599,0.08538,0.00781,0.08959,22.08665
12.59743,4.10184,1.55417,-0.46198,31.18624,300.052,340.6437,0.10654,-0.14143,0.14385,0.22813,166.4457,3.84772,0.87881,-0.62124,44.39704,295.3734,292.684,0.03752,-0.03638,0.04239,0.06729,13.62781,3.9832,0.84726,-0.3248,47.4084,307.9963,320.3163,0.03316,0.09698,-0.00277,0.10253,31.6841
12.61964,4.10395,1.55148,-0.45906,32.77356,303.1992,342.3265,0.09553,-0.12246,0.13179,0.20369,143.0269,3.84838,0.87804,-0.62015,44.45144,295.6294,292.9869,0.03128,-0.035,0.04884,0.06774,9.82122,3.9842,0.84952,-0.32495,47.21991,307.8657,319.7516,0.04224,0.09981,-0.00633,0.10856,23.88921
12.64186,4.10562,1.54978,-0.45665,33.7975,305.9226,343.5038,0.07927,-0.08583,0.11293,0.16249,120.8751,3.84895,0.87707,-0.61897,44.51563,295.7763,293.3563,0.028,-0.04341,0.05275,0.07383,12.95793,3.98545,0.85227,-0.3251,47.04771,307.8262,319.4448,0.0533,0.11999,-0.00566,0.13141,17.12453
12.66408,4.10783,1.54823,-0.45417,35.17046,309.3145,344.3821,0.09567,-0.07552,0.11271,0.16601,140.8715,3.84987,0.8757,-0.61782,44.66087,296.0067,293.7268,0.0386,-0.05695,0.05194,0.0862,12.56031,3.98652,0.8556,-0.325,46.68473,307.6161,318.4787,0.04759,0.1418,0.00148,0.14958,36.06455
12.6863,4.11093,1.54647,-0.45153,36.74963,313.2289,345.5233,0.12999,-0.08008,0.11673,0.19219,160.4542,3.85114,0.87397,-0.61665,44.78972,296.3301,293.774,0.05222,-0.07149,0.05203,0.10269,11.72342,3.98731,0.85967,-0.32505,46.07262,306.8199,316.2269,0.03821,0.1741,-0.00095,0.17825,71.59534
12.70852,4.11429,1.54429,-0.449,38.15811,317.0866,347.309,0.14841,-0.09487,0.11454,0.21011,154.9072,3.85228,0.87224,-0.61553,44.92392,296.5005,293.868,0.05137,-0.07796,0.05059,0.10619,7.99533,3.98798,0.86377,-0.32543,45.3425,306.1228,314.6722,0.03195,0.18435,-0.01566,0.18775,62.7933
12.73074,4.11742,1.54221,-0.44694,39.21786,320.4264,349.5497,0.14332,-0.0925,0.09501,0.19525,130.621,3.85334,0.87066,-0.61455,45.06178,296.4515,294.1582,0.04934,-0.0719,0.04624,0.0987,11.79124,3.98905,0.86706,-0.32608,44.94648,306.1213,314.8753,0.04428,0.15389,-0.02522,0.16211,21.01983
12.75295,4.11989,1.54088,-0.44587,40.05787,322.8341,351.3863,0.11669,-0.06593,0.05738,0.14579,100.2378,3.8552,0.86921,-0.61352,45.33328,296.5925,294.434,0.07724,-0.06635,0.04662,0.11199,14.4298,3.99044,0.86912,-0.3264,44.93893,306.5714,315.7384,0.05708,0.10604,-0.01514,0.12137,21.05941
12.77518,4.12165,1.54003,-0.44531,40.78037,324.7628,352.2441,0.08692,-0.04436,0.03256,0.10288,80.34378,3.85769,0.86777,-0.61239,45.6734,297.0299,294.5505,0.10638,-0.06596,0.04965,0.13466,20.08187,3.99191,0.8713,-0.32583,44.58109,307.3696,316.5103,0.06483,0.10084,0.01823,0.12126,28.09149
12.7974,4.12294,1.53958,-0.44461,41.11242,326.2057,352.7229,0.06397,-0.02524,0.03239,0.07602,58.73302,3.86065,0.86627,-0.61113,46.00692,297.7966,294.371,0.12812,-0.06675,0.05579,0.15486,38.21392,3.9933,0.8723,-0.32555,44.381,307.0094,314.999,0.06276,0.05511,0.01202,0.08438,44.06766
12.81961,4.12364,1.53928,-0.44393,41.09564,326.9343,353.1898,0.03545,-0.01371,0.02913,0.04789,28.01935,3.86324,0.86511,-0.60973,46.34592,298.4686,294.4662,0.11767,-0.0539,0.06234,0.14366,31.33462,3.99497,0.87281,-0.32525,44.26559,307.0492,314.2047,0.07305,0.02813,0.01289,0.07933,35.52479
12.84183,4.1233,1.5395,-0.44388,40.79911,326.3356,352.6545,-0.00136,0.00288,0.00885,0.0094,13.00352,3.86488,0.86461,-0.60818,46.39812,298.8316,294.78,0.08224,-0.0282,0.06805,0.11041,14.06913,3.99653,0.87247,-0.32534,44.39201,307.3321,314.5948,0.07028,-0.00622,-0.00017,0.07056,8.60168
12.86405,4.12296,1.53966,-0.44402,40.65113,325.8562,351.8143,-0.01164,0.00667,-0.00219,0.01359,25.73783,3.86635,0.8642,-0.60682,46.51801,299.2119,295.0361,0.07099,-0.02051,0.06292,0.09705,13.8146,3.99808,0.87162,-0.32543,44.58887,307.8984,315.5572,0.06953,-0.03115,-0.00398,0.07629,23.83661
12.88627,4.12289,1.5398,-0.44407,40.54744,325.55,351.1477,-0.00322,0.00526,-0.00201,0.00649,23.30494,3.86789,0.86387,-0.60546,46.64082,299.7825,295.1074,0.06933,-0.01701,0.06142,0.09418,20.72067,3.99978,0.87051,-0.32545,44.80112,308.3216,315.8469,0.07382,-0.04113,-0.00155,0.08452,15.48833
12.90848,4.12283,1.53997,-0.44447,40.53604,324.8543,350.5372,-0.00232,0.00632,-0.01234,0.01406,22.01121,3.86853,0.86395,-0.60428,46.68269,300.114,295.1317,0.03863,-0.00162,0.05579,0.06788,16.58561,4.00179,0.86829,-0.32554,45.24602,308.5739,315.6639,0.08581,-0.08014,-0.00343,0.11746,21.72422
12.9307,4.12271,1.54015,-0.44477,40.52613,324.2596,350.0518,-0.00729,0.00973,-0.01522,0.01948,23.55303,3.86849,0.86401,-0.60343,46.55378,300.3188,295.1565,0.00504,0.00269,0.04179,0.04218,10.40929,4.00389,0.86632,-0.32566,45.63935,309.1003,316.0851,0.09255,-0.08571,-0.00446,0.12622,23.47783
12.95292,4.12267,1.54029,-0.44502,40.39724,323.9509,349.7174,-0.00479,0.00852,-0.0129,0.01618,16.02642,3.86801,0.86431,-0.60269,46.4992,300.3662,295.2838,-0.02208,0.01412,0.03363,0.04264,4.53217,4.00569,0.86473,-0.32587,45.943,309.452,316.2178,0.08321,-0.07855,-0.00984,0.11485,19.74278
12.97514,4.12284,1.54043,-0.44514,40.26709,323.9424,349.5559,0.00529,0.00634,-0.00727,0.01101,8.58325,3.86752,0.86462,-0.60193,46.49407,300.6097,295.2476,-0.02369,0.01434,0.03321,0.04324,10.32499,4.00702,0.86328,-0.3264,46.22229,309.45,316.055,0.06504,-0.06869,-0.02091,0.09688,14.98334
12.99737,4.12326,1.5404,-0.44539,40.30901,324.0371,349.6247,0.01603,0.00018,-0.01112,0.01951,1.76708,3.86649,0.86502,-0.6014,46.32173,300.7497,295.0529,-0.0417,0.01768,0.02643,0.05244,12.93015,4.00802,0.86233,-0.32689,46.26979,309.3861,315.8137,0.04811,-0.04817,-0.02298,0.07186,10.77122
13.01958,4.12353,1.54031,-0.44577,40.40671,324.0103,349.8298,0.01212,-0.00315,-0.01717,0.02125,9.60086,3.86505,0.86579,-0.60082,46.14393,300.6715,295.2493,-0.06076,0.03253,0.02673,0.07392,11.14115,4.00891,0.86144,-0.32729,46.50857,309.6512,316.241,0.04187,-0.04135,-0.01809,0.06156,14.46852
13.0418,4.12362,1.54024,-0.44618,40.41178,323.857,349.8139,0.00631,-0.00323,-0.01861,0.01991,6.41876,3.86336,0.86671,-0.60036,45.86749,300.4858,295.3818,-0.07331,0.03912,0.0204,0.08556,16.06536,4.00941,0.86102,-0.32774,46.65247,309.6794,316.287,0.02364,-0.02261,-0.02126,0.03901,6.46621
13.06402,4.1236,1.54027,-0.44646,40.33323,323.756,349.705,0.00115,0.0005,-0.01363,0.01369,4.68591,3.8621,0.86711,-0.60039,45.72921,300.3814,295.3085,-0.06066,0.02268,0.00285,0.06483,8.85201,4.00939,0.8611,-0.32814,46.63213,309.5414,316.3316,0.00434,-0.00088,-0.01734,0.0179,7.22648
13.08624,4.12372,1.54032,-0.44665,40.22919,323.7185,349.6045,0.00469,0.00195,-0.01004,0.01125,5.52926,3.8611,0.86733,-0.60052,45.63929,300.342,295.2159,-0.04902,0.01245,-0.00568,0.05089,3.42968,4.00933,0.86143,-0.32817,46.51801,309.619,316.489,-0.00407,0.01298,-0.00477,0.01442,5.97321
13.10846,4.12393,1.54035,-0.44689,40.25173,323.7077,349.5956,0.00724,0.00133,-0.01017,0.01255,1.38231,3.86008,0.86765,-0.60069,45.49308,300.219,295.0941,-0.04665,0.01403,-0.00757,0.0493,6.50626,4.00922,0.86168,-0.32813,46.41743,309.567,316.2303,-0.004,0.01079,0.00027,0.01151,7.64898
13.13068,4.12399,1.54036,-0.44727,40.36501,323.5515,349.6415,0.00347,0.00115,-0.01517,0.0156,7.25283,3.85889,0.86801,-0.60133,45.39241,299.9522,295.173,-0.05125,0.01547,-0.0234,0.05843,12.67665,4.00918,0.86154,-0.32821,46.47701,309.4909,316.0352,-0.00289,-0.00241,-0.00326,0.00498,6.64729
13.15291,4.12393,1.54053,-0.44793,40.34093,323.1527,349.4582,-0.00209,0.00602,-0.02531,0.0261,11.44811,3.85801,0.86834,-0.60205,45.21892,299.7205,295.1331,-0.03991,0.01407,-0.0294,0.05153,11.0001,4.00879,0.86178,-0.32822,46.44398,309.5008,316.1985,-0.01393,0.00815,-0.00103,0.01617,4.01732
13.17512,4.12379,1.54081,-0.44826,40.19373,322.8484,349.2021,-0.00573,0.01159,-0.01569,0.02033,11.26075,3.85774,0.86821,-0.60294,45.28341,299.521,294.944,-0.01775,-0.00205,-0.03859,0.04252,6.48376,4.00835,0.86224,-0.32807,46.37966,309.4902,316.1953,-0.01795,0.01801,0.00574,0.02607,2.73782
13.19734,4.1238,1.54107,-0.44827,39.9747,322.7388,349.0649,-0.00036,0.01215,-0.00377,0.01273,10.65524,3.85746,0.86794,-0.60383,45.32821,299.4033,294.8047,-0.01371,-0.00997,-0.03934,0.04284,5.08558,4.00786,0.86266,-0.32764,46.30647,309.5853,316.2371,-0.0212,0.0182,0.01583,0.03211,2.30385
13.21956,4.12374,1.54118,-0.44809,39.83657,322.8116,349.0144,-0.00137,0.0059,0.00432,0.00744,7.39594,3.85761,0.86766,-0.60462,45.31647,299.4118,294.6085,0.00287,-0.01004,-0.03528,0.0368,7.60332,4.00702,0.86345,-0.3274,46.11799,309.3791,316.0549,-0.03424,0.03247,0.00952,0.04814,9.29763
13.24178,4.12409,1.54116,-0.44813,39.89553,322.9735,348.9901,0.01289,0.00108,-0.00026,0.01294,6.90183,3.85786,0.86764,-0.60519,45.31529,299.4207,294.5458,0.00926,-0.00292,-0.02801,0.02964,4.007,4.00636,0.86387,-0.32747,46.06391,309.2458,316.1,-0.03021,0.02003,0.00006,0.03625,6.57769
13.264,4.12462,1.54103,-0.44825,39.96619,323.123,349.0769,0.02283,-0.0056,-0.00393,0.02383,6.27048,3.85757,0.8676,-0.60578,45.24912,299.251,294.6678,-0.00934,-0.00272,-0.02745,0.02912,10.67114,4.00591,0.86367,-0.32759,46.21167,309.2924,316.2397,-0.02257,-0.00475,-0.00477,0.02355,6.39376
13.28622,4.12497,1.54087,-0.44849,40.03855,323.091,349.0294,0.01649,-0.00657,-0.00939,0.02008,2.63932,3.85783,0.86758,-0.60647,45.31809,299.2023,294.7659,0.00895,-0.00267,-0.03201,0.03335,6.93694,4.00555,0.86378,-0.3275,46.21306,309.3909,316.4003,-0.01725,0.00427,0.00202,0.01788,4.96478
13.30845,4.12496,1.54076,-0.44863,40.07059,323.0249,348.8702,0.00231,-0.00421,-0.0044,0.00651,2.27271,3.85857,0.86701,-0.60743,45.5354,299.153,294.7628,0.02494,-0.01876,-0.04007,0.05079,7.20377,4.00544,0.86425,-0.32716,46.09739,309.5386,316.5241,-0.00711,0.01672,0.01206,0.02181,5.33426
13.33066,4.12486,1.54087,-0.4485,40.07654,323.0711,348.9513,-0.00337,0.00339,0.00416,0.00634,2.2134,3.85914,0.86649,-0.60856,45.61459,299.063,294.5279,0.02588,-0.02186,-0.04783,0.05861,7.67862,4.00526,0.8646,-0.32694,45.98006,309.3283,316.1113,-0.00706,0.01583,0.01051,0.02027,9.98567
13.35288,4.12506,1.54102,-0.44874,40.05515,323.0202,349.1271,0.00572,0.00608,-0.00753,0.01125,8.47884,3.85953,0.86639,-0.60931,45.58184,298.974,294.4583,0.01955,-0.00835,-0.03678,0.04248,2.81568,4.00521,0.86501,-0.32664,45.89982,309.4209,316.1787,-0.00332,0.01819,0.01224,0.02217,4.39479
13.37511,4.12512,1.54124,-0.44904,39.9514,322.9271,349.1224,0.00316,0.00914,-0.01175,0.01522,5.75394,3.85988,0.86629,-0.60995,45.60874,298.8372,294.424,0.01671,-0.00487,-0.03026,0.03491,3.93171,4.00515,0.86525,-0.32653,45.90736,309.4753,316.2528,-0.00386,0.01121,0.00561,0.01311,2.20319
13.39733,4.12526,1.54152,-0.44919,39.81568,322.9529,349.1082,0.00563,0.01242,-0.00746,0.01554,5.85338,3.86029,0.86606,-0.61043,45.79381,298.8734,294.4899,0.0191,-0.00967,-0.02333,0.03166,7.28056,4.00485,0.86525,-0.32664,45.82188,309.3951,316.2362,-0.01177,0.0026,-0.00276,0.01236,3.73016
13.43066,4.12512,1.54193,-0.44912,39.61421,322.88,349.1132,-0.0017,0.01232,-0.00033,0.01244,6.20741,3.86073,0.86606,-0.61073,45.79104,298.942,294.6069,0.01461,-0.00235,-0.01268,0.01949,2.87251,4.00469,0.86529,-0.32675,45.83289,309.3647,316.3194,-0.00654,0.00139,-0.0031,0.00737,2.94538
13.45288,4.12523,1.5421,-0.44938,39.52599,322.7892,349.0359,0.00344,0.00851,-0.00793,0.01213,3.10343,3.86102,0.86602,-0.61111,45.79333,298.921,294.6372,0.01444,-0.00239,-0.01716,0.02255,0.71813,4.00461,0.86551,-0.32671,45.77777,309.3409,316.2933,-0.00495,0.00809,0.00056,0.0095,0.73634
13.47511,4.1252,1.54214,-0.44944,39.53214,322.7536,349.0303,0.00014,0.00299,-0.00331,0.00447,0.77586,3.86131,0.86596,-0.61147,45.8165,298.9077,294.6494,0.01349,-0.00268,-0.01654,0.02151,0.17953,4.00453,0.86569,-0.3267,45.76676,309.2815,316.2202,-0.00399,0.00818,0.00042,0.00911,1.02665
13.49733,4.12535,1.54239,-0.44981,39.42906,322.6241,348.8579,0.00685,0.00863,-0.01035,0.01512,4.69205,3.86086,0.86577,-0.61142,45.79879,298.8022,294.5883,-0.01011,-0.00986,-0.0049,0.01495,3.66055,4.00466,0.86482,-0.32645,45.89582,309.3632,316.1134,0.00259,-0.02425,0.00615,0.02515,7.1163
13.51956,4.12519,1.5425,-0.44953,39.45582,322.7164,348.9703,-0.00325,0.00592,0.0042,0.00796,1.69143,3.86093,0.86557,-0.61156,45.88365,298.8,294.5311,-0.00121,-0.00819,-0.00581,0.01012,2.53064,4.00466,0.86459,-0.32652,45.9948,309.4525,316.3936,0.00025,-0.01345,-0.00109,0.0135,5.99822
13.54178,4.12525,1.54247,-0.44974,39.51134,322.6073,348.8994,0.00216,-0.00035,-0.00726,0.00759,3.30072,3.86083,0.86552,-0.6116,45.86988,298.7673,294.5074,-0.00278,-0.00357,-0.00379,0.00591,0.63266,4.00468,0.8644,-0.32655,46.06373,309.5147,316.5203,0.00142,-0.00886,-0.00106,0.00903,4.95604
13.564,4.12537,1.5424,-0.44996,39.58107,322.5117,348.8414,0.00483,-0.00167,-0.00881,0.01018,2.97872,3.86073,0.86565,-0.61142,45.80164,298.7839,294.4921,-0.00369,0.00348,0.00483,0.007,0.15816,4.00483,0.86465,-0.32648,46.0189,309.4938,316.2469,0.00294,0.00644,0.00106,0.00716,8.90716
13.58623,4.12552,1.54247,-0.44995,39.55293,322.5237,348.8815,0.00569,0.00218,-0.00208,0.00644,0.74468,3.86066,0.86575,-0.61111,45.77382,298.8778,294.5334,-0.00237,0.00361,0.01079,0.01162,1.33141,4.00467,0.86502,-0.32635,45.86707,309.4797,316.1786,-0.00417,0.01418,0.00456,0.01547,6.76751
13.60845,4.12548,1.54251,-0.4499,39.49994,322.5698,348.9495,-0.0008,0.00174,0.00111,0.00221,0.75884,3.86068,0.86576,-0.61088,45.81946,298.9176,294.6217,0.00012,0.00111,0.01124,0.0113,0.85303,4.00447,0.86527,-0.32641,45.7773,309.3997,316.2257,-0.00735,0.01165,-0.00193,0.01391,5.47908
13.63067,4.12536,1.54244,-0.44992,39.55669,322.516,348.8441,-0.00346,-0.00252,-0.00053,0.00432,2.7965,3.86064,0.86576,-0.61057,45.77463,298.9616,294.6021,-0.00163,0.00045,0.01349,0.0136,2.96733,4.0046,0.86528,-0.32642,45.81953,309.4856,316.3294,0.00313,0.00176,-0.00059,0.00364,2.33364
13.6529,4.12549,1.54225,-0.45007,39.66117,322.4474,348.7676,0.00371,-0.008,-0.00511,0.01019,4.28994,3.86046,0.86575,-0.6103,45.67952,298.9811,294.5181,-0.00645,-0.00023,0.01189,0.01352,3.11858,4.00477,0.86485,-0.3264,45.96562,309.5504,316.387,0.0059,-0.01294,0.00044,0.01423,5.15911
13.67512,4.12561,1.54205,-0.45018,39.7764,322.3905,348.7303,0.00495,-0.00906,-0.00539,0.01165,5.07124,3.86037,0.86581,-0.61005,45.66686,298.9756,294.5751,-0.00419,0.00216,0.01201,0.0129,1.22104,4.00487,0.86478,-0.32639,45.90864,309.5251,316.3891,0.00576,-0.00474,0.00028,0.00746,1.28978
13.69735,4.12571,1.5419,-0.45023,39.81048,322.3559,348.6749,0.00418,-0.00655,-0.00216,0.00806,1.26781,3.86046,0.86588,-0.60975,45.70362,299.0125,294.6962,0.00242,0.00284,0.01376,0.01426,3.31281,4.00524,0.86475,-0.32631,45.9418,309.6154,316.3208,0.01448,-0.00229,0.00256,0.01488,6.05138
13.71958,4.12576,1.54184,-0.45026,39.83683,322.3001,348.6592,0.00308,-0.00368,-0.00182,0.00513,0.31695,3.8605,0.86594,-0.60944,45.69832,299.0632,294.7537,0.00169,0.0027,0.01314,0.01352,0.8282,4.00544,0.8648,-0.32631,45.9309,309.5762,316.2111,0.01011,0.00079,0.00095,0.01019,2.72253
13.7418,4.12472,1.54249,-0.45069,39.40303,321.1523,348.6158,-0.03246,0.02137,-0.01785,0.04276,39.05489,3.86085,0.86588,-0.60897,45.61408,299.2956,294.8288,0.00872,-0.00025,0.01698,0.01909,4.46182,4.00561,0.86449,-0.32634,45.9966,309.7144,316.456,0.00875,-0.00945,-0.00112,0.01293,5.03987
13.76403,4.123,1.54376,-0.45176,38.63567,319.3279,348.1161,-0.07337,0.05401,-0.04458,0.10143,74.5528,3.86097,0.86593,-0.60882,45.62379,299.2777,294.9141,0.00754,0.00153,0.00886,0.01174,2.994,4.00591,0.86455,-0.32632,45.93417,309.6289,316.159,0.01286,0.0016,0.0015,0.01304,9.21414
13.78625,4.11943,1.54646,-0.45358,36.98413,316.205,347.1667,-0.14446,0.10901,-0.07431,0.19564,128.467,3.86134,0.86569,-0.60892,45.70647,299.3066,294.922,0.01426,-0.00778,-0.00106,0.01628,2.65314,4.00613,0.86462,-0.3262,45.90061,309.6327,316.083,0.0108,0.0027,0.00488,0.01216,4.00719
13.80848,4.11191,1.55246,-0.45697,33.09346,309.9734,345.2028,-0.31139,0.24661,-0.14127,0.42159,273.1719,3.86193,0.86516,-0.60937,45.86045,299.2916,294.8184,0.0255,-0.02094,-0.01666,0.03697,7.10778,4.00662,0.86466,-0.32586,45.90626,309.7885,316.1415,0.02044,0.00238,0.01381,0.02478,4.70273
13.83069,4.10123,1.56133,-0.46284,27.23676,301.8644,341.8302,-0.44673,0.37183,-0.24574,0.63104,385.7756,3.863,0.86421,-0.61011,46.14085,299.3327,294.4011,0.04435,-0.03931,-0.03117,0.06696,21.47006,4.00715,0.86476,-0.32532,45.80016,309.812,315.7356,0.02336,0.00355,0.02224,0.03245,17.68573
13.86403,4.09015,1.57276,-0.47319,20.38871,292.7037,338.9655,-0.36085,0.35023,-0.2944,0.5827,340.4047,3.86461,0.86257,-0.61134,46.61862,299.4992,293.0692,0.04737,-0.04662,-0.03554,0.07537,39.73632,4.00775,0.86435,-0.32496,45.60866,309.6051,314.6486,0.01953,-0.00842,0.01348,0.02518,26.16158
13.88624,4.08439,1.5813,-0.48228,15.72639,286.5588,337.9683,-0.27891,0.37577,-0.38009,0.60288,336.2547,3.86428,0.86246,-0.61159,46.56105,299.3133,292.6121,-0.00327,-0.01327,-0.01657,0.02148,18.37155,4.00791,0.86315,-0.32563,45.72473,309.5156,314.6302,0.00938,-0.045,-0.02124,0.05064,4.49861
13.90847,4.08146,1.58894,-0.4906,11.87699,281.8171,337.4916,-0.16521,0.34267,-0.36516,0.52731,281.5411,3.86324,0.86306,-0.61126,46.30983,299.0194,292.4178,-0.03242,0.01731,0.00935,0.03793,12.31722,4.00794,0.86127,-0.32678,45.98088,309.3195,314.6701,0.00292,-0.07676,-0.04564,0.08935,12.11684
13.93069,4.08103,1.59456,-0.49773,9.46551,278.4969,337.5674,-0.05118,0.26997,-0.3288,0.4285,204.6162,3.86222,0.86459,-0.6098,46.00156,299.1361,292.5874,-0.04334,0.05802,0.05345,0.09,12.99388,4.0079,0.85824,-0.32874,46.59853,309.1384,315.1662,-0.0007,-0.12639,-0.07993,0.14954,36.46187
13.95292,4.08172,1.59856,-0.50368,7.93858,276.3399,337.9708,0.03005,0.19206,-0.27799,0.33922,129.6265,3.86063,0.86664,-0.60792,45.72418,299.0814,293.4809,-0.07127,0.0913,0.0835,0.14278,40.10757,4.0077,0.85533,-0.3303,47.2223,309.1915,315.9077,-0.01008,-0.13323,-0.0738,0.15264,41.03085
13.97513,4.07992,1.60302,-0.5088,5.64668,273.6139,338.3243,-0.05735,0.19627,-0.23748,0.31339,153.9088,3.85968,0.86779,-0.60687,45.51305,299.0692,293.8205,-0.04688,0.05724,0.05279,0.09089,21.38497,4.00752,0.85341,-0.33131,47.55355,309.0437,316.0365,-0.00664,-0.09674,-0.05178,0.10993,23.86983
13.99735,4.0825,1.6034,-0.51139,5.92957,273.9835,339.3089,0.05759,0.06033,-0.14252,0.16513,45.78324,3.85809,0.87105,-0.60411,44.90513,299.2924,294.5109,-0.05935,0.11156,0.09433,0.15769,29.31276,4.00648,0.85223,-0.33167,47.82669,308.9577,316.2803,-0.03309,-0.06018,-0.0257,0.07333,17.9122
14.01958,4.08267,1.60385,-0.51351,5.7234,273.4472,340.0122,0.02519,0.01562,-0.09569,0.10018,38.70701,3.85657,0.87281,-0.60291,44.53915,299.2479,294.8176,-0.07107,0.08793,0.06206,0.12897,25.11935,4.00513,0.85205,-0.33198,47.83121,308.7188,316.2096,-0.06091,-0.01324,-0.01482,0.06407,9.49038
14.0418,4.08281,1.60382,-0.51511,5.79657,273.175,340.8222,0.00883,0.00807,-0.08173,0.0826,40.45047,3.85489,0.87431,-0.60216,44.14417,299.1011,295.095,-0.07523,0.07276,0.0396,0.1119,25.33314,4.00337,0.85248,-0.3323,47.74842,308.4164,316.2999,-0.07591,0.01419,-0.01394,0.07848,15.54825
14.06402,4.08291,1.60329,-0.51613,6.16252,273.2009,341.4614,0.00481,-0.01746,-0.05365,0.05663,31.49744,3.85329,0.87563,-0.60195,43.81921,298.734,295.3997,-0.07313,0.06188,0.01407,0.09683,30.25502,4.00101,0.85411,-0.3324,47.39109,307.9218,316.2198,-0.10198,0.06454,-0.00602,0.12083,22.92649
14.08625,4.08283,1.60318,-0.51709,6.35051,273.0984,341.933,-0.00464,0.00106,-0.05463,0.05484,26.40835,3.8519,0.87656,-0.60214,43.57262,298.3393,295.5888,-0.06495,0.04805,0.00052,0.0808,26.80652,3.9991,0.85526,-0.33254,47.22284,307.6263,316.2186,-0.08835,0.05266,-0.00672,0.10307,16.53945
14.10848,4.08294,1.6023,-0.51673,6.90127,273.4637,342.1108,0.00103,-0.02152,-0.01027,0.02387,20.93063,3.85114,0.87656,-0.60333,43.50172,297.9582,295.5449,-0.04292,0.01515,-0.03527,0.05758,18.07643,3.99687,0.85754,-0.33234,46.74647,307.2729,315.9886,-0.09448,0.08157,0.00229,0.12484,20.15596
14.13069,4.08307,1.60189,-0.51674,7.2874,273.5562,342.3908,0.00258,-0.0142,-0.01011,0.01763,19.64587,3.85092,0.87619,-0.60485,43.4855,297.6193,295.2872,-0.01872,-0.00773,-0.05875,0.06214,11.57669,3.99527,0.85916,-0.33202,46.53308,307.1441,315.9667,-0.07612,0.07372,0.01194,0.10663,12.89553
14.15291,4.08315,1.60148,-0.51656,7.68114,273.8536,342.7037,0.00205,-0.01308,-0.00031,0.01325,21.25078,3.85096,0.8755,-0.60667,43.64918,297.2123,295.0887,-0.00627,-0.02159,-0.0714,0.07485,13.47426,3.99364,0.86084,-0.33173,46.19942,306.8579,315.7176,-0.07453,0.0728,0.01122,0.10479,15.54576
14.17513,4.08309,1.60156,-0.51625,7.76192,274.1771,343.1212,-0.00152,-0.00013,0.01028,0.01039,21.50663,3.85157,0.87433,-0.60878,43.91791,296.8468,294.8183,0.01759,-0.04268,-0.08592,0.09753,15.39382,3.9923,0.86224,-0.33135,45.98476,306.7088,315.6176,-0.06325,0.06273,0.01435,0.09023,11.45409
14.19736,4.08304,1.60169,-0.51575,7.82115,274.4454,343.3492,-0.00167,0.00288,0.02366,0.0239,16.81669,3.85305,0.87291,-0.61065,44.19791,296.752,294.446,0.06166,-0.06347,-0.08692,0.12404,18.40109,3.99149,0.86308,-0.33088,45.85429,306.6145,315.689,-0.04028,0.04299,0.02093,0.06252,10.04696
14.21958,4.08302,1.60157,-0.51551,7.92528,274.6677,343.4657,-0.0012,-0.00336,0.01289,0.01337,12.66555,3.85453,0.87123,-0.61274,44.51181,296.6383,293.8188,0.06471,-0.07239,-0.09281,0.13432,25.60755,3.99095,0.86377,-0.33048,45.71324,306.6595,315.9299,-0.02793,0.03289,0.01761,0.04661,9.65051
14.2418,4.08297,1.60144,-0.51522,8.03663,274.8892,343.5008,-0.00226,-0.00356,0.01224,0.01295,10.7433,3.85579,0.86964,-0.61476,44.83995,296.4684,293.3579,0.05954,-0.07322,-0.0918,0.13166,22.79009,3.99121,0.86362,-0.32999,45.80114,306.7789,315.9132,0.00823,-0.00207,0.02256,0.0241,5.98069
14.26402,4.08282,1.60163,-0.51481,7.93093,275.0357,343.4529,-0.00566,0.00635,0.01539,0.01759,7.56228,3.85681,0.86827,-0.61652,45.16862,296.2544,293.1014,0.05008,-0.06496,-0.082,0.11599,18.40639,3.99162,0.86336,-0.32936,45.84492,306.9286,315.9247,0.01269,-0.00608,0.02583,0.02942,5.9421
14.28625,4.08266,1.60188,-0.5146,7.79009,275.0264,343.4567,-0.0065,0.0097,0.01015,0.01547,5.48147,3.85759,0.8672,-0.61785,45.33636,296.1346,292.8289,0.03778,-0.05116,-0.06401,0.09023,12.92596,3.9927,0.86278,-0.32868,46.00231,307.223,316.0144,0.04115,-0.02069,0.02778,0.05379,11.64865
14.30847,4.08262,1.60196,-0.51446,7.76612,275.0339,343.3156,-0.00203,0.00448,0.00787,0.00929,5.90619,3.85824,0.86638,-0.61887,45.51894,296.0532,292.6189,0.03119,-0.04024,-0.04965,0.07111,11.55605,3.99366,0.86257,-0.32834,46.04477,307.3571,315.968,0.04305,-0.01246,0.01736,0.04807,8.18904
14.33069,4.0826,1.60192,-0.51431,7.86475,275.0884,343.1503,-0.00078,-0.00137,0.00731,0.00748,8.41044,3.85871,0.86585,-0.61957,45.62721,296.0472,292.4654,0.02289,-0.02652,-0.03377,0.04866,9.28712,3.99461,0.86229,-0.32824,46.04149,307.4782,316.0229,0.04513,-0.01379,0.00703,0.04771,3.85062
14.35291,4.0825,1.60152,-0.51427,8.0369,275.0948,343.1277,-0.00363,-0.01255,0.00279,0.01336,6.73119,3.85905,0.86565,-0.61973,45.6374,296.2167,292.265,0.01735,-0.01449,-0.01532,0.02731,13.18359,3.99568,0.86163,-0.32847,46.20703,307.4869,316.0649,0.04481,-0.02319,-0.0042,0.05063,5.37981
14.37513,4.08236,1.60119,-0.51437,8.18804,275.0771,343.1949,-0.00608,-0.0139,-0.00282,0.01543,6.31613,3.85865,0.86612,-0.61913,45.52627,296.2653,292.4138,-0.01407,0.01849,0.02286,0.03259,6.33624,3.9973,0.86056,-0.32872,46.42226,307.6496,316.1689,0.06756,-0.04485,-0.01027,0.08174,9.59275
14.39735,4.08207,1.60113,-0.51441,8.20705,275.1122,343.1693,-0.01166,-0.00516,-0.00186,0.01288,2.39873,3.85825,0.86662,-0.6186,45.43214,296.2254,292.59,-0.02213,0.02734,0.031,0.04689,11.32915,3.99874,0.85955,-0.32875,46.5373,307.7954,316.2415,0.07018,-0.04978,-0.00393,0.08613,7.85272
14.41957,4.08196,1.60103,-0.51443,8.2421,275.1434,343.1548,-0.00642,-0.00498,-0.00144,0.00825,0.59968,3.85793,0.86692,-0.61797,45.38068,296.3397,292.7208,-0.01573,0.01645,0.0286,0.03655,5.59201,4,0.85871,-0.32888,46.62939,307.7976,315.9542,0.05896,-0.04179,-0.00671,0.07258,11.61885
14.44179,4.08192,1.60076,-0.51454,8.36437,275.1306,343.17,-0.00391,-0.0103,-0.00404,0.01173,4.18153,3.85759,0.86726,-0.61708,45.38737,296.4641,292.8351,-0.01423,0.01461,0.03516,0.04064,2.2976,4.00136,0.85741,-0.32915,46.91214,307.9521,315.953,0.06032,-0.05326,-0.0096,0.08103,12.37503
14.46401,4.08177,1.60062,-0.5146,8.47046,275.1249,343.1743,-0.00625,-0.00705,-0.00305,0.0099,2.63484,3.85734,0.86745,-0.61653,45.34472,296.5493,292.8984,-0.01082,0.00889,0.02471,0.0284,1.70367,4.00252,0.85646,-0.32931,47.09982,308.1078,316.0557,0.05402,-0.04371,-0.00741,0.06988,9.91562
14.48623,4.08167,1.6005,-0.51476,8.55356,275.0505,343.1513,-0.00562,-0.00716,-0.00788,0.01204,5.5559,3.85673,0.86802,-0.61507,45.19051,296.7549,292.9573,-0.02851,0.02705,0.06847,0.07895,10.01174,4.0034,0.85532,-0.32976,47.27751,308.2106,316.1425,0.0404,-0.05311,-0.02065,0.06985,9.08934
14.50845,4.0816,1.60046,-0.51479,8.54082,275.0643,343.0144,-0.00291,-0.00349,-0.00305,0.00547,5.19298,3.8561,0.86852,-0.61367,45.06907,296.898,293.0856,-0.02854,0.02349,0.06374,0.07368,7.43426,4.00404,0.85466,-0.33009,47.3993,308.2589,316.024,0.03088,-0.03488,-0.01652,0.04942,8.68877
14.53067,4.08154,1.60037,-0.5148,8.58622,275.0925,342.9471,-0.00369,-0.00387,-0.00142,0.00553,2.58818,3.8555,0.8691,-0.61216,44.97796,297.1129,293.2621,-0.02791,0.02691,0.07045,0.08041,8.2294,4.00441,0.85419,-0.33037,47.46411,308.2527,315.8378,0.01743,-0.02232,-0.01333,0.0313,7.53332
14.55289,4.08155,1.60031,-0.5148,8.58033,275.1352,342.9673,-0.00215,-0.0021,-0.00013,0.00301,1.77678,3.855,0.8695,-0.61098,44.90324,297.2484,293.4061,-0.0243,0.0204,0.05791,0.06603,6.41175,4.00488,0.8538,-0.33065,47.5458,308.3295,315.8626,0.01966,-0.01839,-0.01353,0.03013,4.34375
14.57512,4.08142,1.60048,-0.51479,8.52478,275.2457,342.9434,-0.00572,0.00759,0.00073,0.00953,6.25153,3.85442,0.87011,-0.60949,44.7821,297.4495,293.6605,-0.02741,0.02892,0.06988,0.08044,10.17836,4.00441,0.8543,-0.33102,47.48049,308.3097,315.9616,-0.02437,0.0244,-0.01673,0.03833,6.62086
14.59734,4.0813,1.60043,-0.51481,8.57828,275.3147,342.9619,-0.00549,-0.00023,-0.00066,0.00553,3.7531,3.85402,0.87058,-0.60842,44.7226,297.5855,293.8643,-0.01973,0.0226,0.0533,0.06116,7.64975,4.00431,0.85446,-0.33135,47.46418,308.2584,315.9146,-0.0086,0.01148,-0.01461,0.02047,2.15825
14.61956,4.08137,1.60028,-0.51515,8.71637,275.3971,343.0079,0.00095,-0.00466,-0.01184,0.01276,6.48702,3.85384,0.87093,-0.60747,44.6445,297.7399,293.8857,-0.01112,0.01701,0.04573,0.05005,6.22031,4.00401,0.85479,-0.33152,47.41499,308.2274,315.7917,-0.01208,0.01338,-0.00947,0.02036,3.90979
14.64179,4.08134,1.60026,-0.51536,8.72307,275.4154,343.1055,-0.00161,-0.00105,-0.0099,0.01009,3.90013,3.85373,0.87122,-0.60666,44.60635,297.8999,293.9874,-0.00621,0.01425,0.03738,0.04048,5.31262,4.00365,0.85511,-0.33163,47.37235,308.1812,315.7054,-0.01476,0.01417,-0.00583,0.02128,2.39338
14.66402,4.08126,1.60034,-0.51554,8.75883,275.4318,343.2415,-0.00298,0.00187,-0.00818,0.00891,4.904,3.85391,0.87138,-0.60624,44.62963,297.9975,294.0609,0.00592,0.00804,0.02277,0.02487,3.62748,4.00327,0.85535,-0.33163,47.34269,308.174,315.7974,-0.016,0.01139,-0.00075,0.01965,2.9404
14.68625,4.08117,1.60043,-0.51575,8.77772,275.4448,343.32,-0.00388,0.00269,-0.00789,0.00919,2.40205,3.85387,0.87159,-0.60552,44.61531,298.1619,294.1886,-0.00166,0.00996,0.032,0.03356,4.68888,4.00312,0.8555,-0.33169,47.32297,308.2114,315.8008,-0.00892,0.00791,-0.00335,0.01238,0.7351
14.70848,4.08095,1.60086,-0.51603,8.67959,275.491,343.2341,-0.0111,0.01973,-0.01478,0.02704,6.00859,3.85433,0.87136,-0.60538,44.64654,298.392,294.0133,0.02271,-0.01094,0.00407,0.02553,17.00474,4.00303,0.85568,-0.33149,47.34737,308.2045,315.5547,-0.00452,0.00848,0.01019,0.014,10.42633
14.7307,4.08086,1.6011,-0.51637,8.54336,275.4458,343.2248,-0.00537,0.01257,-0.01546,0.02064,5.31081,3.85423,0.87139,-0.6051,44.59614,298.4659,294.1263,0.0014,-0.00207,0.0104,0.0107,4.04055,4.00297,0.85577,-0.33146,47.31979,308.2215,315.615,-0.00379,0.00541,0.00386,0.00765,1.92865
14.75292,4.08081,1.60128,-0.51674,8.5378,275.3878,343.2643,-0.00307,0.00897,-0.01608,0.01867,2.32261,3.85404,0.87124,-0.60519,44.64031,298.397,294.2178,-0.00556,-0.00579,-0.00027,0.00803,4.41647,4.003,0.85587,-0.33129,47.35032,308.324,315.8333,0.0006,0.00546,0.00723,0.00908,4.59987
14.77514,4.08071,1.60135,-0.517,8.5395,275.4208,343.2603,-0.0041,0.0043,-0.01266,0.01398,0.58065,3.85391,0.87101,-0.6054,44.69913,298.2948,294.2619,-0.00609,-0.00915,-0.00821,0.01372,3.59008,4.00302,0.85598,-0.33112,47.35572,308.3024,315.8069,0.00157,0.00527,0.00786,0.00959,1.14997
14.79736,4.08059,1.60133,-0.51724,8.58679,275.4276,343.3165,-0.00503,-0.00079,-0.01155,0.01262,2.68397,3.85398,0.87075,-0.60585,44.68969,298.2815,294.0768,0.00178,-0.01053,-0.01687,0.01996,5.82509,4.00321,0.85601,-0.33089,47.30264,308.389,315.8814,0.00724,0.00329,0.01041,0.01309,3.51043
14.81959,4.08046,1.60118,-0.51778,8.6982,275.4585,343.3918,-0.00581,-0.00449,-0.02037,0.02165,5.08493,3.85405,0.87062,-0.60612,44.69624,298.3022,294.0113,0.00244,-0.00682,-0.013,0.01488,3.18041,4.00321,0.8562,-0.33062,47.18901,308.2525,315.7336,0.00142,0.00751,0.01238,0.01455,4.69904
14.84181,4.08034,1.60107,-0.51815,8.82878,275.4695,343.3632,-0.00468,-0.00433,-0.01641,0.01761,5.91855,3.85414,0.87059,-0.60646,44.7536,298.2872,294.0342,0.00395,-0.00201,-0.01525,0.01588,1.81229,4.00356,0.85619,-0.33006,47.22702,308.5748,316.0975,0.0132,0.00068,0.02149,0.02523,7.46635
14.86403,4.08028,1.60096,-0.51838,8.90842,275.4639,343.345,-0.0031,-0.00459,-0.0115,0.01277,4.15874,3.85427,0.87091,-0.6068,44.74781,298.3528,294.0526,0.00488,0.01066,-0.01488,0.01894,0.45307,4.00378,0.85602,-0.33006,47.29159,308.4735,315.8754,0.01012,-0.00484,0.00508,0.01232,2.5315
14.88625,4.0802,1.60093,-0.51857,8.95296,275.4644,343.3102,-0.00364,-0.00193,-0.0096,0.01045,2.03326,3.85423,0.8711,-0.60714,44.74605,298.3487,294.0823,-0.00063,0.0078,-0.01492,0.01685,1.77058,4.00402,0.8561,-0.32966,47.2739,308.7582,316.318,0.01117,0.00207,0.01676,0.02025,10.59563
14.90847,4.08013,1.60097,-0.51877,8.96111,275.463,343.3647,-0.00323,0.00036,-0.00905,0.00962,0.90587,3.85412,0.8712,-0.60743,44.71553,298.3246,294.1169,-0.00308,0.00452,-0.01268,0.01381,1.68789,4.00418,0.8563,-0.32924,47.21015,308.8892,316.4284,0.00836,0.00633,0.01763,0.02052,3.70989
14.9307,4.07973,1.60098,-0.51896,8.93472,275.4935,343.363,-0.01044,0.00049,-0.00876,0.01364,0.84878,3.85398,0.87115,-0.60817,44.74775,298.2339,294.0812,-0.00457,0.00106,-0.02298,0.02346,2.28679,4.0041,0.8563,-0.3293,47.19627,308.8475,316.295,0.00223,0.00335,0.00751,0.00852,1.89611
14.95291,4.07966,1.60097,-0.51906,8.96437,275.5274,343.3665,-0.00495,-0.0002,-0.00638,0.00808,0.21219,3.85392,0.87097,-0.60879,44.8066,298.1647,294.0414,-0.00351,-0.00567,-0.02616,0.027,1.54037,4.00401,0.85626,-0.32943,47.22144,308.804,316.2756,-0.00142,0.00091,0.00033,0.00172,0.99547
14.97514,4.07972,1.60094,-0.51919,8.96977,275.527,343.3488,0.00118,-0.00055,-0.00587,0.00601,0.05305,3.8537,0.87079,-0.60963,44.80702,298.043,293.8453,-0.00852,-0.00567,-0.03348,0.03501,4.4453,4.00388,0.85628,-0.32961,47.253,308.8188,316.4437,-0.00488,0.00059,-0.00614,0.00787,5.09567
14.99735,4.07982,1.60097,-0.51932,9.04819,275.5915,343.3479,0.00356,0.00024,-0.00568,0.0067,3.43591,3.85343,0.87093,-0.61029,44.83806,297.8982,293.8174,-0.01079,0.00258,-0.03047,0.03243,5.20299,4.00358,0.85646,-0.32986,47.17602,308.7698,316.4225,-0.01148,0.00708,-0.00916,0.0163,3.34858
15.01958,4.07975,1.60088,-0.51947,9.10393,275.7447,343.3691,-0.00169,-0.00326,-0.0061,0.00712,6.4268,3.85332,0.87087,-0.61088,44.83929,297.8325,293.7538,-0.00558,-0.00288,-0.02699,0.02772,2.94039,4.00338,0.85657,-0.33002,47.15921,308.7408,316.3455,-0.00906,0.00437,-0.0078,0.01273,1.94943
15.0418,4.07966,1.60102,-0.51947,9.07688,275.8692,343.4216,-0.00305,0.00498,-0.00056,0.00587,5.19733,3.85345,0.87065,-0.61149,44.94342,297.8443,293.6456,0.00336,-0.00795,-0.02657,0.02794,5.33446,4.0033,0.85653,-0.33018,47.1641,308.7727,316.3269,-0.00438,-0.00137,-0.00747,0.00877,1.74241
15.06403,4.0797,1.60114,-0.51938,9.05849,276.0096,343.4022,0.00088,0.00495,0.00334,0.00603,6.6241,3.85339,0.8706,-0.61194,44.94596,297.8538,293.5618,-0.00197,-0.00297,-0.02169,0.02198,4.11506,4.00313,0.85623,-0.33045,47.22918,308.8069,316.4306,-0.00724,-0.01048,-0.01146,0.01713,3.49871
15.08626,4.07986,1.60098,-0.51914,9.25891,276.3121,343.3586,0.00612,-0.00578,0.00986,0.01296,14.56763,3.85326,0.87066,-0.61225,44.93673,297.8396,293.5956,-0.0051,0.00251,-0.01523,0.01626,1.08375,4.00293,0.85634,-0.33064,47.15605,308.7868,316.3877,-0.00858,0.00241,-0.01006,0.01344,2.29076
15.10848,4.07984,1.60071,-0.51898,9.39566,276.5448,343.4125,-0.00066,-0.00938,0.00758,0.01208,11.48054,3.85321,0.87073,-0.61233,44.94868,297.8415,293.6786,-0.00268,0.00271,-0.0063,0.00737,1.65241,4.00283,0.85651,-0.33104,47.19368,308.7823,316.4782,-0.00529,0.00709,-0.01478,0.01722,4.17274
15.13069,4.07975,1.60062,-0.51886,9.43553,276.691,343.3922,-0.00187,-0.00463,0.00505,0.0071,7.70726,3.85317,0.87074,-0.61258,44.9332,297.8493,293.688,-0.00227,0.00075,-0.01099,0.01124,0.4131,4.00278,0.85664,-0.33122,47.21183,308.8237,316.5912,-0.00352,0.00611,-0.01009,0.01231,2.49753
15.15292,4.07961,1.60037,-0.51772,9.7056,277.6437,342.9815,-0.00665,-0.01248,0.05278,0.05464,52.68227,3.85342,0.87062,-0.61231,44.9693,298.024,293.6744,0.01137,-0.00506,0.01324,0.01817,8.52958,4.00309,0.85734,-0.33116,47.0308,308.8401,316.3791,0.01415,0.03163,0.00238,0.03473,13.32557
15.17514,4.0799,1.59963,-0.5158,10.41923,279.0409,342.7693,0.00845,-0.02983,0.07806,0.08399,67.18168,3.85349,0.87052,-0.61217,44.96993,298.1254,293.7157,0.00437,-0.00489,0.00876,0.01094,3.29119,4.00338,0.85766,-0.33141,47.01654,308.9387,316.5101,0.01389,0.01819,-0.0082,0.02431,3.2589
15.19736,4.08062,1.59797,-0.51293,11.67408,281.2308,342.3298,0.029,-0.06704,0.12224,0.1424,111.827,3.85312,0.87053,-0.61162,44.90496,298.1731,293.8326,-0.0119,-0.0003,0.02223,0.02521,3.25993,4.0038,0.85802,-0.33177,47.03858,308.9882,316.8649,0.01901,0.01935,-0.0128,0.03,12.27648
15.21959,4.08188,1.59492,-0.50811,14.22217,285.2884,341.7501,0.05406,-0.12837,0.20732,0.24977,208.5893,3.85287,0.87028,-0.61081,44.85424,298.2782,294.0819,-0.0114,-0.01005,0.03286,0.0362,7.84631,4.00459,0.85904,-0.33207,46.96848,309.1643,317.4316,0.03174,0.04069,-0.01364,0.05338,18.63233
15.2418,4.08348,1.59173,-0.50289,16.85695,289.6258,341.622,0.07034,-0.14317,0.23496,0.28399,230.1422,3.85275,0.86982,-0.61001,44.81994,298.3732,294.3992,-0.0065,-0.01827,0.03448,0.03956,10.28235,4.00566,0.86045,-0.33245,46.9167,309.5149,318.709,0.04281,0.05587,-0.01605,0.07219,38.75188
15.26402,4.08665,1.58651,-0.49463,20.64802,296.6097,342.2472,0.1253,-0.21086,0.33533,0.41546,317.834,3.85305,0.86861,-0.60883,44.93579,298.751,294.7867,0.00857,-0.04389,0.04711,0.06496,11.59984,4.00751,0.86295,-0.33287,46.83764,310.5942,321.8025,0.06997,0.09507,-0.01833,0.11946,87.75031
15.28625,4.09038,1.5818,-0.4865,23.71132,303.9067,343.7675,0.15647,-0.20675,0.35401,0.4388,329.1845,3.85368,0.86672,-0.60718,45.15198,299.2493,295.1764,0.02127,-0.07018,0.06529,0.09819,15.70506,4.00977,0.86586,-0.33349,46.79662,311.9704,325.9781,0.09073,0.11621,-0.02453,0.14946,126.2535
15.30847,4.09498,1.5781,-0.4786,25.96847,312.0104,346.049,0.17986,-0.16972,0.3354,0.41671,325.7108,3.85416,0.86414,-0.60434,45.15906,299.8584,296.0376,0.01971,-0.10152,0.10834,0.14977,22.50434,4.01298,0.87047,-0.33447,46.45042,313.5505,331.2214,0.12723,0.18025,-0.04426,0.22503,171.171
15.33069,4.10024,1.57659,-0.47262,27.13489,319.9913,348.4751,0.21699,-0.09037,0.27939,0.36511,319.2977,3.85468,0.8611,-0.60186,45.28308,300.208,296.9542,0.02464,-0.12866,0.10985,0.17096,29.73789,4.01581,0.87561,-0.33586,45.81711,314.6272,335.8138,0.1252,0.21828,-0.06152,0.25905,174.9327
15.3529,4.10303,1.57504,-0.46851,28.09304,324.7027,349.9169,0.1349,-0.07143,0.19322,0.24624,208.6178,3.85513,0.85913,-0.6001,45.40092,300.558,297.5613,0.02057,-0.09672,0.08615,0.13115,22.0414,4.01789,0.87918,-0.33704,45.37239,315.409,339.2941,0.10006,0.17068,-0.05265,0.20474,142.0382
15.37512,4.1128,1.57766,-0.4632,27.46288,335.0274,352.9541,0.47332,0.10008,0.28709,0.56255,470.5526,3.8589,0.85163,-0.59792,46.47624,301.2521,297.9936,0.17039,-0.3415,0.10037,0.39463,53.45409,4.0218,0.88734,-0.34237,43.52507,314.7198,344.9036,0.17901,0.37436,-0.24212,0.48043,292.2073
15.39734,4.11969,1.58006,-0.46074,26.23422,341.7498,356.0784,0.34717,0.11103,0.14832,0.39352,318.3246,3.86181,0.84612,-0.59627,47.19485,301.8024,297.9416,0.14279,-0.27371,0.07998,0.31891,44.3032,4.02676,0.89183,-0.34615,42.68375,314.7705,348.3704,0.22213,0.24205,-0.19098,0.38001,188.152
15.41957,4.12411,1.58415,-0.46096,24.29021,346.2213,358.3676,0.22957,0.16972,0.0241,0.28651,224.7849,3.86515,0.84037,-0.59495,48.08051,302.194,297.9101,0.15197,-0.2652,0.06418,0.31232,44.28242,4.03388,0.89414,-0.34967,42.70109,315.1262,350.6408,0.30431,0.13023,-0.16461,0.36968,109.9483
15.44178,4.1274,1.5885,-0.46278,22.79517,349.641,359.3584,0.16114,0.2069,-0.08361,0.27525,164.1809,3.86943,0.83389,-0.59381,49.13802,302.6419,297.6964,0.19636,-0.29937,0.05064,0.36159,57.41277,4.04206,0.89549,-0.35288,42.87834,315.5714,352.2358,0.38088,0.0617,-0.15224,0.4148,61.15778
15.464,4.13042,1.59235,-0.46529,21.81405,352.7138,0.02123,0.14412,0.17428,-0.09532,0.24542,146.0307,3.87423,0.82716,-0.59263,50.30424,303.471,297.0667,0.20927,-0.29884,0.05374,0.36877,73.5212,4.04958,0.89681,-0.35689,43.06235,315.6493,353.974,0.34565,0.062,-0.17254,0.39127,74.55714
15.48622,4.13265,1.59565,-0.46788,20.74088,355.1996,0.56896,0.11261,0.15156,-0.104,0.21557,125.7208,3.87991,0.81988,-0.59129,51.52794,304.6881,295.7624,0.24107,-0.3184,0.05942,0.40376,106.0476,4.05833,0.89692,-0.36082,43.44029,315.7389,355.0648,0.38194,0.01757,-0.17139,0.419,54.41525
15.50844,4.13475,1.59835,-0.46974,19.73858,357.7935,1.12926,0.09645,0.12762,-0.0919,0.18449,118.9281,3.88527,0.81305,-0.58937,52.60579,306.0495,294.2621,0.23892,-0.30715,0.08173,0.39762,124.9089,4.06865,0.89568,-0.36394,44.22573,316.3706,355.6992,0.44296,-0.03424,-0.14527,0.46742,37.59563
15.53066,4.13647,1.60092,-0.47185,18.74397,0.05391,1.64086,0.08278,0.11977,-0.09218,0.17232,110.2303,3.88974,0.8073,-0.58676,53.45899,307.4891,292.8721,0.20866,-0.26835,0.1096,0.35716,126.6016,4.07918,0.89488,-0.36622,44.74806,317.7177,356.7864,0.46841,-0.03798,-0.11225,0.48317,46.54905
15.55288,4.13835,1.60358,-0.47358,17.7152,2.44892,2.36159,0.08739,0.11826,-0.07763,0.16628,114.0505,3.89321,0.80267,-0.58306,53.94506,308.9804,291.7198,0.16909,-0.22426,0.14871,0.31781,114.1472,4.09021,0.89346,-0.36836,45.58758,319.5497,358.3708,0.48075,-0.05154,-0.10284,0.49432,61.88617
15.57511,4.13945,1.6054,-0.47608,16.99555,4.2847,2.76516,0.05882,0.08784,-0.10416,0.14841,92.66913,3.89442,0.80058,-0.57613,53.84669,310.2987,291.5678,0.07859,-0.12094,0.28022,0.31516,72.54137,4.10255,0.89129,-0.36998,46.47462,322.0559,0.01579,0.53973,-0.0903,-0.08166,0.55329,83.69243
15.59733,4.14121,1.60741,-0.47775,16.14174,6.71236,3.16869,0.07471,0.0903,-0.08177,0.14291,107.7611,3.89598,0.79815,-0.56886,54.11264,311.5473,292.0179,0.07078,-0.10851,0.32291,0.34793,48.00634,4.11459,0.88971,-0.37192,47.38156,324.3013,1.28564,0.54689,-0.07755,-0.08392,0.5587,84.28767
15.61956,4.14234,1.60924,-0.47946,15.3343,8.75735,3.60672,0.05681,0.08358,-0.07848,0.12796,98.41021,3.8981,0.79615,-0.56063,54.23455,313.3459,292.6113,0.09153,-0.09315,0.36137,0.38424,60.11411,4.12631,0.88845,-0.37433,48.23821,326.0939,2.00477,0.53082,-0.0598,-0.10426,0.54426,73.6852
15.64178,4.1431,1.61079,-0.48152,14.68166,10.48251,3.92719,0.04141,0.07352,-0.08951,0.12301,85.4046,3.90071,0.79513,-0.55055,53.97,315.9183,293.0231,0.11258,-0.06377,0.41797,0.43753,90.0915,4.13775,0.88764,-0.37665,48.78729,327.779,1.9284,0.51946,-0.04514,-0.10392,0.53167,78.70578
15.664,4.1439,1.61223,-0.48364,14.11395,12.24773,3.89647,0.03533,0.06522,-0.09538,0.12083,83.51277,3.90364,0.79448,-0.53995,53.61671,318.703,293.4568,0.12812,-0.03119,0.47492,0.49288,107.7741,4.14959,0.88647,-0.37871,49.58016,330.2092,2.56654,0.53043,-0.05048,-0.09402,0.54106,93.53638
15.68622,4.14461,1.61337,-0.48591,13.70951,13.98549,3.53129,0.0345,0.05585,-0.09881,0.11863,85.57899,3.90641,0.79412,-0.52895,53.56125,321.0742,294.4636,0.12475,-0.02411,0.48157,0.49805,80.87608,4.16102,0.88601,-0.38055,49.86921,333.147,3.88037,0.5155,-0.02748,-0.08877,0.52381,92.20283
15.70844,4.14523,1.61445,-0.48794,13.33345,15.59406,3.30606,0.02905,0.05167,-0.09198,0.10943,79.07743,3.90899,0.79381,-0.51778,53.39781,323.2888,295.5033,0.11821,-0.02025,0.48955,0.50403,71.51183,4.17162,0.88615,-0.38297,49.92631,335.5109,4.76205,0.48764,-0.0043,-0.10504,0.49884,82.45329
15.73066,4.14522,1.61495,-0.48977,13.30305,16.86109,2.9006,0.00921,0.0295,-0.08454,0.09001,68.39827,3.91062,0.79363,-0.50559,53.48366,324.1934,295.3148,0.08484,-0.01656,0.52603,0.53309,54.56208,4.18092,0.88615,-0.38657,50.5148,336.9236,4.76868,0.43436,-0.00503,-0.15023,0.45963,70.22385
15.75288,4.14567,1.61546,-0.49161,13.08551,18.30058,2.43446,0.01795,0.02681,-0.08196,0.08808,72.14307,3.91323,0.79393,-0.49331,52.61731,326.3727,295.4819,0.1084,0.01025,0.54659,0.55733,88.69302,4.19028,0.88572,-0.39025,51.17913,338.5178,4.91207,0.42322,-0.01547,-0.16278,0.45371,72.82425
15.7751,4.14583,1.61595,-0.49321,12.89273,19.42653,2.11093,0.00788,0.02171,-0.07409,0.07761,58.221,3.91623,0.79588,-0.48023,51.57563,329.419,296.8196,0.12922,0.06913,0.58025,0.59847,102.3463,4.19815,0.88598,-0.39413,51.48648,339.9599,4.67238,0.36989,0.0069,-0.16941,0.4069,74.25854
15.79732,4.1459,1.61643,-0.49461,12.47157,20.43746,2.03888,0.0061,0.02438,-0.06568,0.07033,52.52065,3.91827,0.79743,-0.46747,50.7875,330.8648,297.5905,0.09993,0.07145,0.57634,0.58929,64.66424,4.20591,0.8863,-0.39711,51.66886,342.0341,5.02526,0.3529,0.01219,-0.14068,0.3801,79.94565
15.81955,4.1451,1.61823,-0.49512,11.14808,20.94007,1.9967,-0.02469,0.06973,-0.03356,0.08123,57.87653,3.92045,0.7991,-0.45527,50.1368,332.1813,298.7781,0.09927,0.07205,0.55213,0.56559,50.92052,4.21235,0.88712,-0.40018,51.59744,344.076,6.35827,0.29823,0.03436,-0.14149,0.33188,57.54137
15.84177,4.14391,1.62005,-0.4957,10.07668,21.32809,1.89129,-0.05146,0.077,-0.02731,0.09656,51.25984,3.92305,0.80061,-0.444,49.54976,333.4901,299.6241,0.11556,0.07259,0.51589,0.53364,47.1933,4.21718,0.88861,-0.4034,51.31487,345.0257,7.1351,0.21367,0.06853,-0.14249,0.26581,32.21249
15.864,4.14278,1.62098,-0.4968,9.54231,21.69017,2.06135,-0.053,0.04999,-0.04412,0.08517,33.42267,3.92604,0.80217,-0.4335,49.04733,334.9498,300.5934,0.12987,0.071,0.48013,0.50242,47.12205,4.22166,0.88999,-0.40621,51.28341,345.8191,7.33651,0.19676,0.06516,-0.12925,0.24427,26.81817
15.88622,4.14071,1.62191,-0.49742,9.08237,21.43671,2.49389,-0.08557,0.04471,-0.0293,0.1009,29.8592,3.9291,0.80356,-0.42447,48.96742,336.0949,301.6059,0.13382,0.06219,0.4302,0.4548,37.54026,4.22567,0.89214,-0.4082,50.89945,346.4963,7.04466,0.19726,0.08449,-0.1036,0.23829,40.28853
15.90845,4.13755,1.62325,-0.4972,8.47272,20.52605,2.82212,-0.12957,0.05642,-0.00055,0.14132,44.56413,3.93233,0.8043,-0.41792,49.23666,336.7143,301.8251,0.14417,0.04015,0.32712,0.35973,27.92125,4.22754,0.89661,-0.40772,49.562,347.1685,6.3299,0.11636,0.16789,-0.01243,0.20465,69.85989
15.93067,4.13497,1.62436,-0.49723,8.13245,20.03608,2.84764,-0.11648,0.05097,-0.00209,0.12716,30.08677,3.93604,0.80542,-0.41117,49.08504,338.0849,301.6617,0.16069,0.04973,0.31422,0.35641,56.91563,4.22988,0.89998,-0.40799,48.86128,347.993,6.27421,0.10336,0.15547,-0.01108,0.18702,53.20075
15.95289,4.13253,1.62493,-0.4968,7.99821,19.20253,2.98695,-0.10817,0.03217,0.01214,0.11351,34.75675,3.93954,0.80686,-0.40526,48.79111,339.588,301.6386,0.15595,0.05996,0.27417,0.32106,64.99371,4.23146,0.90314,-0.40827,48.19578,348.5475,6.44997,0.07149,0.14747,-0.00923,0.16414,39.00861
15.97512,4.13035,1.6251,-0.49624,8.03567,18.30139,3.22963,-0.09957,0.01359,0.0222,0.10291,40.78931,3.94223,0.80819,-0.39975,48.64109,340.4375,301.8092,0.12802,0.05956,0.25183,0.28871,38.25415,4.23138,0.90585,-0.40869,47.83746,348.4948,6.93375,0.01016,0.12653,-0.01711,0.12808,25.1519
15.99734,4.12838,1.62521,-0.49562,8.01721,17.5076,3.14763,-0.08958,0.0121,0.02138,0.09288,32.62865,3.94444,0.8094,-0.39441,48.48181,340.9193,302.2407,0.1078,0.056,0.24569,0.27408,20.85545,4.23075,0.90879,-0.40857,47.07625,348.713,8.12964,-0.02269,0.13343,0.00346,0.13539,52.88583
16.01957,4.12664,1.62509,-0.4943,8.23078,16.88515,2.24527,-0.07873,0.00081,0.0492,0.09284,37.96149,3.94639,0.81022,-0.39032,48.48808,341.1193,302.725,0.09414,0.04075,0.20371,0.22808,12.87627,4.2301,0.91128,-0.40784,46.39114,349.2413,9.58731,-0.02025,0.11375,0.02248,0.1177,53.48293
16.04179,4.12539,1.62509,-0.49332,8.30687,16.44411,1.76564,-0.05818,-0.00408,0.05093,0.07743,32.04384,3.9485,0.81051,-0.38633,48.69735,341.1851,302.9324,0.09589,0.01851,0.18445,0.20871,12.43901,4.22962,0.91309,-0.40678,46.05437,349.6797,10.34648,-0.01889,0.0917,0.04076,0.10211,33.86198
16.06401,4.12477,1.62456,-0.49162,8.68783,15.92374,1.33273,-0.03494,-0.01724,0.07154,0.08146,31.52716,3.95032,0.81055,-0.38382,49.06985,340.8678,303.2078,0.09009,0.00549,0.12402,0.15339,29.46315,4.22947,0.91447,-0.40503,45.73207,350.8505,10.90742,-0.00477,0.066,0.07334,0.09878,38.51555
16.08624,4.12445,1.62521,-0.48931,8.36941,15.59639,1.08892,-0.01623,0.02253,0.10129,0.10502,21.68192,3.95262,0.8109,-0.38221,49.67661,340.7982,303.9278,0.09948,0.01703,0.08157,0.12977,36.2967,4.23031,0.91542,-0.40251,45.40021,352.8572,11.80949,0.02904,0.04907,0.10793,0.12206,62.97474
16.10847,4.12401,1.62603,-0.48739,7.89463,15.4035,0.83478,-0.01569,0.0359,0.09348,0.10136,24.9418,3.95517,0.81247,-0.38043,50.2465,340.6319,305.1527,0.11184,0.0597,0.08376,0.15195,62.54637,4.23077,0.91803,-0.39873,43.4678,354.6575,12.73229,0.02581,0.10653,0.15601,0.19067,97.32946
16.13069,4.12339,1.627,-0.48574,7.41888,15.31227,0.75919,-0.02541,0.04176,0.07812,0.09215,22.33042,3.95766,0.81533,-0.37742,50.40294,340.6002,307.3244,0.11366,0.12343,0.12363,0.20842,97.45649,4.23213,0.91942,-0.39515,42.21976,357.5461,14.89344,0.0535,0.06207,0.16489,0.18413,106.1732
16.15291,4.12249,1.62799,-0.48388,6.89202,15.03559,0.89202,-0.03772,0.04454,0.08444,0.10265,26.8219,3.96073,0.81996,-0.3739,50.16693,341.0356,310.4447,0.1349,0.19689,0.15136,0.28262,122.8246,4.23272,0.91707,-0.39298,43.82569,359.2288,15.24333,0.03088,-0.07916,0.11256,0.14103,86.38287
16.17513,4.12167,1.62865,-0.48229,6.53346,14.78424,0.8631,-0.03521,0.0312,0.06959,0.084,19.82851,3.96473,0.82632,-0.3697,48.85632,342.0753,313.6565,0.17326,0.26646,0.17995,0.36525,125.8032,4.23265,0.91509,-0.3904,45.01945,0.87023,15.30576,0.00279,-0.07463,0.11766,0.13936,84.43774
16.19736,4.12056,1.62946,-0.47954,5.89276,14.52692,0.90841,-0.04398,0.03636,0.10712,0.12137,28.52246,3.96934,0.83239,-0.36642,48.46255,343.092,317.3462,0.20073,0.26981,0.15026,0.36833,134.5409,4.23145,0.91432,-0.38763,45.86737,0.85583,12.0245,-0.04875,-0.04894,0.1238,0.14177,137.1024
16.2196,4.1191,1.6314,-0.47711,4.71272,14.16719,0.95997,-0.06423,0.07813,0.10871,0.14848,50.50042,3.97437,0.8381,-0.3643,49.41011,343.9211,322.608,0.22211,0.25921,0.1052,0.3572,204.2674,4.23101,0.91363,-0.3858,47.24166,1.05904,7.48336,-0.03457,-0.0314,0.09281,0.1039,206.0278
16.2418,4.11743,1.63296,-0.47492,3.87255,13.80177,0.8381,-0.07386,0.07189,0.10106,0.14435,43.06039,3.97905,0.8446,-0.3612,49.76163,344.4329,327.271,0.2142,0.29016,0.13401,0.38476,198.8076,4.22929,0.9151,-0.38343,46.99797,0.06746,3.10408,-0.07706,0.0526,0.10622,0.14138,180.6527
16.26402,4.11603,1.63371,-0.47274,3.37313,13.47913,0.69878,-0.06512,0.04167,0.09824,0.12502,30.43835,3.98323,0.85277,-0.35649,49.49976,344.5289,332.5204,0.19186,0.34506,0.19129,0.43871,220.7555,4.22703,0.91517,-0.38114,47.75285,0.53521,1.39802,-0.08416,0.01316,0.10283,0.13353,119.2071
16.28625,4.11461,1.63339,-0.47054,3.52035,13.17652,0.62585,-0.06305,0.00153,0.09861,0.11705,14.46968,3.98708,0.86398,-0.35072,48.24915,344.0916,338.0599,0.1814,0.44178,0.2285,0.52942,243.2613,4.22345,0.91678,-0.37825,48.75138,1.13463,358.233,-0.1479,0.06891,0.12637,0.20638,155.4082
16.30847,4.11328,1.63254,-0.46814,3.95848,12.8893,0.48781,-0.06031,-0.02078,0.10375,0.12179,16.43731,3.99191,0.87426,-0.34677,49.2583,343.3766,342.7086,0.20378,0.44784,0.18858,0.52692,235.8378,4.21452,0.92063,-0.37459,50.34261,359.22,353.7447,-0.31929,0.16041,0.15869,0.39097,157.8155
16.33069,4.11205,1.63156,-0.46531,4.40456,12.74997,0.37676,-0.05584,-0.03441,0.12349,0.13983,17.11259,3.99632,0.88297,-0.3429,50.06896,342.4269,346.2813,0.20184,0.40655,0.17968,0.48816,208.2581,4.20914,0.92559,-0.37129,50.39097,358.8595,350.4347,-0.27413,0.23283,0.15744,0.39261,148.1826
16.35291,4.11073,1.6321,-0.46186,3.7861,12.54922,0.4489,-0.05923,0.01309,0.14788,0.15984,21.72989,3.99968,0.8926,-0.33899,51.46352,340.9438,351.0412,0.16164,0.42176,0.17082,0.4829,257.9035,4.20325,0.93361,-0.36633,48.74572,357.694,345.5471,-0.26228,0.32627,0.21217,0.46932,165.9847
16.37514,4.10901,1.63251,-0.4585,3.208,12.24127,0.51703,-0.07393,0.01397,0.1494,0.16727,26.42123,4.00283,0.90089,-0.33657,53.78593,339.8213,355.9668,0.14062,0.38089,0.11736,0.42264,275.9098,4.19834,0.93924,-0.36147,49.04328,358.5894,343.677,-0.2224,0.27722,0.22006,0.41802,130.7915
16.39738,4.10731,1.63221,-0.45538,3.13564,12.03262,0.43258,-0.07493,-0.00742,0.14205,0.16077,12.47903,4.00629,0.90906,-0.33362,55.01036,339.25,0.27997,0.15023,0.36933,0.12776,0.41868,227.776,4.19569,0.94655,-0.35645,48.72602,1.09759,341.7246,-0.14843,0.32533,0.22716,0.42364,183.946
16.41958,4.10572,1.63124,-0.45243,3.40189,11.90467,0.3296,-0.07232,-0.03477,0.13583,0.15776,10.65557,4.01086,0.91721,-0.3299,55.70289,339.4247,3.58059,0.19794,0.36709,0.16116,0.44711,167.2198,4.19066,0.95608,-0.35152,47.52657,1.06635,336.0902,-0.21446,0.40281,0.21902,0.50618,227.0901
16.44181,4.10426,1.6298,-0.44903,3.93111,11.76685,0.23073,-0.06709,-0.0646,0.15272,0.17888,24.63301,4.01569,0.92367,-0.32735,58.00163,339.0128,6.9439,0.21178,0.30702,0.12092,0.39209,187.0453,4.18413,0.96596,-0.34696,45.41249,1.2252,335.2255,-0.28141,0.41369,0.20681,0.54138,128.1099
16.46404,4.10294,1.62795,-0.4451,4.71236,11.65976,0.10005,-0.06129,-0.07958,0.17189,0.19909,33.49602,4.02088,0.92789,-0.32651,62.1015,338.0293,8.39023,0.23192,0.22442,0.06506,0.32922,195.3875,4.17522,0.973,-0.34173,44.57375,359.0703,332.843,-0.35033,0.34953,0.22825,0.54498,86.09725
16.48627,4.10147,1.62628,-0.44067,5.22157,11.45381,0.13894,-0.06556,-0.0742,0.19419,0.21797,25.42392,4.02712,0.9303,-0.32432,65.93518,339.1688,8.94936,0.26146,0.14417,0.09476,0.31325,161.2139,4.17001,0.9835,-0.33606,42.01372,359.291,329.515,-0.2532,0.44968,0.24684,0.57206,175.4678
16.50849,4.09984,1.625,-0.43605,5.28918,11.22228,0.04912,-0.07307,-0.06364,0.20867,0.23007,12.27654,4.03205,0.93267,-0.3217,68.67278,341.1075,11.18911,0.23241,0.11939,0.10855,0.28293,139.3607,4.16529,0.99205,-0.33253,40.79919,0.2223,325.6927,-0.22726,0.38484,0.17679,0.48063,188.143
16.53071,4.0984,1.6233,-0.43149,5.49986,11.2741,359.7097,-0.06606,-0.07232,0.20438,0.22664,15.52911,4.03551,0.93388,-0.32101,71.88367,343.9881,16.14446,0.17145,0.08057,0.04832,0.1955,163.9381,4.15789,0.99772,-0.33047,41.10609,359.1393,323.7114,-0.31982,0.30016,0.1213,0.45508,103.5544
16.55293,4.09737,1.62148,-0.42693,5.98919,11.49873,359.448,-0.05005,-0.08192,0.20596,0.22723,25.66892,4.03471,0.93625,-0.31893,71.81764,337.9491,9.94311,-0.0127,0.10068,0.10226,0.14406,67.57365,4.149,1.00477,-0.32856,40.29829,354.8884,317.9981,-0.3882,0.30496,0.07856,0.49987,183.6987
16.57516,4.09656,1.61886,-0.42244,6.81593,11.84945,359.4406,-0.04149,-0.10657,0.20145,0.23165,34.14661,4.03664,0.94046,-0.31433,70.66044,339.0912,12.148,0.06339,0.16796,0.17996,0.25419,53.3824,4.14204,1.011,-0.32641,39.76128,352.8418,314.4041,-0.32748,0.28757,0.09213,0.44545,137.117
16.59738,4.09552,1.61622,-0.41789,7.63031,11.97273,359.8173,-0.04729,-0.11027,0.20344,0.23618,34.97612,4.03842,0.94208,-0.30921,68.91969,344.787,18.19652,0.07962,0.08447,0.20195,0.23293,83.98454,4.13853,1.01688,-0.32568,38.20187,352.0586,312.9654,-0.19659,0.27817,0.05404,0.34489,97.35155
16.6196,4.09427,1.61439,-0.41327,7.89766,12.0897,359.9718,-0.05373,-0.08746,0.20571,0.2299,18.8179,4.03463,0.93977,-0.30836,69.45521,338.7964,13.39698,-0.14082,-0.07645,0.06297,0.17216,85.65215,4.13517,1.02265,-0.32518,37.17528,351.0991,310.2462,-0.15611,0.25552,0.02018,0.30011,105.4798
16.64182,4.09319,1.61292,-0.40822,7.51875,12.64202,359.5777,-0.04928,-0.07319,0.2231,0.23992,26.19725,4.02923,0.93719,-0.31002,70.51171,327.5379,4.53958,-0.23355,-0.11945,-0.05912,0.2689,179.2456,4.13212,1.02583,-0.32596,37.54106,349.5416,307.5202,-0.12909,0.14771,-0.03774,0.19976,92.84658
16.66405,4.09224,1.61096,-0.4034,7.64271,13.08118,359.4538,-0.04494,-0.0848,0.21782,0.23803,22.49405,4.02759,0.93462,-0.31108,71.99563,321.9721,1.15801,-0.11345,-0.10738,-0.04234,0.16185,133.9284,4.13074,1.02881,-0.32655,37.56525,348.6835,305.9459,-0.07827,0.14318,-0.02461,0.16502,64.63151
16.68627,4.09139,1.60828,-0.39936,8.1969,13.37909,0.1591,-0.04264,-0.10611,0.19024,0.22196,30.59811,4.02699,0.93217,-0.31088,72.63092,319.2987,358.2259,-0.0487,-0.10694,-0.00294,0.11754,59.91826,4.13031,1.03229,-0.32731,37.06986,349.0163,304.9909,-0.03899,0.15599,-0.0289,0.16337,56.92567
16.7085,4.08987,1.60656,-0.39567,8.4401,13.44231,0.33722,-0.06498,-0.08295,0.16729,0.19771,16.41936,4.02644,0.92893,-0.31178,73.62168,316.8152,354.5101,-0.02984,-0.13917,-0.03329,0.14617,70.41949,4.12712,1.03455,-0.32768,36.58314,346.8013,302.2697,-0.12608,0.11155,-0.01875,0.16938,93.42124
16.73073,4.08836,1.60488,-0.39196,8.64049,13.6503,0.19333,-0.06556,-0.07793,0.16948,0.19772,13.38797,4.02691,0.92546,-0.31283,75.16084,316.4587,353.6329,0.01591,-0.15451,-0.04469,0.16163,71.31168,4.12467,1.03885,-0.32728,34.82197,345.7681,303.7732,-0.10488,0.18249,0.01393,0.21094,103.5014
16.75295,4.08711,1.60359,-0.38836,8.58692,13.98497,359.9092,-0.05743,-0.06406,0.16719,0.18803,16.7095,4.02844,0.92191,-0.31428,76.84853,316.2451,351.9027,0.05105,-0.15288,-0.05702,0.17097,90.56435,4.12758,1.04436,-0.32476,32.84186,350.5862,310.7121,0.08378,0.2328,0.08054,0.2602,216.1098
16.77518,4.08605,1.60258,-0.38466,8.24601,14.17732,359.9777,-0.05085,-0.05062,0.16708,0.18183,13.66983,4.0298,0.91848,-0.31598,77.62646,315.4168,349.0216,0.05061,-0.15292,-0.07303,0.17686,91.55389,4.13109,1.04786,-0.32416,31.72386,356.0555,316.4692,0.11911,0.16815,0.04028,0.20996,224.708
16.7974,4.08485,1.60148,-0.38117,7.88116,14.14716,0.32471,-0.05385,-0.05,0.15841,0.17462,18.84295,4.03011,0.91428,-0.31924,78.72482,312.9695,344.9956,0.02938,-0.18192,-0.13195,0.22665,92.06927,4.13235,1.04843,-0.3232,31.95215,359.789,323.9048,0.06227,0.0659,0.0397,0.09898,250.7751
16.81963,4.08387,1.59965,-0.37801,7.64941,14.32311,0.41968,-0.04624,-0.07626,0.14688,0.17184,13.84743,4.03088,0.91034,-0.32321,80.51181,309.6623,340.7969,0.03065,-0.17338,-0.16528,0.24149,91.44035,4.1151,1.04764,-0.32423,31.97921,344.0073,321.3656,-0.56356,0.01942,-0.02174,0.56431,475.5161
16.84186,4.08312,1.59718,-0.37525,7.74804,14.67786,0.49661,-0.03813,-0.10011,0.13208,0.17006,14.15364,4.03222,0.90709,-0.32671,81.74657,303.7095,333.7065,0.05286,-0.15024,-0.1496,0.21852,82.76806,4.12243,1.05585,-0.31954,30.01456,352.9255,334.6652,0.23401,0.24567,0.15682,0.37377,396.2815
16.86408,4.08237,1.59488,-0.37269,8.14945,15.03493,0.73745,-0.0338,-0.10462,0.11443,0.15868,23.85749,4.03334,0.90414,-0.32956,82.35643,297.3947,327.1316,0.05412,-0.13756,-0.14045,0.20391,57.38517,4.12896,1.04433,-0.32216,36.56106,352.8692,321.3049,0.17544,-0.26734,-0.03518,0.32169,356.455
16.88631,4.08167,1.59321,-0.3703,8.58625,15.24934,1.17252,-0.03341,-0.08241,0.11332,0.14404,24.51118,4.03645,0.90001,-0.33435,84.96378,282.3208,315.089,0.13077,-0.17739,-0.1956,0.29466,170.7766,4.12749,1.04588,-0.32097,35.95285,349.5763,316.303,0.00045,-0.00859,0.0314,0.03256,194.2328
16.90853,4.08095,1.59167,-0.36771,8.95457,15.497,1.43435,-0.03397,-0.07385,0.11928,0.14434,21.35374,4.03567,0.89646,-0.34311,82.61789,237.2322,273.9329,0.01241,-0.15926,-0.32779,0.36464,229.2166,4.12941,1.04608,-0.32068,35.54332,350.0253,313.5338,0.05893,0.00384,0.01857,0.06191,131.7577
16.94186,4.08016,1.59027,-0.36562,9.00595,15.73538,1.54735,-0.02627,-0.05007,0.077,0.09554,10.37233,4.04084,0.89266,-0.35832,75.61034,208.8802,239.5036,0.11953,-0.1255,-0.42423,0.45827,266.6075,4.12538,1.0378,-0.32191,39.75097,347.1031,310.2109,-0.07613,-0.18533,-0.02314,0.20169,126.8764
16.96408,4.07932,1.58974,-0.36423,9.16091,15.68997,1.7296,-0.03614,-0.03433,0.06943,0.08547,10.20012,4.04728,0.89205,-0.3573,79.4326,207.371,233.6721,0.22724,-0.04879,-0.09358,0.25055,145.8002,4.12395,1.04386,-0.32119,37.99281,349.0024,314.9459,-0.05184,0.19208,0.02861,0.201,127.5733
16.98628,4.07826,1.58894,-0.36326,9.6334,15.61808,1.69729,-0.04487,-0.03624,0.04913,0.07576,18.87109,4.05164,0.89327,-0.35944,80.69449,199.2906,226.9844,0.20497,0.03873,-0.08751,0.22621,89.03531,4.12661,1.05115,-0.31825,34.27131,353.9332,320.733,0.07774,0.26134,0.0912,0.28751,221.2946
17.00851,4.07731,1.58771,-0.36295,10.40324,15.69582,1.39544,-0.04197,-0.05108,0.02668,0.0713,31.08584,4.05399,0.89357,-0.3616,80.63821,195.2614,224.1873,0.12157,0.0171,-0.10561,0.16194,48.67282,4.12603,1.04715,-0.31925,36.96984,352.5221,316.508,-0.00295,-0.06631,-0.0078,0.06683,106.0265
17.03073,4.07659,1.58636,-0.36288,11.30972,15.88665,1.08927,-0.0339,-0.0585,0.00595,0.06788,42.23772,4.0539,0.89335,-0.36532,78.49857,196.9815,224.8071,0.01203,-0.00328,-0.15011,0.15063,83.89915,4.12433,1.04421,-0.31999,38.64818,351.3137,313.812,-0.0656,-0.13021,-0.03019,0.1489,117.0644
17.05297,4.07589,1.58542,-0.36241,11.93697,15.92865,0.83598,-0.0323,-0.04362,0.01818,0.05724,30.37805,4.05558,0.89121,-0.36911,76.07241,189.8566,215.7694,0.07061,-0.07085,-0.16884,0.19625,139.6789,4.12143,1.03938,-0.32188,41.86564,352.1589,317.7071,-0.10583,-0.18592,-0.07197,0.22571,157.169
17.07519,4.07505,1.58532,-0.3614,11.77347,15.82666,0.73634,-0.03666,-0.00723,0.03874,0.05382,7.36985,4.05917,0.8894,-0.37321,73.54634,180.8419,204.1553,0.13586,-0.07614,-0.1772,0.23591,176.9866,4.12034,1.03895,-0.32236,42.7413,353.3122,321.4753,-0.07065,-0.05231,-0.02822,0.09232,117.3138
17.09743,4.0741,1.586,-0.36032,11.1009,15.72989,0.67613,-0.04134,0.02087,0.04582,0.06515,24.47083,4.06541,0.88716,-0.37823,70.16274,171.2764,192.5698,0.24448,-0.09138,-0.22478,0.34445,221.7915,4.12013,1.04117,-0.32199,41.8327,353.238,320.5262,-0.02113,0.05551,0.00379,0.05951,16.7017
17.11967,4.07315,1.58629,-0.35969,10.71319,15.677,0.73733,-0.04197,0.01089,0.03443,0.05536,16.78639,4.07216,0.88737,-0.38914,62.77703,167.3374,185.7811,0.27651,-0.00917,-0.42024,0.50313,320.9515,4.11943,1.04054,-0.32251,42.72345,352.2545,318.2403,-0.03752,-0.02136,-0.02146,0.04821,63.51495
17.1419,4.07227,1.58593,-0.35889,10.65222,15.53067,0.96908,-0.03983,-0.01109,0.03718,0.0556,12.06769,4.07432,0.88816,-0.39744,59.04617,170.4073,185.8736,0.12608,0.01692,-0.36122,0.38297,219.5654,4.11857,1.03836,-0.32355,44.31479,352.692,319.6473,-0.0322,-0.07252,-0.03492,0.08669,70.90401
17.16414,4.07138,1.58478,-0.35799,10.98633,15.29909,1.2645,-0.03986,-0.04421,0.03951,0.07144,19.9824,4.07089,0.88568,-0.39886,62.30083,179.6236,192.4324,-0.07702,-0.07902,-0.14152,0.17946,181.3739,4.11752,1.03927,-0.32275,43.79084,353.4123,323.352,-0.04107,0.02943,0.02418,0.05601,108.5824
17.18637,4.07061,1.5837,-0.35702,11.37249,15.16854,1.31802,-0.03675,-0.0427,0.04293,0.07083,15.7341,4.07048,0.88453,-0.40368,61.95031,183.5946,194.9331,-0.01693,-0.05317,-0.20046,0.20808,111.6625,4.11687,1.04078,-0.32185,42.91768,353.1081,323.365,-0.03417,0.04244,0.0281,0.06131,46.05774
17.2086,4.07073,1.58149,-0.35563,12.35353,15.26478,1.11,-0.0077,-0.07872,0.05793,0.09804,32.60094,4.07206,0.88651,-0.41888,55.87698,180.7991,193.8366,0.05414,0.03961,-0.50667,0.51109,191.9709,4.12001,1.03667,-0.32313,44.61134,352.7801,318.528,0.07696,-0.11904,-0.03582,0.1462,121.9028
17.23083,4.07151,1.579,-0.35358,13.10412,15.23755,0.87809,0.02769,-0.10765,0.08579,0.14041,35.44231,4.0757,0.88635,-0.42839,51.49326,177.4469,189.1538,0.14508,-0.00125,-0.44423,0.46732,217.8105,4.12137,1.03388,-0.32425,45.43784,353.3368,319.1667,0.06037,-0.10893,-0.04042,0.13094,31.43419
17.25306,4.07206,1.57673,-0.35178,13.70193,15.15792,0.73609,0.02438,-0.10196,0.08137,0.13271,29.07669,4.07872,0.88573,-0.43603,48.92907,175.6349,187.0703,0.13483,-0.02039,-0.36676,0.39129,148.5549,4.12109,1.03173,-0.32488,45.50084,352.9395,320.1037,0.00416,-0.10774,-0.03554,0.11353,39.93657
17.27529,4.07335,1.57426,-0.34966,14.0341,15.06202,0.5048,0.04669,-0.10475,0.0902,0.1459,19.82112,4.08075,0.88493,-0.44322,46.92651,175.465,187.7089,0.10131,-0.02905,-0.33792,0.35397,107.3331,4.12199,1.02607,-0.32765,47.01309,351.5605,318.5823,0.03658,-0.21527,-0.10135,0.24073,66.24668
17.29753,4.07542,1.572,-0.34709,14.02562,15.12312,0.31855,0.08435,-0.10284,0.11071,0.17305,9.32745,4.08408,0.88591,-0.45273,43.58383,175.2547,188.6462,0.1443,0.03408,-0.41139,0.43729,145.602,4.12504,1.0227,-0.33026,48.02512,351.399,316.6055,0.12735,-0.16209,-0.12104,0.23904,86.18253
17.31973,4.07753,1.5693,-0.34438,14.13328,15.26808,0.12998,0.09587,-0.12023,0.12139,0.19591,12.07623,4.0864,0.88577,-0.45955,41.99377,176.0988,187.9468,0.11335,0.00128,-0.33099,0.34986,96.61405,4.12462,1.02223,-0.33179,47.18497,349.9328,316.1247,0.01501,-0.06012,-0.08206,0.10283,39.1512
17.34197,4.08014,1.56585,-0.34124,14.08555,15.36945,0.04296,0.11476,-0.14976,0.13752,0.23348,7.52421,4.0893,0.88375,-0.46551,41.53033,176.8986,185.734,0.12627,-0.05816,-0.2899,0.32151,106.9075,4.12513,1.02095,-0.3341,46.81502,348.8854,315.2252,0.03758,-0.07063,-0.1003,0.1283,32.9328
17.3642,4.08314,1.56195,-0.33787,14.15374,15.41047,0.13786,0.12889,-0.16836,0.14683,0.25791,3.8384,4.09276,0.88324,-0.47222,40.03789,177.0515,184.4274,0.14545,-0.02944,-0.30154,0.33608,93.24557,4.12733,1.0167,-0.33747,47.95649,348.1268,313.2022,0.079,-0.15518,-0.13252,0.21882,64.10319
17.38642,4.08668,1.55727,-0.33419,14.51142,15.37803,0.24408,0.14719,-0.19672,0.15866,0.29247,13.21089,4.09643,0.88215,-0.47944,38.11565,176.5059,184.7014,0.15795,-0.04275,-0.31732,0.35703,79.53003,4.12964,1.01222,-0.34147,48.90831,346.9209,311.0726,0.08075,-0.18061,-0.16045,0.25472,64.39228
17.40864,4.09042,1.55177,-0.32984,14.90057,15.37895,0.08472,0.16176,-0.23489,0.18782,0.34149,17.30357,4.10034,0.87897,-0.48482,37.60921,175.7822,184.6634,0.17207,-0.11682,-0.25844,0.33173,44.43813,4.134,1.00846,-0.34427,49.27958,348.7627,312.5252,0.1704,-0.17355,-0.13792,0.2796,41.55845
17.43087,4.09393,1.54682,-0.32575,15.0889,15.50194,359.8702,0.15363,-0.21822,0.17887,0.32128,13.80316,4.10379,0.87689,-0.48976,36.97768,174.7133,184.4615,0.15213,-0.0917,-0.22915,0.28993,51.99669,4.13857,1.0039,-0.34727,50.05935,349.6344,312.252,0.20231,-0.2036,-0.1377,0.31834,58.12947
17.45308,4.09911,1.54082,-0.32085,14.99726,15.45557,0.02304,0.20601,-0.25335,0.20373,0.38488,5.45142,4.10622,0.87658,-0.49351,36.30516,173.4529,185.2701,0.13821,-0.05692,-0.17432,0.22963,79.44622,4.14356,0.99817,-0.35068,51.23761,350.1695,310.9958,0.21625,-0.2449,-0.15081,0.35983,82.60581
17.47529,4.10395,1.53428,-0.31605,14.95975,15.25002,0.04767,0.2148,-0.2848,0.21416,0.41607,7.05389,4.10985,0.87429,-0.49537,36.46338,172.2186,185.5181,0.15825,-0.09641,-0.10308,0.21204,64.08585,4.1458,0.99384,-0.35366,51.18298,348.7207,309.2746,0.11991,-0.19425,-0.12443,0.25999,43.39637
17.49752,4.10844,1.52809,-0.31145,14.86626,15.22656,359.8444,0.21069,-0.28865,0.21377,0.41642,9.20382,4.11392,0.87093,-0.497,37.03458,170.8699,184.8201,0.17754,-0.13738,-0.08432,0.2398,52.61584,4.14875,0.99073,-0.35597,50.42231,348.1296,307.8924,0.12948,-0.16212,-0.11122,0.23541,48.50473
17.51974,4.11473,1.5183,-0.30618,14.77344,15.32685,359.7441,0.26156,-0.40227,0.2253,0.53009,2.12109,4.11872,0.86573,-0.49662,38.07047,168.8648,183.9114,0.20593,-0.21342,-0.00466,0.29661,78.70734,4.15344,0.98294,-0.35964,52.12276,347.8506,306.0699,0.19422,-0.31512,-0.1548,0.40123,88.86606
17.54197,4.12013,1.50935,-0.30156,15.34029,15.27188,359.8325,0.2429,-0.39116,0.21162,0.50674,16.62853,4.12266,0.86108,-0.49728,38.38004,167.4776,184.559,0.18425,-0.20444,-0.03225,0.2771,76.05219,4.15887,0.97821,-0.36129,52.11056,349.047,305.6062,0.23194,-0.22803,-0.09727,0.3395,70.98166
17.5642,4.12597,1.49959,-0.29608,15.65375,15.34856,359.6058,0.25575,-0.42141,0.23782,0.54731,16.11438,4.12585,0.85602,-0.49693,38.77948,166.558,186.7167,0.15272,-0.21916,0.00321,0.26714,111.1537,4.16398,0.97307,-0.3629,52.1507,349.2897,304.0868,0.22075,-0.24234,-0.0879,0.33939,79.79993
17.58641,4.13237,1.4886,-0.28993,15.5694,15.63363,359.1956,0.2809,-0.47954,0.26714,0.61663,20.06682,4.12824,0.8514,-0.49691,40.33786,165.8509,187.6437,0.11579,-0.21049,0.01726,0.24085,95.34203,4.16565,0.96833,-0.36447,51.50919,346.5732,300.5623,0.1219,-0.21015,-0.06972,0.25275,79.28844
17.60862,4.13903,1.47592,-0.28398,15.88499,15.83628,359.3583,0.302,-0.57273,0.27166,0.70216,17.47093,4.13168,0.84525,-0.49453,42.63646,164.2814,185.8212,0.14954,-0.27508,0.10083,0.32893,115.7566,4.16842,0.96334,-0.36563,51.71299,346.2548,301.5802,0.12962,-0.23245,-0.06073,0.27298,42.06016
17.63085,4.14513,1.46496,-0.27856,16.4855,15.93724,359.5102,0.27669,-0.4982,0.24843,0.62167,21.13733,4.13628,0.83916,-0.49146,44.2371,162.2176,183.9062,0.19156,-0.26931,0.12904,0.35478,100.663,4.17302,0.96102,-0.36554,50.62572,347.6751,303.1466,0.20094,-0.12268,-0.00295,0.23545,56.90263
17.65307,4.15232,1.45074,-0.27239,17.25998,15.97596,359.7084,0.3051,-0.58481,0.26844,0.71214,27.22211,4.13988,0.83555,-0.48966,44.89183,160.9875,184.7508,0.16737,-0.18195,0.09214,0.26383,83.63804,4.17632,0.95652,-0.36591,50.39437,346.5026,300.9553,0.15848,-0.18432,-0.01065,0.24332,51.85689
17.67529,4.15941,1.43634,-0.266,17.36377,16.06067,359.461,0.31802,-0.64073,0.28396,0.76962,14.20048,4.14353,0.83242,-0.48764,45.50838,159.8403,185.6943,0.16769,-0.15328,0.09524,0.24634,86.42986,4.17892,0.9526,-0.36533,49.38356,344.9176,298.6135,0.13513,-0.17034,0.02932,0.2194,79.2928
17.69752,4.16669,1.4223,-0.25983,17.54167,16.44252,359.2267,0.32434,-0.63041,0.27795,0.76149,20.95968,4.14818,0.82743,-0.48514,46.35235,157.7907,184.1868,0.1959,-0.2062,0.1045,0.30301,69.91109,4.183,0.94903,-0.36446,48.32838,344.8299,298.009,0.1726,-0.17138,0.02667,0.24469,56.03212
17.71974,4.17057,1.4151,-0.2564,17.71069,16.53421,359.1774,0.18267,-0.3462,0.15943,0.42266,8.79587,4.15208,0.82306,-0.48327,47.23065,156.1733,183.7374,0.18063,-0.19899,0.0895,0.28326,70.78619,4.18657,0.9451,-0.36482,47.71213,344.407,296.9811,0.16381,-0.17541,-0.00551,0.24006,47.06106
17.74196,4.18101,1.39481,-0.24806,17.68614,16.66537,359.2684,0.51536,-0.99949,0.41482,1.1986,6.96031,4.156,0.81536,-0.48165,47.41647,155.3664,183.7447,0.18574,-0.35655,0.07752,0.40944,40.16277,4.19257,0.93785,-0.36352,48.26945,345.5453,297.6515,0.27816,-0.33409,0.06013,0.43887,42.02334
17.7642,4.18813,1.38196,-0.24203,17.01421,16.45234,359.5204,0.3672,-0.68333,0.30493,0.83352,22.14069,4.15906,0.80978,-0.48032,48.12676,155.3539,184.8571,0.15378,-0.27333,0.06506,0.3203,49.3538,4.19638,0.9339,-0.36212,47.22177,345.3285,297.4814,0.20014,-0.22651,0.0553,0.30728,26.00314
17.78641,4.19471,1.36944,-0.23637,16.94647,16.06231,359.6707,0.31244,-0.59004,0.26804,0.71945,20.31556,4.16268,0.80534,-0.47925,48.37835,154.2502,184.2399,0.1634,-0.2173,0.049,0.27626,33.65293,4.20165,0.92748,-0.3615,47.2776,345.7233,296.4799,0.22975,-0.27106,0.03416,0.35697,45.61639
17.80865,4.20073,1.35826,-0.23099,16.40637,15.49389,359.3989,0.28039,-0.52232,0.24796,0.64258,29.49144,4.16743,0.8005,-0.47915,47.58953,152.6148,182.7956,0.20563,-0.22198,0.01164,0.30281,52.90588,4.20584,0.92012,-0.36087,47.46466,345.3863,295.1446,0.18852,-0.3199,0.02911,0.37246,43.29795
17.83087,4.20696,1.34759,-0.22619,15.83149,15.37555,359.1878,0.27698,-0.47178,0.21347,0.58725,31.82164,4.17189,0.79351,-0.47896,47.30809,152.1046,182.2067,0.20462,-0.31146,-0.00245,0.37267,32.14674,4.20954,0.91273,-0.35994,48.19459,345.7605,296.2727,0.1652,-0.34926,0.04408,0.38886,52.86041
17.85308,4.21318,1.33612,-0.22155,15.38547,15.11253,359.415,0.27701,-0.50364,0.20677,0.61085,27.55315,4.17547,0.78771,-0.47896,47.31702,152.3851,182.9301,0.17036,-0.26961,-0.00324,0.31894,16.91562,4.21355,0.90752,-0.3583,47.90985,346.1946,296.899,0.17414,-0.26147,0.0647,0.32074,17.80111
17.87531,4.21855,1.32539,-0.21736,14.87423,14.26789,359.6932,0.24873,-0.48534,0.19074,0.57776,42.69859,4.18011,0.78249,-0.48005,46.41406,152.6283,183.6499,0.20725,-0.24368,-0.04218,0.32267,41.54268,4.21623,0.90324,-0.35574,46.78028,344.8702,295.2866,0.1263,-0.21033,0.10872,0.26835,57.02223
17.89752,4.22504,1.31453,-0.2134,14.40316,14.25927,359.6316,0.28674,-0.48801,0.1816,0.59443,22.99322,4.18583,0.77684,-0.48092,44.96292,151.783,182.7482,0.24505,-0.25236,-0.03942,0.35396,62.98886,4.22175,0.89657,-0.3538,46.9575,345.0937,293.795,0.22462,-0.27924,0.09038,0.36959,64.29281
17.91974,4.23199,1.30286,-0.20991,13.99439,14.4862,359.9715,0.30493,-0.52145,0.15846,0.6245,22.04227,4.19079,0.77178,-0.48215,43.26192,151.6302,183.0066,0.22617,-0.23493,-0.05345,0.33046,74.74319,4.2259,0.88966,-0.35181,47.12947,344.5902,292.3789,0.18181,-0.29779,0.09452,0.36148,44.46657
17.94197,4.2385,1.29008,-0.20701,14.50775,14.41725,0.3798,0.29587,-0.55655,0.14243,0.6462,20.25604,4.19443,0.7667,-0.48338,42.15355,152.7092,184.2288,0.18052,-0.2257,-0.05089,0.29346,59.45504,4.22851,0.88553,-0.34854,46.09824,344.0862,292.8151,0.14309,-0.21701,0.12856,0.28999,36.21924
17.96419,4.2456,1.27857,-0.20364,14.83936,14.65606,0.80141,0.314,-0.526,0.15396,0.63164,20.45336,4.19745,0.76103,-0.48357,41.96614,154.2064,184.2845,0.14801,-0.24988,-0.01646,0.29089,55.86353,4.23298,0.88084,-0.3456,46.03233,345.1337,294.5309,0.19685,-0.21888,0.12657,0.32044,38.18244
17.98641,4.25276,1.26819,-0.19965,14.66848,14.89746,1.011,0.31641,-0.47828,0.17282,0.59895,12.87724,4.20096,0.75034,-0.48306,41.22911,155.2876,184.6516,0.15596,-0.40333,0.00946,0.43254,50.86578,4.23775,0.87573,-0.34328,45.84406,345.6601,294.6876,0.20165,-0.22628,0.10974,0.32234,17.21176
18.00863,4.25859,1.25779,-0.19614,14.76505,14.45539,1.10218,0.27258,-0.47272,0.16012,0.56869,17.15589,4.2042,0.73905,-0.48187,40.7211,156.5889,184.8936,0.1508,-0.43408,0.03626,0.46096,53.19028,4.23964,0.87136,-0.34094,44.86296,343.809,293.2886,0.12552,-0.21027,0.1048,0.26636,45.74739
18.03086,4.26406,1.24662,-0.19308,15.29709,14.26095,0.92848,0.25393,-0.49601,0.14147,0.57491,21.89005,4.20728,0.73447,-0.4798,41.2486,157.6706,183.4751,0.13917,-0.26425,0.08741,0.31119,93.98904,4.24416,0.86692,-0.33909,44.42019,343.4792,292.14,0.19461,-0.19377,0.09068,0.28921,44.64338
18.05306,4.27043,1.23646,-0.18942,15.4125,14.49804,1.08919,0.27658,-0.45972,0.16133,0.56024,9.85399,4.20915,0.73129,-0.47735,41.76089,159.2051,183.5893,0.09013,-0.16492,0.10996,0.21775,73.34897,4.24765,0.86254,-0.33712,43.74123,342.2831,290.4509,0.15547,-0.20137,0.08782,0.26913,60.97085
18.07527,4.27533,1.22798,-0.18514,15.55705,13.73009,1.13255,0.2322,-0.39841,0.1849,0.49683,28.83225,4.21129,0.72748,-0.47511,41.88296,160.4705,184.0359,0.09909,-0.17699,0.09966,0.226,51.13246,4.2529,0.8573,-0.33521,43.86767,342.4955,289.6594,0.21872,-0.22793,0.08687,0.32762,38.67701
18.09749,4.28019,1.22008,-0.18104,16.24536,13.19187,0.84219,0.22381,-0.36528,0.18437,0.46639,34.31172,4.2137,0.72256,-0.47256,42.20364,161.5806,184.469,0.10506,-0.20857,0.11201,0.25901,45.89418,4.2584,0.85173,-0.33391,44.84096,343.1708,289.6577,0.23053,-0.23495,0.06984,0.33649,36.26242
18.1197,4.28565,1.21326,-0.17702,16.73196,13.03822,0.59904,0.23944,-0.32916,0.18077,0.44538,25.24788,4.21528,0.71976,-0.46897,43.36234,162.9189,184.6632,0.08405,-0.15322,0.1448,0.22696,66.14528,4.26045,0.85034,-0.33136,43.33974,342.295,289.9009,0.11813,-0.10337,0.10633,0.1896,57.06093
18.14193,4.29031,1.20694,-0.17325,16.95207,12.42249,0.31814,0.22087,-0.31284,0.17257,0.42004,24.59724,4.21778,0.71693,-0.46437,44.94021,163.3241,183.0901,0.11086,-0.14823,0.18075,0.25872,90.00822,4.26372,0.84672,-0.3297,43.32377,341.793,289.8173,0.15024,-0.15522,0.08194,0.23104,19.50421
18.16415,4.29306,1.20454,-0.17007,16.88146,11.89141,359.5379,0.15377,-0.16386,0.14887,0.26955,27.58795,4.22095,0.71293,-0.46059,45.66432,163.1216,182.7265,0.12782,-0.16629,0.16474,0.2667,39.1646,4.27003,0.84143,-0.32869,45.22578,343.1652,290.189,0.23585,-0.21075,0.05668,0.32133,60.83239
18.18637,4.29713,1.19982,-0.16741,17.53227,12.09559,359.6366,0.1727,-0.19479,0.12048,0.28686,25.57927,4.22307,0.71071,-0.4576,46.25791,163.7547,184.1425,0.10128,-0.10618,0.14297,0.20488,47.81238,4.27328,0.83833,-0.32719,45.65275,342.4908,289.6394,0.15916,-0.14697,0.06484,0.22614,30.30317
18.20859,4.3002,1.1952,-0.16506,18.1053,11.8994,359.974,0.1451,-0.20336,0.11186,0.27372,26.83734,4.22629,0.70928,-0.4537,47.41026,163.2878,183.1635,0.14091,-0.07011,0.16908,0.231,50.94933,4.27735,0.83701,-0.32545,45.66894,342.8546,289.8006,0.18041,-0.06691,0.077,0.20725,10.25419
18.23081,4.30332,1.19059,-0.16217,18.22486,11.43933,0.01787,0.15191,-0.22062,0.12832,0.29701,20.35625,4.22984,0.70722,-0.45017,48.17465,162.826,182.1024,0.14942,-0.09675,0.15981,0.23922,46.53934,4.28002,0.83751,-0.32339,44.92442,342.4624,289.6903,0.1287,0.00709,0.08905,0.15667,28.66066
18.25303,4.30408,1.19013,-0.16002,18.02131,10.8786,359.8819,0.0781,-0.08956,0.10212,0.15668,16.43373,4.23457,0.71015,-0.44691,48.74052,160.3687,180.0984,0.1901,0.06279,0.14655,0.24811,60.72005,4.28301,0.83898,-0.32234,44.53394,342.4898,289.7423,0.13411,0.05565,0.05346,0.15473,19.43885
18.27525,4.30641,1.18869,-0.15823,18.15851,10.80371,359.819,0.09765,-0.06422,0.08744,0.14597,8.66473,4.23814,0.70931,-0.4439,49.62211,159.1018,179.0507,0.16821,-0.01415,0.13765,0.21781,56.77144,4.2862,0.83947,-0.32103,44.4994,343.0886,290.9312,0.14309,0.03284,0.05484,0.15672,34.35148
18.29747,4.30798,1.18918,-0.15617,17.54831,10.35109,359.5861,0.07733,-0.00424,0.09165,0.11999,25.1268,4.24225,0.70957,-0.44221,49.83498,156.7652,177.4808,0.18406,0.00882,0.08628,0.20347,65.8428,4.28744,0.84052,-0.3201,44.12938,342.9387,291.0263,0.06046,0.03988,0.04573,0.08566,23.05989
18.31969,4.30964,1.18825,-0.15441,17.55132,10.25744,359.4465,0.07299,-0.02938,0.07961,0.11193,7.30296,4.24671,0.70839,-0.44062,49.92483,153.8993,174.5528,0.19846,-0.03601,0.08009,0.21702,82.35301,4.28861,0.83985,-0.31943,44.44196,342.8924,291.8694,0.06421,-0.01238,0.03566,0.07448,33.75589
18.34191,4.31124,1.1871,-0.15276,17.79696,10.40666,359.6972,0.06793,-0.04391,0.07457,0.11001,11.26358,4.25069,0.70749,-0.43989,49.67817,151.2794,172.5504,0.18153,-0.03213,0.03716,0.18806,76.48063,4.29089,0.83897,-0.31874,44.78879,343.5969,292.1564,0.08893,-0.0329,0.03178,0.1,19.47181
18.36413,4.31151,1.18597,-0.15137,18.11128,10.09139,359.8929,0.02119,-0.04863,0.06418,0.08326,21.20023,4.25436,0.70938,-0.44184,47.88312,148.7579,172.206,0.17161,0.06395,-0.06466,0.19421,115.9785,4.28953,0.83885,-0.31782,43.99467,341.4202,289.4101,-0.02111,-0.00502,0.04009,0.04559,68.26694
18.38635,4.31153,1.18439,-0.15026,18.52231,9.76651,359.7887,0.0139,-0.06868,0.05661,0.09009,20.11709,4.2579,0.71018,-0.44275,46.76778,146.0953,170.1656,0.16366,0.04472,-0.04162,0.17469,96.26519,4.29003,0.83883,-0.31738,43.93997,340.9616,288.9391,0.01614,-0.00333,0.02228,0.02771,25.22384
18.40858,4.31233,1.18265,-0.14894,18.66863,9.81671,0.04,0.03095,-0.07504,0.06035,0.10114,12.12005,4.25942,0.71074,-0.44527,45.64862,144.5876,170.0396,0.08625,0.0308,-0.09873,0.13467,84.31108,4.29118,0.83882,-0.31709,44.30542,341.2139,289.1287,0.0421,-0.00263,0.0142,0.04451,13.00978
18.4308,4.31243,1.18145,-0.14765,18.51141,9.47804,359.9504,0.00208,-0.05465,0.05537,0.07782,14.28386,4.26052,0.71193,-0.4476,44.57741,143.825,171.3376,0.03349,0.05213,-0.13105,0.14496,106.0638,4.29188,0.83979,-0.31632,43.7444,341.0356,288.4171,0.02989,0.04425,0.02915,0.06084,34.36433
18.45302,4.31182,1.18047,-0.14724,18.76606,8.97924,359.716,-0.01908,-0.04679,0.02633,0.05698,19.85152,4.26037,0.71298,-0.4507,43.61945,143.178,171.9201,0.01431,0.04586,-0.12457,0.13351,70.37959,4.29068,0.83984,-0.31623,43.47421,339.568,287.2694,-0.02037,0.00505,0.00853,0.02265,34.62272
18.47524,4.3119,1.18008,-0.14646,18.83591,9.14941,359.8189,-0.00059,-0.02317,0.03522,0.04216,3.92993,4.25981,0.71313,-0.4535,42.88674,142.6955,172.0396,-0.02238,0.01621,-0.13002,0.13293,50.42381,4.29174,0.83895,-0.3167,44.02739,340.0877,287.3761,0.02433,-0.028,-0.013,0.0393,17.84868
18.49745,4.31149,1.17975,-0.14557,18.6034,8.99411,0.20577,-0.0172,-0.02127,0.03869,0.04738,18.46289,4.25687,0.7135,-0.45763,42.17641,143.843,174.9485,-0.10526,0.01857,-0.16908,0.20003,88.23415,4.29099,0.83926,-0.31667,43.8972,339.694,287.2396,-0.02417,0.00662,-0.00101,0.02508,12.18976
18.51968,4.31031,1.17871,-0.1449,18.51734,8.31246,0.36497,-0.04437,-0.04149,0.03252,0.06891,29.79674,4.25385,0.71426,-0.46057,42.03006,144.7725,176.4153,-0.13295,0.0289,-0.14138,0.19621,54.12551,4.29025,0.8401,-0.31653,43.53379,339.2978,287.4357,-0.02971,0.03342,0.00503,0.045,24.61495
18.54189,4.30949,1.17732,-0.14423,18.46459,7.96684,0.35854,-0.03805,-0.05912,0.03031,0.07656,17.8364,4.25058,0.71503,-0.46324,42.06617,145.8386,177.7021,-0.1499,0.03007,-0.1279,0.19933,47.12622,4.28971,0.84016,-0.31672,43.53855,338.693,287.0549,-0.02848,0.00404,-0.00873,0.03006,20.33401
18.5641,4.30916,1.17526,-0.14361,18.75565,7.92495,0.58322,-0.02042,-0.08717,0.02738,0.09362,15.60346,4.24488,0.71525,-0.46669,42.24749,148.3931,180.7996,-0.23941,0.01513,-0.15084,0.28337,97.74924,4.2906,0.83923,-0.31744,44.1772,338.8813,286.5135,0.02492,-0.0285,-0.02648,0.0462,30.88289
18.58631,4.30858,1.17321,-0.14308,19.01032,7.5418,0.54424,-0.02459,-0.08831,0.02585,0.09525,18.36025,4.2402,0.71625,-0.46915,42.3317,150.6237,183.397,-0.21339,0.03087,-0.12435,0.24889,86.59146,4.29019,0.83847,-0.31828,44.29617,338.312,285.8734,-0.00403,-0.03073,-0.03369,0.04578,18.06762
18.60853,4.30758,1.17138,-0.14247,19.07915,6.88254,0.12218,-0.03808,-0.08337,0.0274,0.09566,25.17381,4.23463,0.71616,-0.47069,43.04651,153.3206,185.1477,-0.24353,0.00036,-0.08452,0.25778,89.58704,4.29026,0.83852,-0.3188,44.40581,338.7434,287.0301,0.00129,-0.00006,-0.02353,0.02357,30.39106
18.63075,4.30782,1.16962,-0.14192,19.40598,6.89874,359.908,0.00572,-0.08027,0.02535,0.08437,14.83539,4.23207,0.7161,-0.47173,43.31598,154.4953,186.1479,-0.11839,-0.0011,-0.04445,0.12646,43.0051,4.2901,0.83881,-0.31899,44.02225,338.7236,287.0177,-0.00522,0.0073,-0.01309,0.01587,14.44848
18.65297,4.30781,1.16825,-0.14133,19.45723,6.69435,0.03835,-0.00126,-0.06642,0.02691,0.07167,10.38597,4.23207,0.7161,-0.47173,43.31598,154.4953,186.1479,-0.0296,-0.00028,-0.01111,0.03162,10.75128,4.28931,0.83668,-0.31987,44.12762,337.2953,284.5944,-0.031,-0.08248,-0.03726,0.09567,62.2729
18.6752,4.30707,1.1674,-0.14065,19.25919,5.99747,359.7222,-0.02555,-0.0458,0.02908,0.05997,24.58825,4.23207,0.7161,-0.47173,43.31598,154.4953,186.1479,-0.0074,-0.00007,-0.00278,0.0079,2.68782,4.28884,0.8355,-0.32004,44.19947,336.9814,284.2288,-0.02495,-0.05621,-0.01103,0.06248,19.33824
18.69742,4.30657,1.16655,-0.14002,19.37625,5.83952,359.2589,-0.02091,-0.04002,0.02948,0.05392,17.02083,4.23207,0.7161,-0.47173,43.31598,154.4953,186.1479,-0.00185,-0.00002,-0.00069,0.00198,0.67195,4.28862,0.83476,-0.31987,44.53354,337.4839,285.319,-0.01377,-0.0338,0.00632,0.03704,29.02367
18.71964,4.30637,1.16569,-0.13908,19.3343,5.89084,359.2275,-0.01054,-0.0372,0.04073,0.05616,4.30083,4.23207,0.7161,-0.47173,43.31598,154.4953,186.1479,-0.00046,0,-0.00017,0.00049,0.16799,4.28817,0.83456,-0.31965,44.17075,337.3854,285.201,-0.0223,-0.01822,0.00811,0.02991,10.54827
18.74186,4.30557,1.16465,-0.13827,19.22681,5.5385,359.5874,-0.03418,-0.04584,0.03699,0.0681,19.77526,4.23207,0.7161,-0.47173,43.31598,154.4953,186.1479,-0.00012,0,-0.00004,0.00012,0.042,4.28762,0.83321,-0.31955,44.19594,336.5432,283.9498,-0.0161,-0.04547,0.00637,0.04866,23.48803
18.76408,4.30477,1.16356,-0.13761,19.51347,5.42044,359.7731,-0.03519,-0.04703,0.03175,0.06677,16.34342,4.23207,0.7161,-0.47173,43.31598,154.4953,186.1479,-0.00003,0,-0.00001,0.00003,0.0105,4.28797,0.83258,-0.31898,44.50887,336.619,284.0058,0.00411,-0.02927,0.02291,0.0374,11.39639
18.7863,4.3043,1.16263,-0.13663,19.57143,5.5056,359.9489,-0.02509,-0.04325,0.04105,0.06469,8.34907,4.23207,0.7161,-0.47173,43.31598,154.4953,186.1479,-0.00001,0,0,0.00001,0.00262,4.288,0.83323,-0.31794,44.33652,337.0094,285.095,0.00233,0.01344,0.04007,0.04233,27.79066
18.80852,4.30332,1.16159,-0.13572,19.34502,5.1222,359.9528,-0.03995,-0.04719,0.04046,0.07389,15.55417,4.23207,0.7161,-0.47173,43.31598,154.4953,186.1479,0,0,0,0,0.00066,4.28784,0.83361,-0.31699,44.16978,336.7963,284.8818,-0.00262,0.01636,0.04251,0.04562,7.51903
18.83074,4.30232,1.16073,-0.13484,19.35368,4.80537,359.707,-0.04332,-0.03991,0.04022,0.07132,12.9278,4.23207,0.7161,-0.47173,43.31598,154.4953,186.1479,0,0,0,0,0.00016,4.28772,0.83459,-0.31579,43.87271,336.7477,284.9094,-0.00787,0.03914,0.05126,0.06498,12.8419
18.85296,4.30198,1.16023,-0.13341,19.38863,5.05945,359.6606,-0.02022,-0.02718,0.06083,0.06962,7.91636,4.23207,0.7161,-0.47173,43.31598,154.4953,186.1479,0,0,0,0,0.00004,4.28706,0.83527,-0.31462,43.69882,336.5323,285.2137,-0.02448,0.03058,0.05309,0.06597,19.0992
18.87519,4.30172,1.15981,-0.13182,19.16293,5.21486,0.01343,-0.01525,-0.02053,0.06815,0.07279,13.98897,4.23207,0.7161,-0.47173,43.31598,154.4953,186.1479,0,0,0,0,0.00001,4.28747,0.8345,-0.31368,44.20093,336.8705,285.2025,0.01397,-0.02137,0.04595,0.05256,20.1397
18.89741,4.30127,1.15918,-0.13086,19.3115,5.35762,0.2879,-0.01762,-0.02596,0.0484,0.05768,12.80139,4.23207,0.7161,-0.47173,43.31598,154.4953,186.1479,0,0,0,0,0,4.28788,0.83305,-0.31282,44.8536,336.8463,284.3369,0.01836,-0.06195,0.03751,0.07471,45.14384
18.91962,4.30081,1.15871,-0.12983,19.5717,5.49987,0.68469,-0.02207,-0.02334,0.04762,0.05744,17.73992,4.23207,0.7161,-0.47173,43.31598,154.4953,186.1479,0,0,0,0,0,4.28686,0.83402,-0.31159,44.21394,336.5864,284.4037,-0.03042,0.01762,0.05025,0.06133,15.19102
18.94184,4.2997,1.15806,-0.12873,19.76332,5.07751,0.81713,-0.0435,-0.02856,0.04815,0.07089,19.81075,4.23207,0.7161,-0.47173,43.31598,154.4953,186.1479,0,0,0,0,0,4.28592,0.83506,-0.31039,43.81954,336.539,284.9793,-0.0278,0.02678,0.04933,0.06263,17.88558
18.96406,4.29917,1.15771,-0.12794,19.98212,4.89794,0.71687,-0.0262,-0.01639,0.03728,0.04842,12.49491,4.23207,0.7161,-0.47173,43.31598,154.4953,186.1479,0,0,0,0,0,4.2867,0.83404,-0.30979,44.63959,336.8299,284.7273,0.01757,-0.02712,0.03371,0.04669,28.2559
18.98628,4.29901,1.15759,-0.1273,20.09493,4.93231,0.72234,-0.01349,-0.00851,0.03183,0.0356,5.95931,4.23207,0.7161,-0.47173,43.31598,154.4953,186.1479,0,0,0,0,0,4.28747,0.83407,-0.30936,44.87445,337.2507,284.6134,0.02378,0.00273,0.0237,0.03368,19.39336
19.0085,4.29871,1.15806,-0.12646,19.8983,4.72125,0.5712,-0.01471,0.00738,0.03709,0.04058,7.39765,4.23207,0.7161,-0.47173,43.31598,154.4953,186.1479,0,0,0,0,0,4.28584,0.83782,-0.30806,42.91491,336.4461,284.4163,-0.03982,0.12493,0.04903,0.13999,63.68026
19.03072,4.29902,1.15855,-0.12577,19.7648,4.99744,0.30708,0.00847,0.01388,0.03088,0.03489,14.53673,4.23207,0.7161,-0.47173,43.31598,154.4953,186.1479,0,0,0,0,0,4.28526,0.83885,-0.30744,42.69933,335.9822,284.1655,-0.02906,0.0616,0.03171,0.07513,24.50799
19.05294,4.29943,1.15885,-0.12533,19.52382,5.28866,0.56745,0.01443,0.01442,0.02284,0.03062,15.01312,4.24639,0.60552,-0.43977,42.2309,143.7712,174.9118,0.3721,-2.30659,0.77622,2.46198,201.0701,4.28661,0.83822,-0.30705,43.50986,336.7792,284.293,0.03372,-0.00865,0.02092,0.04061,29.40126
19.07516,4.29922,1.15908,-0.12498,19.38017,5.22612,0.65173,-0.00397,0.00977,0.01615,0.01929,6.84144,4.24977,0.6201,-0.43535,42.11064,143.21,175.859,0.20401,-0.09831,0.34326,0.41123,66.01234,4.28612,0.83852,-0.30616,43.52125,336.7224,284.5114,-0.01052,0.01224,0.03785,0.04114,9.9362
19.09738,4.29943,1.15889,-0.12464,19.59337,5.57192,0.93914,0.00983,-0.0059,0.0152,0.01904,16.93834,4.25296,0.63587,-0.43022,42.48706,142.567,175.5985,0.16695,0.56339,0.26961,0.64651,32.22944,4.2847,0.84032,-0.30483,42.75407,336.4224,285.1955,-0.06411,0.07417,0.05825,0.11403,51.70948
19.1196,4.29987,1.15868,-0.12376,19.51716,5.87283,1.46902,0.01617,-0.00887,0.03379,0.0385,21.05825,4.2551,0.64887,-0.42577,42.9612,141.9713,175.0187,0.11317,0.58009,0.21836,0.63007,27.87951,4.28355,0.84136,-0.30377,42.18791,336.2249,285.5491,-0.04954,0.04715,0.04891,0.08408,33.03674
19.14182,4.29958,1.15815,-0.12316,19.51488,5.76783,1.71573,-0.00828,-0.02189,0.02776,0.03632,13.24785,4.25691,0.66421,-0.42231,42.797,142.2647,176.4364,0.09261,0.69137,0.17331,0.71875,51.09238,4.28478,0.83893,-0.30377,43.26488,336.503,284.1662,0.03785,-0.07941,0.00895,0.08842,63.17598
19.16405,4.29949,1.15743,-0.12268,19.76997,5.71555,1.62493,-0.00314,-0.03131,0.02281,0.03887,10.41741,4.25755,0.67926,-0.41975,42.61447,143.5901,179.3703,0.03976,0.67935,0.12613,0.69211,85.99287,4.28596,0.83747,-0.3036,44.14427,336.9687,283.8383,0.04159,-0.06179,0.00817,0.07493,47.42682
19.18626,4.29984,1.15694,-0.12201,19.93152,5.89091,1.57414,0.01068,-0.02365,0.02948,0.03927,10.37921,4.25709,0.69325,-0.41662,43.63061,145.2168,180.9785,-0.00343,0.65682,0.1467,0.67301,67.59685,4.28414,0.83994,-0.30235,42.91407,336.4902,284.8386,-0.05339,0.07643,0.04868,0.10517,55.42054
19.20848,4.29971,1.15649,-0.12133,20.10909,5.48795,1.46972,-0.00303,-0.02052,0.03017,0.03661,14.34268,4.25706,0.70713,-0.41355,44.55732,146.6408,181.6621,0.00072,0.64931,0.14277,0.66482,58.41021,4.28381,0.83984,-0.302,42.99717,336.3606,284.6963,-0.01947,0.00549,0.01967,0.02822,6.15387
19.23069,4.29995,1.1563,-0.12089,20.46044,5.41086,1.23301,0.00988,-0.01031,0.02147,0.02578,17.03158,4.25742,0.7208,-0.41249,44.34778,148.6735,184.4479,0.02865,0.65894,0.06355,0.66261,82.18143,4.28425,0.83893,-0.30184,43.43303,336.4034,284.008,0.01061,-0.03339,0.00912,0.0362,29.99826
19.25291,4.30069,1.15662,-0.1208,20.57085,5.69222,1.33706,0.02608,0.00864,0.00894,0.02889,8.76232,4.25249,0.72097,-0.41369,44.46742,151.4762,187.4801,-0.16372,0.16948,-0.01192,0.23595,92.15102,4.28378,0.83852,-0.30193,43.4674,336.3254,284.204,-0.02325,-0.01596,-0.00047,0.0282,10.73881
19.27513,4.30068,1.15725,-0.12054,20.20746,5.46355,1.29851,0.0042,0.02336,0.01118,0.02623,12.41241,4.24807,0.72114,-0.41351,45.49247,154.0607,188.7573,-0.19506,0.04913,0.00859,0.20134,85.36113,4.28253,0.84007,-0.30138,42.66521,336.166,285.0051,-0.04332,0.04539,0.01751,0.06514,37.9171
19.29736,4.30038,1.15785,-0.12054,20.14958,5.1825,0.90426,-0.00678,0.02373,0.00173,0.02474,13.55341,4.24807,0.72114,-0.41351,45.49247,154.0607,188.7573,-0.04877,0.01228,0.00215,0.05033,21.34028,4.28293,0.83963,-0.30172,42.99237,336.0559,284.2281,0.00494,-0.0052,-0.00592,0.0093,17.76666
19.31957,4.30084,1.1581,-0.12051,20.36046,5.3725,0.8256,0.01361,0.01392,0.00166,0.01953,8.5628,4.24807,0.72114,-0.41351,45.49247,154.0607,188.7573,-0.01219,0.00307,0.00054,0.01258,5.33507,4.28332,0.83901,-0.30196,43.25319,336.13,283.6229,0.00998,-0.0208,-0.00916,0.02482,24.57838
19.34179,4.30072,1.15859,-0.12024,20.20355,5.14115,0.84977,-0.00258,0.02114,0.0106,0.02378,8.9691,4.24807,0.72114,-0.41351,45.49247,154.0607,188.7573,-0.00305,0.00077,0.00013,0.00315,1.33377,4.283,0.83833,-0.30215,43.68617,336.4137,284.1746,-0.0071,-0.02478,-0.0067,0.02664,18.92724
19.36402,4.30033,1.15907,-0.11987,20.14223,4.94357,0.37481,-0.01241,0.01877,0.01342,0.0262,16.11762,4.24807,0.72114,-0.41351,45.49247,154.0607,188.7573,-0.00076,0.00019,0.00003,0.00079,0.33344,4.28172,0.83944,-0.30172,43.12761,336.0968,284.3327,-0.04572,0.03503,0.01481,0.05947,23.0654
19.38624,4.30046,1.15893,-0.11977,20.36791,5.11446,0.14986,0.00221,-0.00091,0.0064,0.00683,14.49443,4.24807,0.72114,-0.41351,45.49247,154.0607,188.7573,-0.00019,0.00005,0.00001,0.0002,0.08336,4.28053,0.83938,-0.30157,43.01241,335.6481,283.824,-0.04856,-0.00101,0.00605,0.04894,12.96959
19.40846,4.30043,1.15888,-0.11948,20.36908,5.18402,0.12946,-0.00149,-0.00108,0.01259,0.01273,4.55539,4.24807,0.72114,-0.41351,45.49247,154.0607,188.7573,-0.00005,0.00001,0,0.00005,0.02084,4.28058,0.83868,-0.3014,43.68771,336.1339,284.0329,-0.00731,-0.01755,0.00985,0.02141,23.45724
19.43069,4.30019,1.15896,-0.11916,20.36698,5.21057,-0.00456,-0.00822,0.00212,0.01334,0.01581,6.15127,4.24807,0.72114,-0.41351,45.49247,154.0607,188.7573,-0.00001,0,0,0.00001,0.00521,4.27986,0.8395,-0.30087,43.44991,336.031,283.8774,-0.02825,0.02714,0.02089,0.0444,7.48949
19.45291,4.30023,1.15881,-0.11912,20.40908,5.58038,0.09847,-0.00009,-0.00514,0.00412,0.00659,12.85226,4.24807,0.72114,-0.41351,45.49247,154.0607,188.7573,0,0,0,0,0.0013,4.27822,0.84113,-0.30031,42.59899,335.4638,283.5598,-0.06612,0.06202,0.02388,0.09375,34.22582
19.47514,4.29941,1.15865,-0.11917,20.10945,5.44271,0.25734,-0.03307,-0.00719,-0.0005,0.03384,13.80281,4.24807,0.72114,-0.41351,45.49247,154.0607,188.7573,0,0,0,0,0.00033,4.27814,0.8412,-0.30024,42.78041,335.7575,283.7024,-0.01236,0.00688,0.00457,0.01486,7.97406
19.49737,4.29809,1.15838,-0.11932,19.93018,5.19618,359.9479,-0.05085,-0.01227,-0.00691,0.05277,13.30842,4.24807,0.72114,-0.41351,45.49247,154.0607,188.7573,0,0,0,0,0.00008,4.27836,0.8407,-0.3004,43.11269,336.0197,283.5201,0.00742,-0.01721,-0.006,0.01968,21.45325
